date,store_nbr,item_nbr,actual_units,predicted_units,baseline_predicted_units,residual,absolute_error,best_model_id,best_model_name
2014-09-18,26,100,0,0.0,1.0123283084506753,0.0,0.0,hist_gradient_boosting,Histogram Gradient Boosting
2014-08-26,25,49,0,0.0,1.0123283084506753,0.0,0.0,hist_gradient_boosting,Histogram Gradient Boosting
2014-10-04,28,101,0,0.00026353740154206213,1.0123283084506753,-0.00026353740154206213,0.00026353740154206213,hist_gradient_boosting,Histogram Gradient Boosting
2014-08-18,27,76,0,0.00023841470527673588,1.0123283084506753,-0.00023841470527673588,0.00023841470527673588,hist_gradient_boosting,Histogram Gradient Boosting
2014-09-10,29,90,0,0.0,1.0123283084506753,0.0,0.0,hist_gradient_boosting,Histogram Gradient Boosting
2014-10-22,13,43,0,0.0029542122610503496,1.0123283084506753,-0.0029542122610503496,0.0029542122610503496,hist_gradient_boosting,Histogram Gradient Boosting
2014-08-18,20,81,0,0.00019557496985160103,1.0123283084506753,-0.00019557496985160103,0.00019557496985160103,hist_gradient_boosting,Histogram Gradient Boosting
2014-09-30,45,99,0,3.821085359683278e-05,1.0123283084506753,-3.821085359683278e-05,3.821085359683278e-05,hist_gradient_boosting,Histogram Gradient Boosting
2014-09-08,15,62,0,0.0001749711135625984,1.0123283084506753,-0.0001749711135625984,0.0001749711135625984,hist_gradient_boosting,Histogram Gradient Boosting
2014-10-23,42,85,0,6.07889383444324e-06,1.0123283084506753,-6.07889383444324e-06,6.07889383444324e-06,hist_gradient_boosting,Histogram Gradient Boosting
2014-07-07,44,49,0,0.00016102646304623765,1.0123283084506753,-0.00016102646304623765,0.00016102646304623765,hist_gradient_boosting,Histogram Gradient Boosting
2014-09-18,36,70,0,6.07889383444324e-06,1.0123283084506753,-6.07889383444324e-06,6.07889383444324e-06,hist_gradient_boosting,Histogram Gradient Boosting
2014-09-16,34,48,0,0.0,1.0123283084506753,0.0,0.0,hist_gradient_boosting,Histogram Gradient Boosting
2014-08-03,19,20,0,0.00028995372821347544,1.0123283084506753,-0.00028995372821347544,0.00028995372821347544,hist_gradient_boosting,Histogram Gradient Boosting
2014-09-25,25,88,0,0.0,1.0123283084506753,0.0,0.0,hist_gradient_boosting,Histogram Gradient Boosting
2014-07-03,7,42,0,0.0,1.0123283084506753,0.0,0.0,hist_gradient_boosting,Histogram Gradient Boosting
2014-08-28,25,73,0,0.0,1.0123283084506753,0.0,0.0,hist_gradient_boosting,Histogram Gradient Boosting
2014-08-16,6,88,0,0.00023337665420931659,1.0123283084506753,-0.00023337665420931659,0.00023337665420931659,hist_gradient_boosting,Histogram Gradient Boosting
2014-10-30,36,87,0,0.0,1.0123283084506753,0.0,0.0,hist_gradient_boosting,Histogram Gradient Boosting
2014-09-30,17,29,0,0.0,1.0123283084506753,0.0,0.0,hist_gradient_boosting,Histogram Gradient Boosting
2014-09-18,37,93,0,0.0,1.0123283084506753,0.0,0.0,hist_gradient_boosting,Histogram Gradient Boosting
2014-09-02,2,34,0,0.0,1.0123283084506753,0.0,0.0,hist_gradient_boosting,Histogram Gradient Boosting
2014-10-28,30,66,0,0.0,1.0123283084506753,0.0,0.0,hist_gradient_boosting,Histogram Gradient Boosting
2014-08-28,14,49,0,1.7792624899025665e-05,1.0123283084506753,-1.7792624899025665e-05,1.7792624899025665e-05,hist_gradient_boosting,Histogram Gradient Boosting
2014-07-18,30,96,0,9.471008009551952e-05,1.0123283084506753,-9.471008009551952e-05,9.471008009551952e-05,hist_gradient_boosting,Histogram Gradient Boosting
2014-07-16,21,67,0,0.00020361013687259104,1.0123283084506753,-0.00020361013687259104,0.00020361013687259104,hist_gradient_boosting,Histogram Gradient Boosting
2014-09-13,23,3,0,1.170190196851557e-05,1.0123283084506753,-1.170190196851557e-05,1.170190196851557e-05,hist_gradient_boosting,Histogram Gradient Boosting
2014-10-02,35,58,0,0.0,1.0123283084506753,0.0,0.0,hist_gradient_boosting,Histogram Gradient Boosting
2014-09-25,8,68,0,0.0,1.0123283084506753,0.0,0.0,hist_gradient_boosting,Histogram Gradient Boosting
2014-07-14,31,63,0,0.00017125273015465637,1.0123283084506753,-0.00017125273015465637,0.00017125273015465637,hist_gradient_boosting,Histogram Gradient Boosting
2014-10-02,40,72,0,3.5048048212948944e-06,1.0123283084506753,-3.5048048212948944e-06,3.5048048212948944e-06,hist_gradient_boosting,Histogram Gradient Boosting
2014-08-25,5,60,0,0.0002342288499365678,1.0123283084506753,-0.0002342288499365678,0.0002342288499365678,hist_gradient_boosting,Histogram Gradient Boosting
2014-10-14,44,103,0,0.0,1.0123283084506753,0.0,0.0,hist_gradient_boosting,Histogram Gradient Boosting
2014-07-20,45,21,0,0.0002446771730085187,1.0123283084506753,-0.0002446771730085187,0.0002446771730085187,hist_gradient_boosting,Histogram Gradient Boosting
2014-09-16,23,85,0,0.0,1.0123283084506753,0.0,0.0,hist_gradient_boosting,Histogram Gradient Boosting
2014-10-16,13,13,0,0.0,1.0123283084506753,0.0,0.0,hist_gradient_boosting,Histogram Gradient Boosting
2014-07-08,8,40,0,0.0,1.0123283084506753,0.0,0.0,hist_gradient_boosting,Histogram Gradient Boosting
2014-08-07,5,18,0,0.0,1.0123283084506753,0.0,0.0,hist_gradient_boosting,Histogram Gradient Boosting
2014-09-14,33,88,0,0.0002201412671460175,1.0123283084506753,-0.0002201412671460175,0.0002201412671460175,hist_gradient_boosting,Histogram Gradient Boosting
2014-08-01,35,110,0,0.00044832056931176347,1.0123283084506753,-0.00044832056931176347,0.00044832056931176347,hist_gradient_boosting,Histogram Gradient Boosting
2014-09-26,32,41,0,0.0001389427168832167,1.0123283084506753,-0.0001389427168832167,0.0001389427168832167,hist_gradient_boosting,Histogram Gradient Boosting
2014-07-20,31,43,0,0.0004825313146715542,1.0123283084506753,-0.0004825313146715542,0.0004825313146715542,hist_gradient_boosting,Histogram Gradient Boosting
2014-10-09,20,90,0,0.0,1.0123283084506753,0.0,0.0,hist_gradient_boosting,Histogram Gradient Boosting
2014-09-26,37,62,0,0.00011272641301641633,1.0123283084506753,-0.00011272641301641633,0.00011272641301641633,hist_gradient_boosting,Histogram Gradient Boosting
2014-07-20,13,51,0,0.002023217865273864,1.0123283084506753,-0.002023217865273864,0.002023217865273864,hist_gradient_boosting,Histogram Gradient Boosting
2014-08-07,38,14,0,2.9718245623968948e-05,1.0123283084506753,-2.9718245623968948e-05,2.9718245623968948e-05,hist_gradient_boosting,Histogram Gradient Boosting
2014-07-29,5,44,0,0.0002345967455584611,1.0123283084506753,-0.0002345967455584611,0.0002345967455584611,hist_gradient_boosting,Histogram Gradient Boosting
2014-09-16,28,3,0,0.0,1.0123283084506753,0.0,0.0,hist_gradient_boosting,Histogram Gradient Boosting
2014-10-26,29,94,0,0.0002661121598999148,1.0123283084506753,-0.0002661121598999148,0.0002661121598999148,hist_gradient_boosting,Histogram Gradient Boosting
2014-07-28,5,48,0,0.00020209059197246688,1.0123283084506753,-0.00020209059197246688,0.00020209059197246688,hist_gradient_boosting,Histogram Gradient Boosting
2014-08-29,28,68,0,0.0001389427168832167,1.0123283084506753,-0.0001389427168832167,0.0001389427168832167,hist_gradient_boosting,Histogram Gradient Boosting
2014-07-26,21,49,0,0.00023989252258351228,1.0123283084506753,-0.00023989252258351228,0.00023989252258351228,hist_gradient_boosting,Histogram Gradient Boosting
2014-07-29,45,52,0,0.0,1.0123283084506753,0.0,0.0,hist_gradient_boosting,Histogram Gradient Boosting
2014-10-13,14,18,0,9.224999474883242e-05,1.0123283084506753,-9.224999474883242e-05,9.224999474883242e-05,hist_gradient_boosting,Histogram Gradient Boosting
2014-10-19,13,71,0,0.00017518349237925345,1.0123283084506753,-0.00017518349237925345,0.00017518349237925345,hist_gradient_boosting,Histogram Gradient Boosting
2014-09-15,33,78,0,0.00023841470527673588,1.0123283084506753,-0.00023841470527673588,0.00023841470527673588,hist_gradient_boosting,Histogram Gradient Boosting
2014-08-07,30,110,0,6.515903566873213e-05,1.0123283084506753,-6.515903566873213e-05,6.515903566873213e-05,hist_gradient_boosting,Histogram Gradient Boosting
2014-10-20,35,90,0,0.00020209059197246688,1.0123283084506753,-0.00020209059197246688,0.00020209059197246688,hist_gradient_boosting,Histogram Gradient Boosting
2014-10-30,39,28,0,0.0,1.0123283084506753,0.0,0.0,hist_gradient_boosting,Histogram Gradient Boosting
2014-10-03,4,57,0,0.0,1.0123283084506753,0.0,0.0,hist_gradient_boosting,Histogram Gradient Boosting
2014-10-27,10,2,0,0.0,1.0123283084506753,0.0,0.0,hist_gradient_boosting,Histogram Gradient Boosting
2014-08-31,5,14,0,0.00015716603433765238,1.0123283084506753,-0.00015716603433765238,0.00015716603433765238,hist_gradient_boosting,Histogram Gradient Boosting
2014-09-22,1,17,0,0.00019557496985160103,1.0123283084506753,-0.00019557496985160103,0.00019557496985160103,hist_gradient_boosting,Histogram Gradient Boosting
2014-10-31,21,90,0,0.00010642484935567068,1.0123283084506753,-0.00010642484935567068,0.00010642484935567068,hist_gradient_boosting,Histogram Gradient Boosting
2014-08-25,39,59,0,0.0004205311405613894,1.0123283084506753,-0.0004205311405613894,0.0004205311405613894,hist_gradient_boosting,Histogram Gradient Boosting
2014-09-12,15,111,0,0.0003192914324304781,1.0123283084506753,-0.0003192914324304781,0.0003192914324304781,hist_gradient_boosting,Histogram Gradient Boosting
2014-07-01,34,18,0,0.0002074612044066373,1.0123283084506753,-0.0002074612044066373,0.0002074612044066373,hist_gradient_boosting,Histogram Gradient Boosting
2014-10-31,31,109,0,0.0,1.0123283084506753,0.0,0.0,hist_gradient_boosting,Histogram Gradient Boosting
2014-08-24,26,59,0,0.00023979286906460797,1.0123283084506753,-0.00023979286906460797,0.00023979286906460797,hist_gradient_boosting,Histogram Gradient Boosting
2014-10-30,35,76,0,2.269656900209198e-05,1.0123283084506753,-2.269656900209198e-05,2.269656900209198e-05,hist_gradient_boosting,Histogram Gradient Boosting
2014-07-19,7,107,0,0.00028047691594800797,1.0123283084506753,-0.00028047691594800797,0.00028047691594800797,hist_gradient_boosting,Histogram Gradient Boosting
2014-07-09,14,57,0,0.00023584748225422472,1.0123283084506753,-0.00023584748225422472,0.00023584748225422472,hist_gradient_boosting,Histogram Gradient Boosting
2014-10-01,13,44,0,0.0,1.0123283084506753,0.0,0.0,hist_gradient_boosting,Histogram Gradient Boosting
2014-09-26,9,111,0,3.7969937912340677e-06,1.0123283084506753,-3.7969937912340677e-06,3.7969937912340677e-06,hist_gradient_boosting,Histogram Gradient Boosting
2014-08-09,39,1,0,0.0003811000599298268,1.0123283084506753,-0.0003811000599298268,0.0003811000599298268,hist_gradient_boosting,Histogram Gradient Boosting
2014-09-12,15,39,0,0.0003192914324304781,1.0123283084506753,-0.0003192914324304781,0.0003192914324304781,hist_gradient_boosting,Histogram Gradient Boosting
2014-10-03,30,98,0,3.5004000078504415e-05,1.0123283084506753,-3.5004000078504415e-05,3.5004000078504415e-05,hist_gradient_boosting,Histogram Gradient Boosting
2014-07-23,14,21,0,4.841370470300353e-05,1.0123283084506753,-4.841370470300353e-05,4.841370470300353e-05,hist_gradient_boosting,Histogram Gradient Boosting
2014-08-05,21,76,0,4.633631362029894e-05,1.0123283084506753,-4.633631362029894e-05,4.633631362029894e-05,hist_gradient_boosting,Histogram Gradient Boosting
2014-09-13,39,39,0,0.00021277201921213776,1.0123283084506753,-0.00021277201921213776,0.00021277201921213776,hist_gradient_boosting,Histogram Gradient Boosting
2014-08-12,28,47,0,0.0,1.0123283084506753,0.0,0.0,hist_gradient_boosting,Histogram Gradient Boosting
2014-08-29,32,11,0,0.00010621137304112551,1.0123283084506753,-0.00010621137304112551,0.00010621137304112551,hist_gradient_boosting,Histogram Gradient Boosting
2014-07-22,31,108,0,0.00022274399795519186,1.0123283084506753,-0.00022274399795519186,0.00022274399795519186,hist_gradient_boosting,Histogram Gradient Boosting
2014-09-09,23,44,0,0.0,1.0123283084506753,0.0,0.0,hist_gradient_boosting,Histogram Gradient Boosting
2014-10-07,17,70,0,2.9718245623968948e-05,1.0123283084506753,-2.9718245623968948e-05,2.9718245623968948e-05,hist_gradient_boosting,Histogram Gradient Boosting
2014-07-02,12,102,0,1.766977337152705e-05,1.0123283084506753,-1.766977337152705e-05,1.766977337152705e-05,hist_gradient_boosting,Histogram Gradient Boosting
2014-09-16,14,71,0,0.0,1.0123283084506753,0.0,0.0,hist_gradient_boosting,Histogram Gradient Boosting
2014-08-29,9,109,0,0.0003658550099382053,1.0123283084506753,-0.0003658550099382053,0.0003658550099382053,hist_gradient_boosting,Histogram Gradient Boosting
2014-07-14,30,106,0,0.00020209059197246688,1.0123283084506753,-0.00020209059197246688,0.00020209059197246688,hist_gradient_boosting,Histogram Gradient Boosting
2014-10-03,38,19,0,0.00013006657324411998,1.0123283084506753,-0.00013006657324411998,0.00013006657324411998,hist_gradient_boosting,Histogram Gradient Boosting
2014-09-06,1,35,0,0.00034815356771662753,1.0123283084506753,-0.00034815356771662753,0.00034815356771662753,hist_gradient_boosting,Histogram Gradient Boosting
2014-10-19,15,42,0,0.0002418212486144687,1.0123283084506753,-0.0002418212486144687,0.0002418212486144687,hist_gradient_boosting,Histogram Gradient Boosting
2014-07-15,24,36,0,0.001996933291742493,1.0123283084506753,-0.001996933291742493,0.001996933291742493,hist_gradient_boosting,Histogram Gradient Boosting
2014-09-04,35,11,0,0.0,1.0123283084506753,0.0,0.0,hist_gradient_boosting,Histogram Gradient Boosting
2014-07-09,45,15,0,0.0,1.0123283084506753,0.0,0.0,hist_gradient_boosting,Histogram Gradient Boosting
2014-07-05,26,93,0,0.0,1.0123283084506753,0.0,0.0,hist_gradient_boosting,Histogram Gradient Boosting
2014-10-12,40,6,0,0.00031083382006711117,1.0123283084506753,-0.00031083382006711117,0.00031083382006711117,hist_gradient_boosting,Histogram Gradient Boosting
2014-08-01,4,111,0,1.921134408335567e-05,1.0123283084506753,-1.921134408335567e-05,1.921134408335567e-05,hist_gradient_boosting,Histogram Gradient Boosting
2014-09-29,20,34,0,0.00020209059197246688,1.0123283084506753,-0.00020209059197246688,0.00020209059197246688,hist_gradient_boosting,Histogram Gradient Boosting
2014-10-09,1,102,0,0.0,1.0123283084506753,0.0,0.0,hist_gradient_boosting,Histogram Gradient Boosting
2014-10-06,17,21,0,0.0002942990633873333,1.0123283084506753,-0.0002942990633873333,0.0002942990633873333,hist_gradient_boosting,Histogram Gradient Boosting
2014-10-12,32,48,0,0.00031083382006711117,1.0123283084506753,-0.00031083382006711117,0.00031083382006711117,hist_gradient_boosting,Histogram Gradient Boosting
2014-08-31,37,80,0,0.0003065345901280382,1.0123283084506753,-0.0003065345901280382,0.0003065345901280382,hist_gradient_boosting,Histogram Gradient Boosting
2014-07-24,13,109,0,0.0006483723782469234,1.0123283084506753,-0.0006483723782469234,0.0006483723782469234,hist_gradient_boosting,Histogram Gradient Boosting
2014-10-25,11,111,0,0.00027975773608808556,1.0123283084506753,-0.00027975773608808556,0.00027975773608808556,hist_gradient_boosting,Histogram Gradient Boosting
2014-07-06,32,12,0,0.00033018104445229024,1.0123283084506753,-0.00033018104445229024,0.00033018104445229024,hist_gradient_boosting,Histogram Gradient Boosting
2014-08-22,11,62,0,0.00011272641301641633,1.0123283084506753,-0.00011272641301641633,0.00011272641301641633,hist_gradient_boosting,Histogram Gradient Boosting
2014-07-24,9,69,0,0.0,1.0123283084506753,0.0,0.0,hist_gradient_boosting,Histogram Gradient Boosting
2014-09-14,33,85,0,0.0002463603867158694,1.0123283084506753,-0.0002463603867158694,0.0002463603867158694,hist_gradient_boosting,Histogram Gradient Boosting
2014-08-04,3,102,0,0.2057220253658758,0.023611111752688888,-0.2057220253658758,0.2057220253658758,hist_gradient_boosting,Histogram Gradient Boosting
2014-08-17,38,36,0,0.0,1.0123283084506753,0.0,0.0,hist_gradient_boosting,Histogram Gradient Boosting
2014-10-11,16,53,0,0.00030219203348636284,1.0123283084506753,-0.00030219203348636284,0.00030219203348636284,hist_gradient_boosting,Histogram Gradient Boosting
2014-07-22,9,64,0,0.0,1.0123283084506753,0.0,0.0,hist_gradient_boosting,Histogram Gradient Boosting
2014-08-26,27,61,0,0.0003447853622725587,1.0123283084506753,-0.0003447853622725587,0.0003447853622725587,hist_gradient_boosting,Histogram Gradient Boosting
2014-08-22,39,37,0,7.702537750998232e-05,1.0123283084506753,-7.702537750998232e-05,7.702537750998232e-05,hist_gradient_boosting,Histogram Gradient Boosting
2014-08-26,15,88,0,0.0,1.0123283084506753,0.0,0.0,hist_gradient_boosting,Histogram Gradient Boosting
2014-08-13,4,40,0,0.0,1.0123283084506753,0.0,0.0,hist_gradient_boosting,Histogram Gradient Boosting
2014-08-22,39,1,0,3.804590306338404e-05,1.0123283084506753,-3.804590306338404e-05,3.804590306338404e-05,hist_gradient_boosting,Histogram Gradient Boosting
2014-09-27,3,82,0,0.00024095159216923549,1.0123283084506753,-0.00024095159216923549,0.00024095159216923549,hist_gradient_boosting,Histogram Gradient Boosting
2014-07-12,36,82,0,0.000430444751977179,1.0123283084506753,-0.000430444751977179,0.000430444751977179,hist_gradient_boosting,Histogram Gradient Boosting
2014-10-22,35,16,11,13.336404674331263,18.955555725097657,-2.3364046743312628,2.3364046743312628,hist_gradient_boosting,Histogram Gradient Boosting
2014-09-20,36,4,0,0.0002661121598999148,1.0123283084506753,-0.0002661121598999148,0.0002661121598999148,hist_gradient_boosting,Histogram Gradient Boosting
2014-09-15,17,89,0,0.00013086880670541484,1.0123283084506753,-0.00013086880670541484,0.00013086880670541484,hist_gradient_boosting,Histogram Gradient Boosting
2014-09-29,28,107,0,0.00020209059197246688,1.0123283084506753,-0.00020209059197246688,0.00020209059197246688,hist_gradient_boosting,Histogram Gradient Boosting
2014-10-03,17,3,0,2.3652428924932423e-05,1.0123283084506753,-2.3652428924932423e-05,2.3652428924932423e-05,hist_gradient_boosting,Histogram Gradient Boosting
2014-10-04,40,91,0,0.0003564030485332209,1.0123283084506753,-0.0003564030485332209,0.0003564030485332209,hist_gradient_boosting,Histogram Gradient Boosting
2014-08-05,43,43,0,7.67541927926681e-05,1.0123283084506753,-7.67541927926681e-05,7.67541927926681e-05,hist_gradient_boosting,Histogram Gradient Boosting
2014-08-14,29,49,0,0.0,1.0123283084506753,0.0,0.0,hist_gradient_boosting,Histogram Gradient Boosting
2014-08-09,32,76,0,0.0003157392012022499,1.0123283084506753,-0.0003157392012022499,0.0003157392012022499,hist_gradient_boosting,Histogram Gradient Boosting
2014-08-23,37,36,0,0.0017194501671494854,1.0123283084506753,-0.0017194501671494854,0.0017194501671494854,hist_gradient_boosting,Histogram Gradient Boosting
2014-10-25,25,12,2,0.8616362670002026,0.6594444483518601,1.1383637329997973,1.1383637329997973,hist_gradient_boosting,Histogram Gradient Boosting
2014-07-28,7,14,0,0.00025279588377956575,1.0123283084506753,-0.00025279588377956575,0.00025279588377956575,hist_gradient_boosting,Histogram Gradient Boosting
2014-09-28,30,94,0,0.00018165093808277305,1.0123283084506753,-0.00018165093808277305,0.00018165093808277305,hist_gradient_boosting,Histogram Gradient Boosting
2014-08-16,11,95,0,9.33544186949405e-05,1.0123283084506753,-9.33544186949405e-05,9.33544186949405e-05,hist_gradient_boosting,Histogram Gradient Boosting
2014-08-19,12,76,0,2.269656900209198e-05,1.0123283084506753,-2.269656900209198e-05,2.269656900209198e-05,hist_gradient_boosting,Histogram Gradient Boosting
2014-09-26,2,26,0,0.00016019665065310942,1.0123283084506753,-0.00016019665065310942,0.00016019665065310942,hist_gradient_boosting,Histogram Gradient Boosting
2014-09-09,16,74,0,0.0,1.0123283084506753,0.0,0.0,hist_gradient_boosting,Histogram Gradient Boosting
2014-08-10,4,89,0,0.0002307424330365346,1.0123283084506753,-0.0002307424330365346,0.0002307424330365346,hist_gradient_boosting,Histogram Gradient Boosting
2014-07-24,26,80,0,0.0,1.0123283084506753,0.0,0.0,hist_gradient_boosting,Histogram Gradient Boosting
2014-08-22,18,94,0,0.0001389427168832167,1.0123283084506753,-0.0001389427168832167,0.0001389427168832167,hist_gradient_boosting,Histogram Gradient Boosting
2014-10-30,32,21,0,0.0,1.0123283084506753,0.0,0.0,hist_gradient_boosting,Histogram Gradient Boosting
2014-10-20,29,108,0,0.0004385052871089536,1.0123283084506753,-0.0004385052871089536,0.0004385052871089536,hist_gradient_boosting,Histogram Gradient Boosting
2014-08-03,12,103,0,0.00044470781725846394,1.0123283084506753,-0.00044470781725846394,0.00044470781725846394,hist_gradient_boosting,Histogram Gradient Boosting
2014-10-08,37,16,0,5.969475219786264e-05,1.0123283084506753,-5.969475219786264e-05,5.969475219786264e-05,hist_gradient_boosting,Histogram Gradient Boosting
2014-10-27,11,111,0,0.00022657659551820575,1.0123283084506753,-0.00022657659551820575,0.00022657659551820575,hist_gradient_boosting,Histogram Gradient Boosting
2014-10-23,38,42,0,0.0,1.0123283084506753,0.0,0.0,hist_gradient_boosting,Histogram Gradient Boosting
2014-09-06,36,92,0,0.00010928407330788948,1.0123283084506753,-0.00010928407330788948,0.00010928407330788948,hist_gradient_boosting,Histogram Gradient Boosting
2014-10-14,4,42,0,1.7792624899025665e-05,1.0123283084506753,-1.7792624899025665e-05,1.7792624899025665e-05,hist_gradient_boosting,Histogram Gradient Boosting
2014-10-23,35,78,0,3.68618094021074e-05,1.0123283084506753,-3.68618094021074e-05,3.68618094021074e-05,hist_gradient_boosting,Histogram Gradient Boosting
2014-10-03,37,59,0,0.0,1.0123283084506753,0.0,0.0,hist_gradient_boosting,Histogram Gradient Boosting
2014-07-19,15,76,0,0.0003493790781044685,1.0123283084506753,-0.0003493790781044685,0.0003493790781044685,hist_gradient_boosting,Histogram Gradient Boosting
2014-10-02,17,67,0,0.0,1.0123283084506753,0.0,0.0,hist_gradient_boosting,Histogram Gradient Boosting
2014-10-17,11,7,0,4.80256096342295e-05,1.0123283084506753,-4.80256096342295e-05,4.80256096342295e-05,hist_gradient_boosting,Histogram Gradient Boosting
2014-09-01,10,30,0,0.00011681467212503858,1.0123283084506753,-0.00011681467212503858,0.00011681467212503858,hist_gradient_boosting,Histogram Gradient Boosting
2014-08-28,29,28,0,0.0,1.0123283084506753,0.0,0.0,hist_gradient_boosting,Histogram Gradient Boosting
2014-09-26,15,102,0,0.00011272641301641633,1.0123283084506753,-0.00011272641301641633,0.00011272641301641633,hist_gradient_boosting,Histogram Gradient Boosting
2014-08-27,6,50,0,0.0,1.0123283084506753,0.0,0.0,hist_gradient_boosting,Histogram Gradient Boosting
2014-08-17,7,51,0,0.0002870002087536403,1.0123283084506753,-0.0002870002087536403,0.0002870002087536403,hist_gradient_boosting,Histogram Gradient Boosting
2014-08-01,28,30,0,5.193984060000311e-05,1.0123283084506753,-5.193984060000311e-05,5.193984060000311e-05,hist_gradient_boosting,Histogram Gradient Boosting
2014-10-06,6,1,0,0.00017553038272531902,1.0123283084506753,-0.00017553038272531902,0.00017553038272531902,hist_gradient_boosting,Histogram Gradient Boosting
2014-08-26,10,87,0,3.821085359683278e-05,1.0123283084506753,-3.821085359683278e-05,3.821085359683278e-05,hist_gradient_boosting,Histogram Gradient Boosting
2014-09-18,1,8,0,0.0,1.0123283084506753,0.0,0.0,hist_gradient_boosting,Histogram Gradient Boosting
2014-08-09,10,10,0,0.00010506532273441447,1.0123283084506753,-0.00010506532273441447,0.00010506532273441447,hist_gradient_boosting,Histogram Gradient Boosting
2014-09-23,33,111,0,0.0,1.0123283084506753,0.0,0.0,hist_gradient_boosting,Histogram Gradient Boosting
2014-10-19,30,14,0,0.0002595961207229878,1.0123283084506753,-0.0002595961207229878,0.0002595961207229878,hist_gradient_boosting,Histogram Gradient Boosting
2014-10-11,35,97,0,0.0002848786191348368,1.0123283084506753,-0.0002848786191348368,0.0002848786191348368,hist_gradient_boosting,Histogram Gradient Boosting
2014-08-25,44,20,0,0.0002342288499365678,1.0123283084506753,-0.0002342288499365678,0.0002342288499365678,hist_gradient_boosting,Histogram Gradient Boosting
2014-07-07,39,24,0,0.00018724403301910276,1.0123283084506753,-0.00018724403301910276,0.00018724403301910276,hist_gradient_boosting,Histogram Gradient Boosting
2014-08-10,6,82,0,0.00044461576809713986,1.0123283084506753,-0.00044461576809713986,0.00044461576809713986,hist_gradient_boosting,Histogram Gradient Boosting
2014-10-29,2,56,0,0.0,1.0123283084506753,0.0,0.0,hist_gradient_boosting,Histogram Gradient Boosting
2014-09-04,14,15,0,0.002137951778537554,1.0123283084506753,-0.002137951778537554,0.002137951778537554,hist_gradient_boosting,Histogram Gradient Boosting
2014-10-28,32,63,0,0.0,1.0123283084506753,0.0,0.0,hist_gradient_boosting,Histogram Gradient Boosting
2014-10-17,39,66,0,0.0,1.0123283084506753,0.0,0.0,hist_gradient_boosting,Histogram Gradient Boosting
2014-09-06,40,95,0,0.0007510977293005055,1.0123283084506753,-0.0007510977293005055,0.0007510977293005055,hist_gradient_boosting,Histogram Gradient Boosting
2014-08-17,32,74,0,0.000498001324893964,1.0123283084506753,-0.000498001324893964,0.000498001324893964,hist_gradient_boosting,Histogram Gradient Boosting
2014-08-09,13,15,0,0.0019064928534433154,1.0123283084506753,-0.0019064928534433154,0.0019064928534433154,hist_gradient_boosting,Histogram Gradient Boosting
2014-08-26,9,54,0,0.0,1.0123283084506753,0.0,0.0,hist_gradient_boosting,Histogram Gradient Boosting
2014-08-08,39,8,0,0.00019479886206909017,1.0123283084506753,-0.00019479886206909017,0.00019479886206909017,hist_gradient_boosting,Histogram Gradient Boosting
2014-09-07,14,98,0,0.0,1.0123283084506753,0.0,0.0,hist_gradient_boosting,Histogram Gradient Boosting
2014-08-03,19,100,0,0.00031617467780172904,1.0123283084506753,-0.00031617467780172904,0.00031617467780172904,hist_gradient_boosting,Histogram Gradient Boosting
2014-08-09,15,61,0,1.147081080736781,0.2986111104488373,-1.147081080736781,1.147081080736781,hist_gradient_boosting,Histogram Gradient Boosting
2014-07-29,12,59,0,8.018668354490595e-05,1.0123283084506753,-8.018668354490595e-05,8.018668354490595e-05,hist_gradient_boosting,Histogram Gradient Boosting
2014-07-22,13,32,0,0.0,1.0123283084506753,0.0,0.0,hist_gradient_boosting,Histogram Gradient Boosting
2014-09-16,16,90,0,0.0,1.0123283084506753,0.0,0.0,hist_gradient_boosting,Histogram Gradient Boosting
2014-10-24,30,71,0,0.0001372102288326719,1.0123283084506753,-0.0001372102288326719,0.0001372102288326719,hist_gradient_boosting,Histogram Gradient Boosting
2014-08-28,32,106,0,0.0,1.0123283084506753,0.0,0.0,hist_gradient_boosting,Histogram Gradient Boosting
2014-07-03,28,15,0,0.001142315742876379,1.0123283084506753,-0.001142315742876379,0.001142315742876379,hist_gradient_boosting,Histogram Gradient Boosting
2014-09-13,15,7,0,0.0002794122798237159,1.0123283084506753,-0.0002794122798237159,0.0002794122798237159,hist_gradient_boosting,Histogram Gradient Boosting
2014-09-30,38,105,0,0.0,1.0123283084506753,0.0,0.0,hist_gradient_boosting,Histogram Gradient Boosting
2014-10-20,4,39,0,0.00024002557256892074,1.0123283084506753,-0.00024002557256892074,0.00024002557256892074,hist_gradient_boosting,Histogram Gradient Boosting
2014-10-04,6,4,0,0.0002897576586699272,1.0123283084506753,-0.0002897576586699272,0.0002897576586699272,hist_gradient_boosting,Histogram Gradient Boosting
2014-08-21,11,15,0,0.0015838709267749125,1.0123283084506753,-0.0015838709267749125,0.0015838709267749125,hist_gradient_boosting,Histogram Gradient Boosting
2014-09-30,15,75,0,0.0,1.0123283084506753,0.0,0.0,hist_gradient_boosting,Histogram Gradient Boosting
2014-09-15,28,24,0,0.00022830923837367206,1.0123283084506753,-0.00022830923837367206,0.00022830923837367206,hist_gradient_boosting,Histogram Gradient Boosting
2014-10-02,7,58,0,0.0,1.0123283084506753,0.0,0.0,hist_gradient_boosting,Histogram Gradient Boosting
2014-08-02,35,95,0,0.0,1.0123283084506753,0.0,0.0,hist_gradient_boosting,Histogram Gradient Boosting
2014-09-30,24,74,0,0.0,1.0123283084506753,0.0,0.0,hist_gradient_boosting,Histogram Gradient Boosting
2014-07-15,12,75,0,0.0,1.0123283084506753,0.0,0.0,hist_gradient_boosting,Histogram Gradient Boosting
2014-08-20,38,32,0,0.0,1.0123283084506753,0.0,0.0,hist_gradient_boosting,Histogram Gradient Boosting
2014-09-18,28,103,0,0.0,1.0123283084506753,0.0,0.0,hist_gradient_boosting,Histogram Gradient Boosting
2014-09-20,38,28,0,0.0002643794515604371,1.0123283084506753,-0.0002643794515604371,0.0002643794515604371,hist_gradient_boosting,Histogram Gradient Boosting
2014-07-26,17,64,0,0.0002661121598999148,1.0123283084506753,-0.0002661121598999148,0.0002661121598999148,hist_gradient_boosting,Histogram Gradient Boosting
2014-09-29,2,61,0,0.0,1.0123283084506753,0.0,0.0,hist_gradient_boosting,Histogram Gradient Boosting
2014-10-06,24,110,0,0.00023098712034747788,1.0123283084506753,-0.00023098712034747788,0.00023098712034747788,hist_gradient_boosting,Histogram Gradient Boosting
2014-10-19,39,85,0,0.00022588742012967877,1.0123283084506753,-0.00022588742012967877,0.00022588742012967877,hist_gradient_boosting,Histogram Gradient Boosting
2014-09-02,40,25,0,0.0,1.0123283084506753,0.0,0.0,hist_gradient_boosting,Histogram Gradient Boosting
2014-10-30,16,8,0,0.0,1.0123283084506753,0.0,0.0,hist_gradient_boosting,Histogram Gradient Boosting
2014-08-13,3,78,0,0.0,1.0123283084506753,0.0,0.0,hist_gradient_boosting,Histogram Gradient Boosting
2014-10-07,5,21,0,1.3870281105462413e-05,1.0123283084506753,-1.3870281105462413e-05,1.3870281105462413e-05,hist_gradient_boosting,Histogram Gradient Boosting
2014-07-30,12,31,0,0.0,1.0123283084506753,0.0,0.0,hist_gradient_boosting,Histogram Gradient Boosting
2014-07-24,22,15,0,0.001648671095810893,1.0123283084506753,-0.001648671095810893,0.001648671095810893,hist_gradient_boosting,Histogram Gradient Boosting
2014-08-28,1,27,0,1.7792624899025665e-05,1.0123283084506753,-1.7792624899025665e-05,1.7792624899025665e-05,hist_gradient_boosting,Histogram Gradient Boosting
2014-10-21,9,85,0,0.0,1.0123283084506753,0.0,0.0,hist_gradient_boosting,Histogram Gradient Boosting
2014-08-27,1,92,0,0.0002839494779871425,1.0123283084506753,-0.0002839494779871425,0.0002839494779871425,hist_gradient_boosting,Histogram Gradient Boosting
2014-10-19,37,8,0,4.9833223685822186e-05,1.0123283084506753,-4.9833223685822186e-05,4.9833223685822186e-05,hist_gradient_boosting,Histogram Gradient Boosting
2014-09-25,44,86,0,6.664267143487366e-05,1.0123283084506753,-6.664267143487366e-05,6.664267143487366e-05,hist_gradient_boosting,Histogram Gradient Boosting
2014-10-10,40,72,0,3.486450438952661e-05,1.0123283084506753,-3.486450438952661e-05,3.486450438952661e-05,hist_gradient_boosting,Histogram Gradient Boosting
2014-10-07,32,48,0,3.5048048212948944e-06,1.0123283084506753,-3.5048048212948944e-06,3.5048048212948944e-06,hist_gradient_boosting,Histogram Gradient Boosting
2014-10-15,13,60,0,0.0,1.0123283084506753,0.0,0.0,hist_gradient_boosting,Histogram Gradient Boosting
2014-07-19,32,46,0,0.0003065345901280382,1.0123283084506753,-0.0003065345901280382,0.0003065345901280382,hist_gradient_boosting,Histogram Gradient Boosting
2014-08-27,15,93,0,0.002807211856070022,1.0123283084506753,-0.002807211856070022,0.002807211856070022,hist_gradient_boosting,Histogram Gradient Boosting
2014-07-26,32,16,0,0.003015880258817489,1.0123283084506753,-0.003015880258817489,0.003015880258817489,hist_gradient_boosting,Histogram Gradient Boosting
2014-09-24,3,27,0,0.0,1.0123283084506753,0.0,0.0,hist_gradient_boosting,Histogram Gradient Boosting
2014-09-16,35,53,0,0.0,1.0123283084506753,0.0,0.0,hist_gradient_boosting,Histogram Gradient Boosting
2014-09-24,40,18,0,0.0,1.0123283084506753,0.0,0.0,hist_gradient_boosting,Histogram Gradient Boosting
2014-07-07,12,4,0,0.00018072850761325962,1.0123283084506753,-0.00018072850761325962,0.00018072850761325962,hist_gradient_boosting,Histogram Gradient Boosting
2014-07-29,17,57,0,8.973578737603932e-06,1.0123283084506753,-8.973578737603932e-06,8.973578737603932e-06,hist_gradient_boosting,Histogram Gradient Boosting
2014-07-26,19,106,0,0.00026630822480864385,1.0123283084506753,-0.00026630822480864385,0.00026630822480864385,hist_gradient_boosting,Histogram Gradient Boosting
2014-08-15,12,12,0,4.80256096342295e-05,1.0123283084506753,-4.80256096342295e-05,4.80256096342295e-05,hist_gradient_boosting,Histogram Gradient Boosting
2014-08-03,33,69,0,0.0002233127653132574,1.0123283084506753,-0.0002233127653132574,0.0002233127653132574,hist_gradient_boosting,Histogram Gradient Boosting
2014-07-30,28,25,0,0.00011913212491000863,1.0123283084506753,-0.00011913212491000863,0.00011913212491000863,hist_gradient_boosting,Histogram Gradient Boosting
2014-08-02,44,4,0,0.00021852963085943505,1.0123283084506753,-0.00021852963085943505,0.00021852963085943505,hist_gradient_boosting,Histogram Gradient Boosting
2014-10-31,42,25,0,0.0,1.0123283084506753,0.0,0.0,hist_gradient_boosting,Histogram Gradient Boosting
2014-07-11,1,52,0,0.0,1.0123283084506753,0.0,0.0,hist_gradient_boosting,Histogram Gradient Boosting
2014-07-26,38,12,0,0.00023989252258351228,1.0123283084506753,-0.00023989252258351228,0.00023989252258351228,hist_gradient_boosting,Histogram Gradient Boosting
2014-09-12,27,43,0,0.0,1.0123283084506753,0.0,0.0,hist_gradient_boosting,Histogram Gradient Boosting
2014-08-04,4,15,0,0.003715044063185071,1.0123283084506753,-0.003715044063185071,0.003715044063185071,hist_gradient_boosting,Histogram Gradient Boosting
2014-07-26,12,14,0,0.0003327559743562107,1.0123283084506753,-0.0003327559743562107,0.0003327559743562107,hist_gradient_boosting,Histogram Gradient Boosting
2014-07-25,37,43,0,0.0017694588528063984,1.0123283084506753,-0.0017694588528063984,0.0017694588528063984,hist_gradient_boosting,Histogram Gradient Boosting
2014-10-21,5,9,0,0.0,1.0123283084506753,0.0,0.0,hist_gradient_boosting,Histogram Gradient Boosting
2014-10-19,30,4,0,0.0002595961207229878,1.0123283084506753,-0.0002595961207229878,0.0002595961207229878,hist_gradient_boosting,Histogram Gradient Boosting
2014-10-31,23,12,0,7.614598069517354e-05,1.0123283084506753,-7.614598069517354e-05,7.614598069517354e-05,hist_gradient_boosting,Histogram Gradient Boosting
2014-07-04,21,82,0,2.656682158940161e-05,1.0123283084506753,-2.656682158940161e-05,2.656682158940161e-05,hist_gradient_boosting,Histogram Gradient Boosting
2014-09-24,27,17,0,0.0,1.0123283084506753,0.0,0.0,hist_gradient_boosting,Histogram Gradient Boosting
2014-08-31,35,13,0,0.0003982453223657862,1.0123283084506753,-0.0003982453223657862,0.0003982453223657862,hist_gradient_boosting,Histogram Gradient Boosting
2014-07-17,29,85,0,9.819153007831167e-05,1.0123283084506753,-9.819153007831167e-05,9.819153007831167e-05,hist_gradient_boosting,Histogram Gradient Boosting
2014-08-21,11,70,0,0.0,1.0123283084506753,0.0,0.0,hist_gradient_boosting,Histogram Gradient Boosting
2014-10-05,36,106,0,0.00026353740154206213,1.0123283084506753,-0.00026353740154206213,0.00026353740154206213,hist_gradient_boosting,Histogram Gradient Boosting
2014-08-19,35,92,0,7.413714812438897e-07,1.0123283084506753,-7.413714812438897e-07,7.413714812438897e-07,hist_gradient_boosting,Histogram Gradient Boosting
2014-08-18,39,24,0,0.00025279588377956575,1.0123283084506753,-0.00025279588377956575,0.00025279588377956575,hist_gradient_boosting,Histogram Gradient Boosting
2014-10-31,9,72,0,7.614598069517354e-05,1.0123283084506753,-7.614598069517354e-05,7.614598069517354e-05,hist_gradient_boosting,Histogram Gradient Boosting
2014-08-24,22,30,0,0.00027376471678594187,1.0123283084506753,-0.00027376471678594187,0.00027376471678594187,hist_gradient_boosting,Histogram Gradient Boosting
2014-08-17,1,94,0,0.0003327559743562107,1.0123283084506753,-0.0003327559743562107,0.0003327559743562107,hist_gradient_boosting,Histogram Gradient Boosting
2014-08-13,6,25,0,0.0002568277800555265,1.0123283084506753,-0.0002568277800555265,0.0002568277800555265,hist_gradient_boosting,Histogram Gradient Boosting
2014-10-20,43,59,0,0.0004205311405613894,1.0123283084506753,-0.0004205311405613894,0.0004205311405613894,hist_gradient_boosting,Histogram Gradient Boosting
2014-10-12,4,3,0,0.00022454026253015594,1.0123283084506753,-0.00022454026253015594,0.00022454026253015594,hist_gradient_boosting,Histogram Gradient Boosting
2014-07-03,22,41,0,2.320374638925122e-05,1.0123283084506753,-2.320374638925122e-05,2.320374638925122e-05,hist_gradient_boosting,Histogram Gradient Boosting
2014-08-23,44,11,0,0.00023989252258351228,1.0123283084506753,-0.00023989252258351228,0.00023989252258351228,hist_gradient_boosting,Histogram Gradient Boosting
2014-10-22,3,70,0,2.4045594087986417e-05,1.0123283084506753,-2.4045594087986417e-05,2.4045594087986417e-05,hist_gradient_boosting,Histogram Gradient Boosting
2014-08-05,44,73,0,4.1432253591877504e-05,1.0123283084506753,-4.1432253591877504e-05,4.1432253591877504e-05,hist_gradient_boosting,Histogram Gradient Boosting
2014-09-23,9,1,0,0.0,1.0123283084506753,0.0,0.0,hist_gradient_boosting,Histogram Gradient Boosting
2014-08-08,5,62,0,2.0910308542126664e-05,1.0123283084506753,-2.0910308542126664e-05,2.0910308542126664e-05,hist_gradient_boosting,Histogram Gradient Boosting
2014-08-19,28,99,0,6.07889383444324e-06,1.0123283084506753,-6.07889383444324e-06,6.07889383444324e-06,hist_gradient_boosting,Histogram Gradient Boosting
2014-08-18,31,55,0,0.00020209059197246688,1.0123283084506753,-0.00020209059197246688,0.00020209059197246688,hist_gradient_boosting,Histogram Gradient Boosting
2014-10-27,43,9,0,0.0007187104823681499,1.0123283084506753,-0.0007187104823681499,0.0007187104823681499,hist_gradient_boosting,Histogram Gradient Boosting
2014-08-27,31,31,0,0.0,1.0123283084506753,0.0,0.0,hist_gradient_boosting,Histogram Gradient Boosting
2014-09-19,9,62,0,7.250784150648426e-05,1.0123283084506753,-7.250784150648426e-05,7.250784150648426e-05,hist_gradient_boosting,Histogram Gradient Boosting
2014-10-04,19,14,0,0.0003096583125022593,1.0123283084506753,-0.0003096583125022593,0.0003096583125022593,hist_gradient_boosting,Histogram Gradient Boosting
2014-10-03,43,67,0,0.0,1.0123283084506753,0.0,0.0,hist_gradient_boosting,Histogram Gradient Boosting
2014-08-30,3,61,0,0.0005897296113051951,1.0123283084506753,-0.0005897296113051951,0.0005897296113051951,hist_gradient_boosting,Histogram Gradient Boosting
2014-10-31,37,61,0,0.0,1.0123283084506753,0.0,0.0,hist_gradient_boosting,Histogram Gradient Boosting
2014-10-25,2,24,0,0.00029059973076125316,1.0123283084506753,-0.00029059973076125316,0.00029059973076125316,hist_gradient_boosting,Histogram Gradient Boosting
2014-07-01,28,107,0,0.0,1.0123283084506753,0.0,0.0,hist_gradient_boosting,Histogram Gradient Boosting
2014-08-29,41,32,0,4.80256096342295e-05,1.0123283084506753,-4.80256096342295e-05,4.80256096342295e-05,hist_gradient_boosting,Histogram Gradient Boosting
2014-08-19,1,59,0,0.0,1.0123283084506753,0.0,0.0,hist_gradient_boosting,Histogram Gradient Boosting
2014-10-21,25,60,0,0.0,1.0123283084506753,0.0,0.0,hist_gradient_boosting,Histogram Gradient Boosting
2014-09-28,30,105,0,0.00018255039143579303,1.0123283084506753,-0.00018255039143579303,0.00018255039143579303,hist_gradient_boosting,Histogram Gradient Boosting
2014-09-11,20,54,0,0.0,1.0123283084506753,0.0,0.0,hist_gradient_boosting,Histogram Gradient Boosting
2014-07-19,24,3,0,0.000534940253944483,1.0123283084506753,-0.000534940253944483,0.000534940253944483,hist_gradient_boosting,Histogram Gradient Boosting
2014-08-26,15,72,0,0.0,1.0123283084506753,0.0,0.0,hist_gradient_boosting,Histogram Gradient Boosting
2014-10-20,40,38,0,0.00022830923837367206,1.0123283084506753,-0.00022830923837367206,0.00022830923837367206,hist_gradient_boosting,Histogram Gradient Boosting
2014-07-05,4,3,0,9.252205988354052e-05,1.0123283084506753,-9.252205988354052e-05,9.252205988354052e-05,hist_gradient_boosting,Histogram Gradient Boosting
2014-09-13,17,1,0,0.00012598621988214233,1.0123283084506753,-0.00012598621988214233,0.00012598621988214233,hist_gradient_boosting,Histogram Gradient Boosting
2014-07-06,7,50,0,0.0003546701837875891,1.0123283084506753,-0.0003546701837875891,0.0003546701837875891,hist_gradient_boosting,Histogram Gradient Boosting
2014-08-31,37,1,0,0.0005151131634642799,1.0123283084506753,-0.0005151131634642799,0.0005151131634642799,hist_gradient_boosting,Histogram Gradient Boosting
2014-08-04,8,35,0,0.00016102646304623765,1.0123283084506753,-0.00016102646304623765,0.00016102646304623765,hist_gradient_boosting,Histogram Gradient Boosting
2014-08-28,8,50,0,0.0,1.0123283084506753,0.0,0.0,hist_gradient_boosting,Histogram Gradient Boosting
2014-07-04,44,53,0,0.00013636828586884028,1.0123283084506753,-0.00013636828586884028,0.00013636828586884028,hist_gradient_boosting,Histogram Gradient Boosting
2014-07-26,30,30,0,0.0002661121598999148,1.0123283084506753,-0.0002661121598999148,0.0002661121598999148,hist_gradient_boosting,Histogram Gradient Boosting
2014-10-25,23,110,0,0.0004947047035109701,1.0123283084506753,-0.0004947047035109701,0.0004947047035109701,hist_gradient_boosting,Histogram Gradient Boosting
2014-08-07,37,16,0,0.0006181795766421106,1.0123283084506753,-0.0006181795766421106,0.0006181795766421106,hist_gradient_boosting,Histogram Gradient Boosting
2014-08-17,13,82,0,0.00045757115748682646,1.0123283084506753,-0.00045757115748682646,0.00045757115748682646,hist_gradient_boosting,Histogram Gradient Boosting
2014-10-31,32,91,0,9.471008009551952e-05,1.0123283084506753,-9.471008009551952e-05,9.471008009551952e-05,hist_gradient_boosting,Histogram Gradient Boosting
2014-08-22,11,76,0,0.00015556259992529695,1.0123283084506753,-0.00015556259992529695,0.00015556259992529695,hist_gradient_boosting,Histogram Gradient Boosting
2014-10-19,18,13,0,3.986932782910814e-05,1.0123283084506753,-3.986932782910814e-05,3.986932782910814e-05,hist_gradient_boosting,Histogram Gradient Boosting
2014-08-23,1,6,0,0.00017604720912131432,1.0123283084506753,-0.00017604720912131432,0.00017604720912131432,hist_gradient_boosting,Histogram Gradient Boosting
2014-07-30,14,82,0,0.0001327818320434343,1.0123283084506753,-0.0001327818320434343,0.0001327818320434343,hist_gradient_boosting,Histogram Gradient Boosting
2014-08-17,40,20,0,0.0003065345901280382,1.0123283084506753,-0.0003065345901280382,0.0003065345901280382,hist_gradient_boosting,Histogram Gradient Boosting
2014-07-31,10,8,0,3.085926743774e-05,1.0123283084506753,-3.085926743774e-05,3.085926743774e-05,hist_gradient_boosting,Histogram Gradient Boosting
2014-08-22,17,56,0,0.0006106947418039061,1.0123283084506753,-0.0006106947418039061,0.0006106947418039061,hist_gradient_boosting,Histogram Gradient Boosting
2014-09-09,39,9,11,3.8717843858701686,3.492222261428833,7.128215614129831,7.128215614129831,hist_gradient_boosting,Histogram Gradient Boosting
2014-08-26,44,75,0,1.1997190180298058e-05,1.0123283084506753,-1.1997190180298058e-05,1.1997190180298058e-05,hist_gradient_boosting,Histogram Gradient Boosting
2014-07-15,40,53,0,0.0,1.0123283084506753,0.0,0.0,hist_gradient_boosting,Histogram Gradient Boosting
2014-10-05,10,21,0,0.0001290524187015654,1.0123283084506753,-0.0001290524187015654,0.0001290524187015654,hist_gradient_boosting,Histogram Gradient Boosting
2014-10-17,41,102,0,8.595474695943785e-05,1.0123283084506753,-8.595474695943785e-05,8.595474695943785e-05,hist_gradient_boosting,Histogram Gradient Boosting
2014-08-31,37,26,0,0.0006169579540304551,1.0123283084506753,-0.0006169579540304551,0.0006169579540304551,hist_gradient_boosting,Histogram Gradient Boosting
2014-07-06,12,28,0,0.0002654661731665746,1.0123283084506753,-0.0002654661731665746,0.0002654661731665746,hist_gradient_boosting,Histogram Gradient Boosting
2014-10-21,35,36,0,0.002432279544997234,1.0123283084506753,-0.002432279544997234,0.002432279544997234,hist_gradient_boosting,Histogram Gradient Boosting
2014-08-30,36,97,0,0.000534940253944483,1.0123283084506753,-0.000534940253944483,0.000534940253944483,hist_gradient_boosting,Histogram Gradient Boosting
2014-10-17,6,44,0,0.0010764358384736702,1.0123283084506753,-0.0010764358384736702,0.0010764358384736702,hist_gradient_boosting,Histogram Gradient Boosting
2014-09-23,36,47,0,0.0,1.0123283084506753,0.0,0.0,hist_gradient_boosting,Histogram Gradient Boosting
2014-10-21,39,36,6,4.269360705246482,4.1469444036483765,1.7306392947535176,1.7306392947535176,hist_gradient_boosting,Histogram Gradient Boosting
2014-10-25,27,13,0,0.0003714660133534766,1.0123283084506753,-0.0003714660133534766,0.0003714660133534766,hist_gradient_boosting,Histogram Gradient Boosting
2014-10-24,10,54,0,8.840618798791088e-05,1.0123283084506753,-8.840618798791088e-05,8.840618798791088e-05,hist_gradient_boosting,Histogram Gradient Boosting
2014-08-10,39,98,0,0.0001725494244643637,1.0123283084506753,-0.0001725494244643637,0.0001725494244643637,hist_gradient_boosting,Histogram Gradient Boosting
2014-09-26,23,10,0,7.886108561933474e-05,1.0123283084506753,-7.886108561933474e-05,7.886108561933474e-05,hist_gradient_boosting,Histogram Gradient Boosting
2014-10-24,21,42,0,0.00011272641301641633,1.0123283084506753,-0.00011272641301641633,0.00011272641301641633,hist_gradient_boosting,Histogram Gradient Boosting
2014-07-10,12,90,0,0.0,1.0123283084506753,0.0,0.0,hist_gradient_boosting,Histogram Gradient Boosting
2014-07-09,16,62,0,0.0,1.0123283084506753,0.0,0.0,hist_gradient_boosting,Histogram Gradient Boosting
2014-10-29,15,90,0,0.0,1.0123283084506753,0.0,0.0,hist_gradient_boosting,Histogram Gradient Boosting
2014-09-18,33,22,0,2.4045594087986417e-05,1.0123283084506753,-2.4045594087986417e-05,2.4045594087986417e-05,hist_gradient_boosting,Histogram Gradient Boosting
2014-10-19,12,18,0,0.0003469256067225586,1.0123283084506753,-0.0003469256067225586,0.0003469256067225586,hist_gradient_boosting,Histogram Gradient Boosting
2014-07-18,25,76,0,0.00015556259992529695,1.0123283084506753,-0.00015556259992529695,0.00015556259992529695,hist_gradient_boosting,Histogram Gradient Boosting
2014-07-21,6,93,0,0.0029196822108590106,1.0123283084506753,-0.0029196822108590106,0.0029196822108590106,hist_gradient_boosting,Histogram Gradient Boosting
2014-07-25,7,42,0,0.00011272641301641633,1.0123283084506753,-0.00011272641301641633,0.00011272641301641633,hist_gradient_boosting,Histogram Gradient Boosting
2014-09-25,43,54,0,4.400644023331287e-05,1.0123283084506753,-4.400644023331287e-05,4.400644023331287e-05,hist_gradient_boosting,Histogram Gradient Boosting
2014-07-01,31,78,0,0.0,1.0123283084506753,0.0,0.0,hist_gradient_boosting,Histogram Gradient Boosting
2014-07-27,24,53,0,0.0002713128214021343,1.0123283084506753,-0.0002713128214021343,0.0002713128214021343,hist_gradient_boosting,Histogram Gradient Boosting
2014-08-26,3,68,0,6.07889383444324e-06,1.0123283084506753,-6.07889383444324e-06,6.07889383444324e-06,hist_gradient_boosting,Histogram Gradient Boosting
2014-10-20,39,64,0,0.000202253601939731,1.0123283084506753,-0.000202253601939731,0.000202253601939731,hist_gradient_boosting,Histogram Gradient Boosting
2014-07-01,17,44,0,0.0,1.0123283084506753,0.0,0.0,hist_gradient_boosting,Histogram Gradient Boosting
2014-10-10,44,58,0,4.529224246229362e-05,1.0123283084506753,-4.529224246229362e-05,4.529224246229362e-05,hist_gradient_boosting,Histogram Gradient Boosting
2014-07-29,45,40,0,6.07889383444324e-06,1.0123283084506753,-6.07889383444324e-06,6.07889383444324e-06,hist_gradient_boosting,Histogram Gradient Boosting
2014-07-30,10,110,0,6.528189303025608e-05,1.0123283084506753,-6.528189303025608e-05,6.528189303025608e-05,hist_gradient_boosting,Histogram Gradient Boosting
2014-07-26,27,90,0,0.0003065345901280382,1.0123283084506753,-0.0003065345901280382,0.0003065345901280382,hist_gradient_boosting,Histogram Gradient Boosting
2014-07-21,33,97,0,0.000497127172634539,1.0123283084506753,-0.000497127172634539,0.000497127172634539,hist_gradient_boosting,Histogram Gradient Boosting
2014-09-10,14,79,0,0.0,1.0123283084506753,0.0,0.0,hist_gradient_boosting,Histogram Gradient Boosting
2014-08-09,33,4,0,0.00023247508310827452,1.0123283084506753,-0.00023247508310827452,0.00023247508310827452,hist_gradient_boosting,Histogram Gradient Boosting
2014-07-26,17,92,0,0.0005440549992089234,1.0123283084506753,-0.0005440549992089234,0.0005440549992089234,hist_gradient_boosting,Histogram Gradient Boosting
2014-09-29,28,90,0,0.00020209059197246688,1.0123283084506753,-0.00020209059197246688,0.00020209059197246688,hist_gradient_boosting,Histogram Gradient Boosting
2014-09-26,37,66,0,6.377447945540546e-05,1.0123283084506753,-6.377447945540546e-05,6.377447945540546e-05,hist_gradient_boosting,Histogram Gradient Boosting
2014-10-15,7,49,0,0.0,1.0123283084506753,0.0,0.0,hist_gradient_boosting,Histogram Gradient Boosting
2014-08-09,17,73,0,0.00022793268936856917,1.0123283084506753,-0.00022793268936856917,0.00022793268936856917,hist_gradient_boosting,Histogram Gradient Boosting
2014-09-04,16,81,0,0.0,1.0123283084506753,0.0,0.0,hist_gradient_boosting,Histogram Gradient Boosting
2014-08-17,8,87,0,0.0002661121598999148,1.0123283084506753,-0.0002661121598999148,0.0002661121598999148,hist_gradient_boosting,Histogram Gradient Boosting
2014-07-23,26,69,0,0.0,1.0123283084506753,0.0,0.0,hist_gradient_boosting,Histogram Gradient Boosting
2014-09-06,25,42,0,0.00021929925436856075,1.0123283084506753,-0.00021929925436856075,0.00021929925436856075,hist_gradient_boosting,Histogram Gradient Boosting
2014-09-27,36,102,0,0.00023989252258351228,1.0123283084506753,-0.00023989252258351228,0.00023989252258351228,hist_gradient_boosting,Histogram Gradient Boosting
2014-10-29,26,79,0,0.0,1.0123283084506753,0.0,0.0,hist_gradient_boosting,Histogram Gradient Boosting
2014-08-05,43,83,0,6.76466886000002e-05,1.0123283084506753,-6.76466886000002e-05,6.76466886000002e-05,hist_gradient_boosting,Histogram Gradient Boosting
2014-07-01,26,88,0,0.00018124310448789586,1.0123283084506753,-0.00018124310448789586,0.00018124310448789586,hist_gradient_boosting,Histogram Gradient Boosting
2014-10-29,12,64,0,0.0,1.0123283084506753,0.0,0.0,hist_gradient_boosting,Histogram Gradient Boosting
2014-10-20,20,85,0,0.00022830923837367206,1.0123283084506753,-0.00022830923837367206,0.00022830923837367206,hist_gradient_boosting,Histogram Gradient Boosting
2014-07-13,39,84,0,0.0001480647435284544,1.0123283084506753,-0.0001480647435284544,0.0001480647435284544,hist_gradient_boosting,Histogram Gradient Boosting
2014-10-28,41,105,0,0.0,1.0123283084506753,0.0,0.0,hist_gradient_boosting,Histogram Gradient Boosting
2014-08-03,13,51,0,0.0001518718020915661,1.0123283084506753,-0.0001518718020915661,0.0001518718020915661,hist_gradient_boosting,Histogram Gradient Boosting
2014-10-27,36,5,0,0.0,1.0123283084506753,0.0,0.0,hist_gradient_boosting,Histogram Gradient Boosting
2014-09-23,33,45,0,0.00023642466127255676,1.0123283084506753,-0.00023642466127255676,0.00023642466127255676,hist_gradient_boosting,Histogram Gradient Boosting
2014-08-17,38,17,0,0.00023989252258351228,1.0123283084506753,-0.00023989252258351228,0.00023989252258351228,hist_gradient_boosting,Histogram Gradient Boosting
2014-07-25,19,12,0,4.80256096342295e-05,1.0123283084506753,-4.80256096342295e-05,4.80256096342295e-05,hist_gradient_boosting,Histogram Gradient Boosting
2014-10-29,26,7,0,0.0,1.0123283084506753,0.0,0.0,hist_gradient_boosting,Histogram Gradient Boosting
2014-10-03,37,98,0,0.0,1.0123283084506753,0.0,0.0,hist_gradient_boosting,Histogram Gradient Boosting
2014-10-07,24,9,0,0.0,1.0123283084506753,0.0,0.0,hist_gradient_boosting,Histogram Gradient Boosting
2014-07-18,21,61,0,0.00033114744478922835,1.0123283084506753,-0.00033114744478922835,0.00033114744478922835,hist_gradient_boosting,Histogram Gradient Boosting
2014-07-22,31,47,0,0.0,1.0123283084506753,0.0,0.0,hist_gradient_boosting,Histogram Gradient Boosting
2014-08-07,24,6,44,32.761416382364736,28.48305644989014,11.238583617635264,11.238583617635264,hist_gradient_boosting,Histogram Gradient Boosting
2014-10-03,16,2,0,0.0029628164802357653,1.0123283084506753,-0.0029628164802357653,0.0029628164802357653,hist_gradient_boosting,Histogram Gradient Boosting
2014-07-26,3,32,0,0.0003065345901280382,1.0123283084506753,-0.0003065345901280382,0.0003065345901280382,hist_gradient_boosting,Histogram Gradient Boosting
2014-08-16,11,70,0,0.0003327559743562107,1.0123283084506753,-0.0003327559743562107,0.0003327559743562107,hist_gradient_boosting,Histogram Gradient Boosting
2014-08-06,38,10,0,0.0,1.0123283084506753,0.0,0.0,hist_gradient_boosting,Histogram Gradient Boosting
2014-09-06,8,20,0,0.00021679700494466804,1.0123283084506753,-0.00021679700494466804,0.00021679700494466804,hist_gradient_boosting,Histogram Gradient Boosting
2014-07-17,27,4,0,6.07889383444324e-06,1.0123283084506753,-6.07889383444324e-06,6.07889383444324e-06,hist_gradient_boosting,Histogram Gradient Boosting
2014-10-05,35,9,0,0.003287982304896086,1.0123283084506753,-0.003287982304896086,0.003287982304896086,hist_gradient_boosting,Histogram Gradient Boosting
2014-08-20,17,4,0,6.07889383444324e-06,1.0123283084506753,-6.07889383444324e-06,6.07889383444324e-06,hist_gradient_boosting,Histogram Gradient Boosting
2014-10-27,27,80,0,0.3124272289318285,0.058333335444331176,-0.3124272289318285,0.3124272289318285,hist_gradient_boosting,Histogram Gradient Boosting
2014-08-25,11,54,0,0.0002359615060476546,1.0123283084506753,-0.0002359615060476546,0.0002359615060476546,hist_gradient_boosting,Histogram Gradient Boosting
2014-09-30,37,22,0,6.07889383444324e-06,1.0123283084506753,-6.07889383444324e-06,6.07889383444324e-06,hist_gradient_boosting,Histogram Gradient Boosting
2014-07-05,15,54,0,0.0003564030485332209,1.0123283084506753,-0.0003564030485332209,0.0003564030485332209,hist_gradient_boosting,Histogram Gradient Boosting
2014-08-23,25,61,0,0.00023979286906460797,1.0123283084506753,-0.00023979286906460797,0.00023979286906460797,hist_gradient_boosting,Histogram Gradient Boosting
2014-09-01,27,93,0,0.0016959023916822773,1.0123283084506753,-0.0016959023916822773,0.0016959023916822773,hist_gradient_boosting,Histogram Gradient Boosting
2014-09-11,39,100,0,0.0,1.0123283084506753,0.0,0.0,hist_gradient_boosting,Histogram Gradient Boosting
2014-08-03,13,39,0,0.0002777060534329394,1.0123283084506753,-0.0002777060534329394,0.0002777060534329394,hist_gradient_boosting,Histogram Gradient Boosting
2014-09-28,23,80,0,0.00019966883721077617,1.0123283084506753,-0.00019966883721077617,0.00019966883721077617,hist_gradient_boosting,Histogram Gradient Boosting
2014-10-27,7,26,0,0.0,1.0123283084506753,0.0,0.0,hist_gradient_boosting,Histogram Gradient Boosting
2014-07-06,9,14,0,0.0002897576586699272,1.0123283084506753,-0.0002897576586699272,0.0002897576586699272,hist_gradient_boosting,Histogram Gradient Boosting
2014-07-25,23,61,0,0.00039586656550190386,1.0123283084506753,-0.00039586656550190386,0.00039586656550190386,hist_gradient_boosting,Histogram Gradient Boosting
2014-09-21,43,48,0,0.00021311745246164253,1.0123283084506753,-0.00021311745246164253,0.00021311745246164253,hist_gradient_boosting,Histogram Gradient Boosting
2014-09-09,29,104,0,0.0,1.0123283084506753,0.0,0.0,hist_gradient_boosting,Histogram Gradient Boosting
2014-10-29,12,56,0,0.0,1.0123283084506753,0.0,0.0,hist_gradient_boosting,Histogram Gradient Boosting
2014-10-29,36,82,0,0.0,1.0123283084506753,0.0,0.0,hist_gradient_boosting,Histogram Gradient Boosting
2014-09-21,26,56,0,0.0,1.0123283084506753,0.0,0.0,hist_gradient_boosting,Histogram Gradient Boosting
2014-07-04,21,81,0,9.213576293919532e-05,1.0123283084506753,-9.213576293919532e-05,9.213576293919532e-05,hist_gradient_boosting,Histogram Gradient Boosting
2014-10-20,8,99,0,0.0001880860188115713,1.0123283084506753,-0.0001880860188115713,0.0001880860188115713,hist_gradient_boosting,Histogram Gradient Boosting
2014-10-24,6,23,0,0.00011272641301641633,1.0123283084506753,-0.00011272641301641633,0.00011272641301641633,hist_gradient_boosting,Histogram Gradient Boosting
2014-08-24,28,44,0,0.0006857895608687185,1.0123283084506753,-0.0006857895608687185,0.0006857895608687185,hist_gradient_boosting,Histogram Gradient Boosting
2014-10-22,22,86,0,4.287959217728738e-05,1.0123283084506753,-4.287959217728738e-05,4.287959217728738e-05,hist_gradient_boosting,Histogram Gradient Boosting
2014-07-02,38,45,79,75.06585784878322,81.09111099243165,3.9341421512167756,3.9341421512167756,hist_gradient_boosting,Histogram Gradient Boosting
2014-07-22,29,67,0,0.000274837102229128,1.0123283084506753,-0.000274837102229128,0.000274837102229128,hist_gradient_boosting,Histogram Gradient Boosting
2014-09-25,7,86,0,3.164582932799349e-05,1.0123283084506753,-3.164582932799349e-05,3.164582932799349e-05,hist_gradient_boosting,Histogram Gradient Boosting
2014-09-18,32,4,0,6.07889383444324e-06,1.0123283084506753,-6.07889383444324e-06,6.07889383444324e-06,hist_gradient_boosting,Histogram Gradient Boosting
2014-09-11,26,32,0,0.0,1.0123283084506753,0.0,0.0,hist_gradient_boosting,Histogram Gradient Boosting
2014-09-17,40,5,30,22.424710461035257,27.63694477081299,7.575289538964743,7.575289538964743,hist_gradient_boosting,Histogram Gradient Boosting
2014-10-13,40,42,0,0.00016866915770712048,1.0123283084506753,-0.00016866915770712048,0.00016866915770712048,hist_gradient_boosting,Histogram Gradient Boosting
2014-10-01,40,22,0,0.0,1.0123283084506753,0.0,0.0,hist_gradient_boosting,Histogram Gradient Boosting
2014-09-19,19,35,0,3.7969937912340677e-06,1.0123283084506753,-3.7969937912340677e-06,3.7969937912340677e-06,hist_gradient_boosting,Histogram Gradient Boosting
2014-07-19,30,84,0,0.00023989252258351228,1.0123283084506753,-0.00023989252258351228,0.00023989252258351228,hist_gradient_boosting,Histogram Gradient Boosting
2014-08-30,37,1,0,0.0005085955022187108,1.0123283084506753,-0.0005085955022187108,0.0005085955022187108,hist_gradient_boosting,Histogram Gradient Boosting
2014-09-25,12,3,0,2.9558574140204828e-05,1.0123283084506753,-2.9558574140204828e-05,2.9558574140204828e-05,hist_gradient_boosting,Histogram Gradient Boosting
2014-10-21,39,44,0,0.0012665183888099217,1.0123283084506753,-0.0012665183888099217,0.0012665183888099217,hist_gradient_boosting,Histogram Gradient Boosting
2014-07-01,8,98,0,0.0,1.0123283084506753,0.0,0.0,hist_gradient_boosting,Histogram Gradient Boosting
2014-08-02,20,39,0,0.0001988268416675731,1.0123283084506753,-0.0001988268416675731,0.0001988268416675731,hist_gradient_boosting,Histogram Gradient Boosting
2014-10-18,25,103,0,5.701517629204456e-05,1.0123283084506753,-5.701517629204456e-05,5.701517629204456e-05,hist_gradient_boosting,Histogram Gradient Boosting
2014-08-05,24,49,0,0.0,1.0123283084506753,0.0,0.0,hist_gradient_boosting,Histogram Gradient Boosting
2014-07-21,31,50,0,0.00020209059197246688,1.0123283084506753,-0.00020209059197246688,0.00020209059197246688,hist_gradient_boosting,Histogram Gradient Boosting
2014-07-22,24,29,0,1.7792624899025665e-05,1.0123283084506753,-1.7792624899025665e-05,1.7792624899025665e-05,hist_gradient_boosting,Histogram Gradient Boosting
2014-07-20,43,23,0,0.00019966883721077617,1.0123283084506753,-0.00019966883721077617,0.00019966883721077617,hist_gradient_boosting,Histogram Gradient Boosting
2014-08-30,17,62,0,0.00023989252258351228,1.0123283084506753,-0.00023989252258351228,0.00023989252258351228,hist_gradient_boosting,Histogram Gradient Boosting
2014-08-18,7,59,0,0.00020199094221975462,1.0123283084506753,-0.00020199094221975462,0.00020199094221975462,hist_gradient_boosting,Histogram Gradient Boosting
2014-08-09,21,2,0,0.0018996137081625528,1.0123283084506753,-0.0018996137081625528,0.0018996137081625528,hist_gradient_boosting,Histogram Gradient Boosting
2014-08-22,36,21,0,0.00018779868150139777,1.0123283084506753,-0.00018779868150139777,0.00018779868150139777,hist_gradient_boosting,Histogram Gradient Boosting
2014-08-28,17,1,0,0.00018837653084467882,1.0123283084506753,-0.00018837653084467882,0.00018837653084467882,hist_gradient_boosting,Histogram Gradient Boosting
2014-07-05,28,110,0,0.0001170053810758925,1.0123283084506753,-0.0001170053810758925,0.0001170053810758925,hist_gradient_boosting,Histogram Gradient Boosting
2014-09-04,39,68,0,0.0,1.0123283084506753,0.0,0.0,hist_gradient_boosting,Histogram Gradient Boosting
2014-08-23,7,47,0,0.00035724517672851313,1.0123283084506753,-0.00035724517672851313,0.00035724517672851313,hist_gradient_boosting,Histogram Gradient Boosting
2014-09-18,43,60,0,0.0,1.0123283084506753,0.0,0.0,hist_gradient_boosting,Histogram Gradient Boosting
2014-07-19,36,88,0,0.00017518349237925345,1.0123283084506753,-0.00017518349237925345,0.00017518349237925345,hist_gradient_boosting,Histogram Gradient Boosting
2014-08-20,29,31,0,0.0,1.0123283084506753,0.0,0.0,hist_gradient_boosting,Histogram Gradient Boosting
2014-09-20,24,62,0,0.00023337665420931659,1.0123283084506753,-0.00023337665420931659,0.00023337665420931659,hist_gradient_boosting,Histogram Gradient Boosting
2014-08-27,20,79,0,6.07889383444324e-06,1.0123283084506753,-6.07889383444324e-06,6.07889383444324e-06,hist_gradient_boosting,Histogram Gradient Boosting
2014-09-21,23,78,0,0.00018795360077973386,1.0123283084506753,-0.00018795360077973386,0.00018795360077973386,hist_gradient_boosting,Histogram Gradient Boosting
2014-10-23,33,89,0,0.0,1.0123283084506753,0.0,0.0,hist_gradient_boosting,Histogram Gradient Boosting
2014-09-14,43,65,0,0.0002014014334552683,1.0123283084506753,-0.0002014014334552683,0.0002014014334552683,hist_gradient_boosting,Histogram Gradient Boosting
2014-10-31,44,74,0,8.335283127569337e-05,1.0123283084506753,-8.335283127569337e-05,8.335283127569337e-05,hist_gradient_boosting,Histogram Gradient Boosting
2014-09-25,29,56,0,0.33611529226988424,0.14527778029441835,-0.33611529226988424,0.33611529226988424,hist_gradient_boosting,Histogram Gradient Boosting
2014-08-10,15,45,86,75.67215348149016,76.1730546951294,10.327846518509844,10.327846518509844,hist_gradient_boosting,Histogram Gradient Boosting
2014-10-26,44,100,0,0.00023933638791378932,1.0123283084506753,-0.00023933638791378932,0.00023933638791378932,hist_gradient_boosting,Histogram Gradient Boosting
2014-09-27,31,7,0,0.00019966883721077617,1.0123283084506753,-0.00019966883721077617,0.00019966883721077617,hist_gradient_boosting,Histogram Gradient Boosting
2014-10-25,7,102,0,0.0002418212486144687,1.0123283084506753,-0.0002418212486144687,0.0002418212486144687,hist_gradient_boosting,Histogram Gradient Boosting
2014-08-18,33,8,0,0.0001928793130867108,1.0123283084506753,-0.0001928793130867108,0.0001928793130867108,hist_gradient_boosting,Histogram Gradient Boosting
2014-07-22,2,74,0,0.00019575552949228925,1.0123283084506753,-0.00019575552949228925,0.00019575552949228925,hist_gradient_boosting,Histogram Gradient Boosting
2014-10-07,7,5,31,43.15933721860173,32.603332710266116,-12.159337218601728,12.159337218601728,hist_gradient_boosting,Histogram Gradient Boosting
2014-07-22,33,34,0,0.0,1.0123283084506753,0.0,0.0,hist_gradient_boosting,Histogram Gradient Boosting
2014-08-16,37,66,0,0.0004761255131910811,1.0123283084506753,-0.0004761255131910811,0.0004761255131910811,hist_gradient_boosting,Histogram Gradient Boosting
2014-10-16,45,44,0,0.0,1.0123283084506753,0.0,0.0,hist_gradient_boosting,Histogram Gradient Boosting
2014-09-16,35,39,0,0.0,1.0123283084506753,0.0,0.0,hist_gradient_boosting,Histogram Gradient Boosting
2014-10-18,24,107,0,0.0002335901576677543,1.0123283084506753,-0.0002335901576677543,0.0002335901576677543,hist_gradient_boosting,Histogram Gradient Boosting
2014-07-11,40,53,0,7.909449430029615e-05,1.0123283084506753,-7.909449430029615e-05,7.909449430029615e-05,hist_gradient_boosting,Histogram Gradient Boosting
2014-10-12,4,28,0,0.00021277201921213776,1.0123283084506753,-0.00021277201921213776,0.00021277201921213776,hist_gradient_boosting,Histogram Gradient Boosting
2014-08-22,40,8,0,9.700097714715e-05,1.0123283084506753,-9.700097714715e-05,9.700097714715e-05,hist_gradient_boosting,Histogram Gradient Boosting
2014-09-11,15,36,0,0.0,1.0123283084506753,0.0,0.0,hist_gradient_boosting,Histogram Gradient Boosting
2014-09-01,2,110,0,0.0002592486906340367,1.0123283084506753,-0.0002592486906340367,0.0002592486906340367,hist_gradient_boosting,Histogram Gradient Boosting
2014-08-20,27,14,0,6.07889383444324e-06,1.0123283084506753,-6.07889383444324e-06,6.07889383444324e-06,hist_gradient_boosting,Histogram Gradient Boosting
2014-10-21,28,69,0,4.346635936906237e-06,1.0123283084506753,-4.346635936906237e-06,4.346635936906237e-06,hist_gradient_boosting,Histogram Gradient Boosting
2014-09-09,31,49,0,0.0,1.0123283084506753,0.0,0.0,hist_gradient_boosting,Histogram Gradient Boosting
2014-08-05,10,72,0,4.1432253591877504e-05,1.0123283084506753,-4.1432253591877504e-05,4.1432253591877504e-05,hist_gradient_boosting,Histogram Gradient Boosting
2014-10-20,26,41,0,0.00018157048792077533,1.0123283084506753,-0.00018157048792077533,0.00018157048792077533,hist_gradient_boosting,Histogram Gradient Boosting
2014-09-01,6,8,0,0.00023826834205435118,1.0123283084506753,-0.00023826834205435118,0.00023826834205435118,hist_gradient_boosting,Histogram Gradient Boosting
2014-10-16,22,38,0,6.07889383444324e-06,1.0123283084506753,-6.07889383444324e-06,6.07889383444324e-06,hist_gradient_boosting,Histogram Gradient Boosting
2014-09-03,19,67,0,0.0,1.0123283084506753,0.0,0.0,hist_gradient_boosting,Histogram Gradient Boosting
2014-07-06,9,42,0,0.00026353740154206213,1.0123283084506753,-0.00026353740154206213,0.00026353740154206213,hist_gradient_boosting,Histogram Gradient Boosting
2014-07-05,6,17,0,0.0002880249093705965,1.0123283084506753,-0.0002880249093705965,0.0002880249093705965,hist_gradient_boosting,Histogram Gradient Boosting
2014-09-27,29,2,0,0.000938982520272659,1.0123283084506753,-0.000938982520272659,0.000938982520272659,hist_gradient_boosting,Histogram Gradient Boosting
2014-10-05,43,110,0,6.575093466978967e-05,1.0123283084506753,-6.575093466978967e-05,6.575093466978967e-05,hist_gradient_boosting,Histogram Gradient Boosting
2014-10-18,32,51,0,0.12050747504386972,0.02944444566965103,-0.12050747504386972,0.12050747504386972,hist_gradient_boosting,Histogram Gradient Boosting
2014-07-03,32,88,0,3.5048048212948944e-06,1.0123283084506753,-3.5048048212948944e-06,3.5048048212948944e-06,hist_gradient_boosting,Histogram Gradient Boosting
2014-09-17,17,48,0,0.0,1.0123283084506753,0.0,0.0,hist_gradient_boosting,Histogram Gradient Boosting
2014-08-06,32,75,0,0.0,1.0123283084506753,0.0,0.0,hist_gradient_boosting,Histogram Gradient Boosting
2014-08-18,7,89,0,0.00020209059197246688,1.0123283084506753,-0.00020209059197246688,0.00020209059197246688,hist_gradient_boosting,Histogram Gradient Boosting
2014-08-23,1,2,0,4.640620463755255e-05,1.0123283084506753,-4.640620463755255e-05,4.640620463755255e-05,hist_gradient_boosting,Histogram Gradient Boosting
2014-10-28,35,57,0,0.0,1.0123283084506753,0.0,0.0,hist_gradient_boosting,Histogram Gradient Boosting
2014-08-28,12,38,0,0.0,1.0123283084506753,0.0,0.0,hist_gradient_boosting,Histogram Gradient Boosting
2014-09-08,25,4,0,0.00020118904907145323,1.0123283084506753,-0.00020118904907145323,0.00020118904907145323,hist_gradient_boosting,Histogram Gradient Boosting
2014-07-02,13,43,0,0.0,1.0123283084506753,0.0,0.0,hist_gradient_boosting,Histogram Gradient Boosting
2014-07-18,37,32,0,0.00011272641301641633,1.0123283084506753,-0.00011272641301641633,0.00011272641301641633,hist_gradient_boosting,Histogram Gradient Boosting
2014-10-06,19,84,0,0.0001855114612987303,1.0123283084506753,-0.0001855114612987303,0.0001855114612987303,hist_gradient_boosting,Histogram Gradient Boosting
2014-08-31,17,81,0,0.00023989252258351228,1.0123283084506753,-0.00023989252258351228,0.00023989252258351228,hist_gradient_boosting,Histogram Gradient Boosting
2014-08-08,20,80,0,8.560935762680007e-05,1.0123283084506753,-8.560935762680007e-05,8.560935762680007e-05,hist_gradient_boosting,Histogram Gradient Boosting
2014-10-03,13,98,0,3.120226317743736e-05,1.0123283084506753,-3.120226317743736e-05,3.120226317743736e-05,hist_gradient_boosting,Histogram Gradient Boosting
2014-08-13,34,21,0,0.0,1.0123283084506753,0.0,0.0,hist_gradient_boosting,Histogram Gradient Boosting
2014-09-24,29,26,0,0.0,1.0123283084506753,0.0,0.0,hist_gradient_boosting,Histogram Gradient Boosting
2014-07-06,21,19,0,0.00026353740154206213,1.0123283084506753,-0.00026353740154206213,0.00026353740154206213,hist_gradient_boosting,Histogram Gradient Boosting
2014-09-07,30,83,0,0.00018080895770753214,1.0123283084506753,-0.00018080895770753214,0.00018080895770753214,hist_gradient_boosting,Histogram Gradient Boosting
2014-08-29,10,56,0,0.0008293242403171393,1.0123283084506753,-0.0008293242403171393,0.0008293242403171393,hist_gradient_boosting,Histogram Gradient Boosting
2014-08-02,44,56,0,0.00030452200786544814,1.0123283084506753,-0.00030452200786544814,0.00030452200786544814,hist_gradient_boosting,Histogram Gradient Boosting
2014-09-16,20,93,0,0.0,1.0123283084506753,0.0,0.0,hist_gradient_boosting,Histogram Gradient Boosting
2014-08-03,33,12,0,0.0002233127653132574,1.0123283084506753,-0.0002233127653132574,0.0002233127653132574,hist_gradient_boosting,Histogram Gradient Boosting
2014-08-25,10,32,0,0.0002342288499365678,1.0123283084506753,-0.0002342288499365678,0.0002342288499365678,hist_gradient_boosting,Histogram Gradient Boosting
2014-08-08,10,38,0,4.712420560134306e-05,1.0123283084506753,-4.712420560134306e-05,4.712420560134306e-05,hist_gradient_boosting,Histogram Gradient Boosting
2014-09-27,18,50,0,0.00019966883721077617,1.0123283084506753,-0.00019966883721077617,0.00019966883721077617,hist_gradient_boosting,Histogram Gradient Boosting
2014-07-21,37,106,0,0.00020209059197246688,1.0123283084506753,-0.00020209059197246688,0.00020209059197246688,hist_gradient_boosting,Histogram Gradient Boosting
2014-10-07,4,104,0,2.4380597095968023e-05,1.0123283084506753,-2.4380597095968023e-05,2.4380597095968023e-05,hist_gradient_boosting,Histogram Gradient Boosting
2014-08-08,5,24,0,4.712420560134306e-05,1.0123283084506753,-4.712420560134306e-05,4.712420560134306e-05,hist_gradient_boosting,Histogram Gradient Boosting
2014-07-03,21,9,0,0.0,1.0123283084506753,0.0,0.0,hist_gradient_boosting,Histogram Gradient Boosting
2014-09-01,6,22,0,0.00018151992600109465,1.0123283084506753,-0.00018151992600109465,0.00018151992600109465,hist_gradient_boosting,Histogram Gradient Boosting
2014-07-25,36,80,0,0.00011272641301641633,1.0123283084506753,-0.00011272641301641633,0.00011272641301641633,hist_gradient_boosting,Histogram Gradient Boosting
2014-09-08,36,69,0,0.0001994564531948634,1.0123283084506753,-0.0001994564531948634,0.0001994564531948634,hist_gradient_boosting,Histogram Gradient Boosting
2014-10-31,29,3,0,0.0,1.0123283084506753,0.0,0.0,hist_gradient_boosting,Histogram Gradient Boosting
2014-08-12,7,34,0,0.0,1.0123283084506753,0.0,0.0,hist_gradient_boosting,Histogram Gradient Boosting
2014-08-20,17,111,0,0.0,1.0123283084506753,0.0,0.0,hist_gradient_boosting,Histogram Gradient Boosting
2014-09-24,26,72,0,0.0,1.0123283084506753,0.0,0.0,hist_gradient_boosting,Histogram Gradient Boosting
2014-10-04,13,108,0,8.065573217495061e-05,1.0123283084506753,-8.065573217495061e-05,8.065573217495061e-05,hist_gradient_boosting,Histogram Gradient Boosting
2014-08-12,33,10,0,6.574125062129854e-05,1.0123283084506753,-6.574125062129854e-05,6.574125062129854e-05,hist_gradient_boosting,Histogram Gradient Boosting
2014-07-28,8,85,0,0.00016360095753273455,1.0123283084506753,-0.00016360095753273455,0.00016360095753273455,hist_gradient_boosting,Histogram Gradient Boosting
2014-09-25,3,102,0,0.040464914239561785,0.00666666701436043,-0.040464914239561785,0.040464914239561785,hist_gradient_boosting,Histogram Gradient Boosting
2014-09-13,38,22,0,0.0002089215616173837,1.0123283084506753,-0.0002089215616173837,0.0002089215616173837,hist_gradient_boosting,Histogram Gradient Boosting
2014-08-07,36,106,0,3.5048048212948944e-06,1.0123283084506753,-3.5048048212948944e-06,3.5048048212948944e-06,hist_gradient_boosting,Histogram Gradient Boosting
2014-09-22,45,82,0,0.00013651444166513997,1.0123283084506753,-0.00013651444166513997,0.00013651444166513997,hist_gradient_boosting,Histogram Gradient Boosting
2014-09-23,35,16,12,18.049977115652858,22.454166603088378,-6.049977115652858,6.049977115652858,hist_gradient_boosting,Histogram Gradient Boosting
2014-10-25,34,8,0,0.00047371941626240264,1.0123283084506753,-0.00047371941626240264,0.00047371941626240264,hist_gradient_boosting,Histogram Gradient Boosting
2014-09-15,12,98,0,8.663652699844025e-05,1.0123283084506753,-8.663652699844025e-05,8.663652699844025e-05,hist_gradient_boosting,Histogram Gradient Boosting
2014-09-11,41,67,0,0.0,1.0123283084506753,0.0,0.0,hist_gradient_boosting,Histogram Gradient Boosting
2014-07-19,39,73,0,0.0002073208857707685,1.0123283084506753,-0.0002073208857707685,0.0002073208857707685,hist_gradient_boosting,Histogram Gradient Boosting
2014-08-15,28,111,0,0.00011272641301641633,1.0123283084506753,-0.00011272641301641633,0.00011272641301641633,hist_gradient_boosting,Histogram Gradient Boosting
2014-08-08,32,38,0,0.00011182495066476557,1.0123283084506753,-0.00011182495066476557,0.00011182495066476557,hist_gradient_boosting,Histogram Gradient Boosting
2014-08-24,44,12,0,0.0002540608395465965,1.0123283084506753,-0.0002540608395465965,0.0002540608395465965,hist_gradient_boosting,Histogram Gradient Boosting
2014-10-20,2,10,0,0.00021245812668568704,1.0123283084506753,-0.00021245812668568704,0.00021245812668568704,hist_gradient_boosting,Histogram Gradient Boosting
2014-09-13,33,41,0,0.00019475388403945382,1.0123283084506753,-0.00019475388403945382,0.00019475388403945382,hist_gradient_boosting,Histogram Gradient Boosting
2014-08-31,4,69,0,0.00023337665420931659,1.0123283084506753,-0.00023337665420931659,0.00023337665420931659,hist_gradient_boosting,Histogram Gradient Boosting
2014-10-29,43,71,0,0.0,1.0123283084506753,0.0,0.0,hist_gradient_boosting,Histogram Gradient Boosting
2014-07-19,16,79,0,0.00022380259014018666,1.0123283084506753,-0.00022380259014018666,0.00022380259014018666,hist_gradient_boosting,Histogram Gradient Boosting
2014-09-15,4,18,0,0.00015078374298371945,1.0123283084506753,-0.00015078374298371945,0.00015078374298371945,hist_gradient_boosting,Histogram Gradient Boosting
2014-10-25,36,55,0,0.00023989252258351228,1.0123283084506753,-0.00023989252258351228,0.00023989252258351228,hist_gradient_boosting,Histogram Gradient Boosting
2014-07-24,23,72,0,0.0,1.0123283084506753,0.0,0.0,hist_gradient_boosting,Histogram Gradient Boosting
2014-08-27,21,64,0,6.07889383444324e-06,1.0123283084506753,-6.07889383444324e-06,6.07889383444324e-06,hist_gradient_boosting,Histogram Gradient Boosting
2014-07-12,45,58,0,0.00038696933762540775,1.0123283084506753,-0.00038696933762540775,0.00038696933762540775,hist_gradient_boosting,Histogram Gradient Boosting
2014-09-24,45,13,0,0.0,1.0123283084506753,0.0,0.0,hist_gradient_boosting,Histogram Gradient Boosting
2014-07-18,37,56,0,0.0004280966042290678,1.0123283084506753,-0.0004280966042290678,0.0004280966042290678,hist_gradient_boosting,Histogram Gradient Boosting
2014-10-29,42,91,0,0.0,1.0123283084506753,0.0,0.0,hist_gradient_boosting,Histogram Gradient Boosting
2014-08-27,32,55,0,1.7792624899025665e-05,1.0123283084506753,-1.7792624899025665e-05,1.7792624899025665e-05,hist_gradient_boosting,Histogram Gradient Boosting
2014-07-18,19,10,0,0.0001167913924513799,1.0123283084506753,-0.0001167913924513799,0.0001167913924513799,hist_gradient_boosting,Histogram Gradient Boosting
2014-07-03,18,63,0,0.0,1.0123283084506753,0.0,0.0,hist_gradient_boosting,Histogram Gradient Boosting
2014-08-06,30,26,0,8.050677768363943e-05,1.0123283084506753,-8.050677768363943e-05,8.050677768363943e-05,hist_gradient_boosting,Histogram Gradient Boosting
2014-09-23,1,79,0,0.0,1.0123283084506753,0.0,0.0,hist_gradient_boosting,Histogram Gradient Boosting
2014-07-14,7,47,0,0.00022830923837367206,1.0123283084506753,-0.00022830923837367206,0.00022830923837367206,hist_gradient_boosting,Histogram Gradient Boosting
2014-09-04,15,22,0,0.0,1.0123283084506753,0.0,0.0,hist_gradient_boosting,Histogram Gradient Boosting
2014-10-25,2,89,0,0.0002643794515604371,1.0123283084506753,-0.0002643794515604371,0.0002643794515604371,hist_gradient_boosting,Histogram Gradient Boosting
2014-09-17,22,97,0,0.0,1.0123283084506753,0.0,0.0,hist_gradient_boosting,Histogram Gradient Boosting
2014-08-23,16,106,0,0.00021175177953739689,1.0123283084506753,-0.00021175177953739689,0.00021175177953739689,hist_gradient_boosting,Histogram Gradient Boosting
2014-10-25,44,80,0,0.00021311745246164253,1.0123283084506753,-0.00021311745246164253,0.00021311745246164253,hist_gradient_boosting,Histogram Gradient Boosting
2014-10-23,13,92,0,0.00021272186376206624,1.0123283084506753,-0.00021272186376206624,0.00021272186376206624,hist_gradient_boosting,Histogram Gradient Boosting
2014-08-17,14,85,0,0.0002661121598999148,1.0123283084506753,-0.0002661121598999148,0.0002661121598999148,hist_gradient_boosting,Histogram Gradient Boosting
2014-10-15,11,2,0,0.0,1.0123283084506753,0.0,0.0,hist_gradient_boosting,Histogram Gradient Boosting
2014-08-22,44,99,0,7.424021747629475e-05,1.0123283084506753,-7.424021747629475e-05,7.424021747629475e-05,hist_gradient_boosting,Histogram Gradient Boosting
2014-08-08,45,111,0,0.0001235399204026891,1.0123283084506753,-0.0001235399204026891,0.0001235399204026891,hist_gradient_boosting,Histogram Gradient Boosting
2014-08-28,38,106,0,0.0,1.0123283084506753,0.0,0.0,hist_gradient_boosting,Histogram Gradient Boosting
2014-08-18,10,53,0,0.00019557496985160103,1.0123283084506753,-0.00019557496985160103,0.00019557496985160103,hist_gradient_boosting,Histogram Gradient Boosting
2014-07-12,14,85,0,0.00013004777401219133,1.0123283084506753,-0.00013004777401219133,0.00013004777401219133,hist_gradient_boosting,Histogram Gradient Boosting
2014-10-03,40,33,0,9.213576293919532e-05,1.0123283084506753,-9.213576293919532e-05,9.213576293919532e-05,hist_gradient_boosting,Histogram Gradient Boosting
2014-10-16,35,23,0,0.0,1.0123283084506753,0.0,0.0,hist_gradient_boosting,Histogram Gradient Boosting
2014-07-16,27,106,0,0.0,1.0123283084506753,0.0,0.0,hist_gradient_boosting,Histogram Gradient Boosting
2014-08-03,11,18,0,0.00036405629619158664,1.0123283084506753,-0.00036405629619158664,0.00036405629619158664,hist_gradient_boosting,Histogram Gradient Boosting
2014-10-12,41,65,0,0.0001922516960207338,1.0123283084506753,-0.0001922516960207338,0.0001922516960207338,hist_gradient_boosting,Histogram Gradient Boosting
2014-10-14,32,3,0,0.0,1.0123283084506753,0.0,0.0,hist_gradient_boosting,Histogram Gradient Boosting
2014-10-22,11,111,0,0.0,1.0123283084506753,0.0,0.0,hist_gradient_boosting,Histogram Gradient Boosting
2014-08-04,42,89,0,0.00016102646304623765,1.0123283084506753,-0.00016102646304623765,0.00016102646304623765,hist_gradient_boosting,Histogram Gradient Boosting
2014-07-13,30,77,0,0.00020625632750919016,1.0123283084506753,-0.00020625632750919016,0.00020625632750919016,hist_gradient_boosting,Histogram Gradient Boosting
2014-07-17,45,69,0,0.0,1.0123283084506753,0.0,0.0,hist_gradient_boosting,Histogram Gradient Boosting
2014-09-02,11,4,0,2.9718245623968948e-05,1.0123283084506753,-2.9718245623968948e-05,2.9718245623968948e-05,hist_gradient_boosting,Histogram Gradient Boosting
2014-09-15,15,8,0,0.0,1.0123283084506753,0.0,0.0,hist_gradient_boosting,Histogram Gradient Boosting
2014-09-18,43,72,0,0.0,1.0123283084506753,0.0,0.0,hist_gradient_boosting,Histogram Gradient Boosting
2014-09-28,40,29,0,0.000362446312056614,1.0123283084506753,-0.000362446312056614,0.000362446312056614,hist_gradient_boosting,Histogram Gradient Boosting
2014-09-02,20,92,0,0.0,1.0123283084506753,0.0,0.0,hist_gradient_boosting,Histogram Gradient Boosting
2014-08-29,15,99,0,0.0001324275061269097,1.0123283084506753,-0.0001324275061269097,0.0001324275061269097,hist_gradient_boosting,Histogram Gradient Boosting
2014-07-13,12,70,0,0.0002409196699018007,1.0123283084506753,-0.0002409196699018007,0.0002409196699018007,hist_gradient_boosting,Histogram Gradient Boosting
2014-08-07,43,103,0,3.912755948505254e-05,1.0123283084506753,-3.912755948505254e-05,3.912755948505254e-05,hist_gradient_boosting,Histogram Gradient Boosting
2014-08-29,2,67,0,0.0008875554619981491,1.0123283084506753,-0.0008875554619981491,0.0008875554619981491,hist_gradient_boosting,Histogram Gradient Boosting
2014-09-30,16,40,0,3.821085359683278e-05,1.0123283084506753,-3.821085359683278e-05,3.821085359683278e-05,hist_gradient_boosting,Histogram Gradient Boosting
2014-10-24,33,25,0,0.0004562822227445036,1.0123283084506753,-0.0004562822227445036,0.0004562822227445036,hist_gradient_boosting,Histogram Gradient Boosting
2014-07-16,35,14,0,6.07889383444324e-06,1.0123283084506753,-6.07889383444324e-06,6.07889383444324e-06,hist_gradient_boosting,Histogram Gradient Boosting
2014-08-20,16,73,0,0.0,1.0123283084506753,0.0,0.0,hist_gradient_boosting,Histogram Gradient Boosting
2014-10-27,31,65,0,0.00022830923837367206,1.0123283084506753,-0.00022830923837367206,0.00022830923837367206,hist_gradient_boosting,Histogram Gradient Boosting
2014-09-02,5,101,0,0.0,1.0123283084506753,0.0,0.0,hist_gradient_boosting,Histogram Gradient Boosting
2014-08-02,27,83,0,0.00034988642117384877,1.0123283084506753,-0.00034988642117384877,0.00034988642117384877,hist_gradient_boosting,Histogram Gradient Boosting
2014-09-19,3,27,0,0.0001372102288326719,1.0123283084506753,-0.0001372102288326719,0.0001372102288326719,hist_gradient_boosting,Histogram Gradient Boosting
2014-09-01,15,9,0,0.0018432133272586497,1.0123283084506753,-0.0018432133272586497,0.0018432133272586497,hist_gradient_boosting,Histogram Gradient Boosting
2014-08-04,35,6,0,0.00010639273166655786,1.0123283084506753,-0.00010639273166655786,0.00010639273166655786,hist_gradient_boosting,Histogram Gradient Boosting
2014-10-30,2,85,0,0.0,1.0123283084506753,0.0,0.0,hist_gradient_boosting,Histogram Gradient Boosting
2014-07-06,35,104,0,0.00016826563061374364,1.0123283084506753,-0.00016826563061374364,0.00016826563061374364,hist_gradient_boosting,Histogram Gradient Boosting
2014-09-26,45,62,0,1.7961966480299298e-05,1.0123283084506753,-1.7961966480299298e-05,1.7961966480299298e-05,hist_gradient_boosting,Histogram Gradient Boosting
2014-08-11,6,75,0,0.00018913851091918876,1.0123283084506753,-0.00018913851091918876,0.00018913851091918876,hist_gradient_boosting,Histogram Gradient Boosting
2014-08-18,1,61,0,0.00020199094221975462,1.0123283084506753,-0.00020199094221975462,0.00020199094221975462,hist_gradient_boosting,Histogram Gradient Boosting
2014-07-10,14,17,0,0.0,1.0123283084506753,0.0,0.0,hist_gradient_boosting,Histogram Gradient Boosting
2014-09-22,29,53,0,9.315143945637037e-05,1.0123283084506753,-9.315143945637037e-05,9.315143945637037e-05,hist_gradient_boosting,Histogram Gradient Boosting
2014-09-26,14,33,0,1.7961966480299298e-05,1.0123283084506753,-1.7961966480299298e-05,1.7961966480299298e-05,hist_gradient_boosting,Histogram Gradient Boosting
2014-07-01,36,60,0,0.0002080173213537071,1.0123283084506753,-0.0002080173213537071,0.0002080173213537071,hist_gradient_boosting,Histogram Gradient Boosting
2014-08-23,21,99,0,0.0002661121598999148,1.0123283084506753,-0.0002661121598999148,0.0002661121598999148,hist_gradient_boosting,Histogram Gradient Boosting
2014-08-18,39,18,0,0.00025279588377956575,1.0123283084506753,-0.00025279588377956575,0.00025279588377956575,hist_gradient_boosting,Histogram Gradient Boosting
2014-07-01,43,79,0,0.0,1.0123283084506753,0.0,0.0,hist_gradient_boosting,Histogram Gradient Boosting
2014-09-21,15,6,0,0.0002445588287515628,1.0123283084506753,-0.0002445588287515628,0.0002445588287515628,hist_gradient_boosting,Histogram Gradient Boosting
2014-08-24,33,38,0,0.0002661121598999148,1.0123283084506753,-0.0002661121598999148,0.0002661121598999148,hist_gradient_boosting,Histogram Gradient Boosting
2014-10-09,1,74,0,0.0,1.0123283084506753,0.0,0.0,hist_gradient_boosting,Histogram Gradient Boosting
2014-07-09,12,92,0,0.0002568277800555265,1.0123283084506753,-0.0002568277800555265,0.0002568277800555265,hist_gradient_boosting,Histogram Gradient Boosting
2014-09-21,15,68,0,0.000306486540551414,1.0123283084506753,-0.000306486540551414,0.000306486540551414,hist_gradient_boosting,Histogram Gradient Boosting
2014-09-06,19,96,0,0.0003743760429175817,1.0123283084506753,-0.0003743760429175817,0.0003743760429175817,hist_gradient_boosting,Histogram Gradient Boosting
2014-10-05,36,34,0,0.00026353740154206213,1.0123283084506753,-0.00026353740154206213,0.00026353740154206213,hist_gradient_boosting,Histogram Gradient Boosting
2014-10-27,9,30,0,0.00022830923837367206,1.0123283084506753,-0.00022830923837367206,0.00022830923837367206,hist_gradient_boosting,Histogram Gradient Boosting
2014-10-15,4,82,0,0.0,1.0123283084506753,0.0,0.0,hist_gradient_boosting,Histogram Gradient Boosting
2014-10-17,13,10,0,5.030489828178984e-06,1.0123283084506753,-5.030489828178984e-06,5.030489828178984e-06,hist_gradient_boosting,Histogram Gradient Boosting
2014-08-01,17,90,0,0.000373050692962421,1.0123283084506753,-0.000373050692962421,0.000373050692962421,hist_gradient_boosting,Histogram Gradient Boosting
2014-07-04,6,11,0,9.213576293919532e-05,1.0123283084506753,-9.213576293919532e-05,9.213576293919532e-05,hist_gradient_boosting,Histogram Gradient Boosting
2014-08-21,34,52,0,0.0,1.0123283084506753,0.0,0.0,hist_gradient_boosting,Histogram Gradient Boosting
2014-07-21,24,80,0,0.00020209059197246688,1.0123283084506753,-0.00020209059197246688,0.00020209059197246688,hist_gradient_boosting,Histogram Gradient Boosting
2014-10-29,16,26,0,0.0,1.0123283084506753,0.0,0.0,hist_gradient_boosting,Histogram Gradient Boosting
2014-08-22,17,97,0,0.0006106947418039061,1.0123283084506753,-0.0006106947418039061,0.0006106947418039061,hist_gradient_boosting,Histogram Gradient Boosting
2014-08-25,9,102,0,0.00013738400730781126,1.0123283084506753,-0.00013738400730781126,0.00013738400730781126,hist_gradient_boosting,Histogram Gradient Boosting
2014-10-06,15,8,0,0.00021652308069021852,1.0123283084506753,-0.00021652308069021852,0.00021652308069021852,hist_gradient_boosting,Histogram Gradient Boosting
2014-09-21,31,45,76,85.09584384238127,75.84416580200195,-9.09584384238127,9.09584384238127,hist_gradient_boosting,Histogram Gradient Boosting
2014-07-09,35,49,0,0.0,1.0123283084506753,0.0,0.0,hist_gradient_boosting,Histogram Gradient Boosting
2014-09-28,31,60,0,0.00019966883721077617,1.0123283084506753,-0.00019966883721077617,0.00019966883721077617,hist_gradient_boosting,Histogram Gradient Boosting
2014-08-18,17,59,0,0.00013076916404850184,1.0123283084506753,-0.00013076916404850184,0.00013076916404850184,hist_gradient_boosting,Histogram Gradient Boosting
2014-07-16,36,49,0,0.0,1.0123283084506753,0.0,0.0,hist_gradient_boosting,Histogram Gradient Boosting
2014-09-11,6,29,0,0.0,1.0123283084506753,0.0,0.0,hist_gradient_boosting,Histogram Gradient Boosting
2014-09-21,37,102,0,0.0002802658449150257,1.0123283084506753,-0.0002802658449150257,0.0002802658449150257,hist_gradient_boosting,Histogram Gradient Boosting
2014-08-21,13,102,0,0.0,1.0123283084506753,0.0,0.0,hist_gradient_boosting,Histogram Gradient Boosting
2014-07-29,17,34,0,0.0,1.0123283084506753,0.0,0.0,hist_gradient_boosting,Histogram Gradient Boosting
2014-08-05,36,94,0,2.9718245623968948e-05,1.0123283084506753,-2.9718245623968948e-05,2.9718245623968948e-05,hist_gradient_boosting,Histogram Gradient Boosting
2014-10-20,4,93,0,0.000824262406733529,1.0123283084506753,-0.000824262406733529,0.000824262406733529,hist_gradient_boosting,Histogram Gradient Boosting
2014-09-25,21,14,0,0.0,1.0123283084506753,0.0,0.0,hist_gradient_boosting,Histogram Gradient Boosting
2014-07-28,12,30,0,0.00022830923837367206,1.0123283084506753,-0.00022830923837367206,0.00022830923837367206,hist_gradient_boosting,Histogram Gradient Boosting
2014-09-21,45,5,0,0.0,1.0123283084506753,0.0,0.0,hist_gradient_boosting,Histogram Gradient Boosting
2014-08-11,37,10,0,0.00014110367846594752,1.0123283084506753,-0.00014110367846594752,0.00014110367846594752,hist_gradient_boosting,Histogram Gradient Boosting
2014-08-03,32,50,0,0.00033018104445229024,1.0123283084506753,-0.00033018104445229024,0.00033018104445229024,hist_gradient_boosting,Histogram Gradient Boosting
2014-08-06,17,16,0,0.0016245685787858173,1.0123283084506753,-0.0016245685787858173,0.0016245685787858173,hist_gradient_boosting,Histogram Gradient Boosting
2014-10-31,3,53,0,8.266082481403352e-05,1.0123283084506753,-8.266082481403352e-05,8.266082481403352e-05,hist_gradient_boosting,Histogram Gradient Boosting
2014-10-19,41,26,0,0.0,1.0123283084506753,0.0,0.0,hist_gradient_boosting,Histogram Gradient Boosting
2014-08-18,2,103,0,0.00019547532074803772,1.0123283084506753,-0.00019547532074803772,0.00019547532074803772,hist_gradient_boosting,Histogram Gradient Boosting
2014-10-04,40,5,28,43.96139529626467,49.78555526733399,-15.96139529626467,15.96139529626467,hist_gradient_boosting,Histogram Gradient Boosting
2014-10-23,20,63,0,3.056009880679307e-05,1.0123283084506753,-3.056009880679307e-05,3.056009880679307e-05,hist_gradient_boosting,Histogram Gradient Boosting
2014-09-20,38,77,0,0.0002643794515604371,1.0123283084506753,-0.0002643794515604371,0.0002643794515604371,hist_gradient_boosting,Histogram Gradient Boosting
2014-08-15,25,50,0,0.00010621137304112551,1.0123283084506753,-0.00010621137304112551,0.00010621137304112551,hist_gradient_boosting,Histogram Gradient Boosting
2014-09-14,9,52,0,0.00015543351471981393,1.0123283084506753,-0.00015543351471981393,0.00015543351471981393,hist_gradient_boosting,Histogram Gradient Boosting
2014-10-06,42,4,0,0.00027644106776335617,1.0123283084506753,-0.00027644106776335617,0.00027644106776335617,hist_gradient_boosting,Histogram Gradient Boosting
2014-08-09,30,102,0,0.00021277201921213776,1.0123283084506753,-0.00021277201921213776,0.00021277201921213776,hist_gradient_boosting,Histogram Gradient Boosting
2014-08-15,8,57,0,0.00033114744478922835,1.0123283084506753,-0.00033114744478922835,0.00033114744478922835,hist_gradient_boosting,Histogram Gradient Boosting
2014-08-02,4,67,0,0.0003290105190404314,1.0123283084506753,-0.0003290105190404314,0.0003290105190404314,hist_gradient_boosting,Histogram Gradient Boosting
2014-08-04,12,91,0,0.0002596062920800867,1.0123283084506753,-0.0002596062920800867,0.0002596062920800867,hist_gradient_boosting,Histogram Gradient Boosting
2014-10-30,12,55,0,0.0,1.0123283084506753,0.0,0.0,hist_gradient_boosting,Histogram Gradient Boosting
2014-08-21,26,96,0,6.07889383444324e-06,1.0123283084506753,-6.07889383444324e-06,6.07889383444324e-06,hist_gradient_boosting,Histogram Gradient Boosting
2014-08-22,13,92,0,0.0006198101771820366,1.0123283084506753,-0.0006198101771820366,0.0006198101771820366,hist_gradient_boosting,Histogram Gradient Boosting
2014-10-26,35,88,0,0.0003065345901280382,1.0123283084506753,-0.0003065345901280382,0.0003065345901280382,hist_gradient_boosting,Histogram Gradient Boosting
2014-10-03,43,84,0,8.963383164031134e-05,1.0123283084506753,-8.963383164031134e-05,8.963383164031134e-05,hist_gradient_boosting,Histogram Gradient Boosting
2014-10-04,12,21,0,0.00022246170492640848,1.0123283084506753,-0.00022246170492640848,0.00022246170492640848,hist_gradient_boosting,Histogram Gradient Boosting
2014-09-17,25,80,0,0.0,1.0123283084506753,0.0,0.0,hist_gradient_boosting,Histogram Gradient Boosting
2014-07-28,17,44,0,0.0004331055215602352,1.0123283084506753,-0.0004331055215602352,0.0004331055215602352,hist_gradient_boosting,Histogram Gradient Boosting
2014-07-30,13,85,0,6.07889383444324e-06,1.0123283084506753,-6.07889383444324e-06,6.07889383444324e-06,hist_gradient_boosting,Histogram Gradient Boosting
2014-10-08,38,74,0,0.0,1.0123283084506753,0.0,0.0,hist_gradient_boosting,Histogram Gradient Boosting
2014-08-28,11,1,0,0.00012367083339078375,1.0123283084506753,-0.00012367083339078375,0.00012367083339078375,hist_gradient_boosting,Histogram Gradient Boosting
2014-08-31,6,46,0,0.00023989252258351228,1.0123283084506753,-0.00023989252258351228,0.00023989252258351228,hist_gradient_boosting,Histogram Gradient Boosting
2014-10-12,12,62,0,0.00023918700520194768,1.0123283084506753,-0.00023918700520194768,0.00023918700520194768,hist_gradient_boosting,Histogram Gradient Boosting
2014-10-21,18,87,0,0.0,1.0123283084506753,0.0,0.0,hist_gradient_boosting,Histogram Gradient Boosting
2014-07-26,24,111,0,0.0002643794515604371,1.0123283084506753,-0.0002643794515604371,0.0002643794515604371,hist_gradient_boosting,Histogram Gradient Boosting
2014-08-09,2,61,0,0.00033760471737709894,1.0123283084506753,-0.00033760471737709894,0.00033760471737709894,hist_gradient_boosting,Histogram Gradient Boosting
2014-07-26,10,17,0,0.00023337665420931659,1.0123283084506753,-0.00023337665420931659,0.00023337665420931659,hist_gradient_boosting,Histogram Gradient Boosting
2014-10-28,39,21,0,0.0,1.0123283084506753,0.0,0.0,hist_gradient_boosting,Histogram Gradient Boosting
2014-08-14,15,109,0,0.0,1.0123283084506753,0.0,0.0,hist_gradient_boosting,Histogram Gradient Boosting
2014-08-11,27,87,0,0.00019467343282351336,1.0123283084506753,-0.00019467343282351336,0.00019467343282351336,hist_gradient_boosting,Histogram Gradient Boosting
2014-10-26,7,87,0,0.00035724517672851313,1.0123283084506753,-0.00035724517672851313,0.00035724517672851313,hist_gradient_boosting,Histogram Gradient Boosting
2014-10-09,44,92,0,0.0,1.0123283084506753,0.0,0.0,hist_gradient_boosting,Histogram Gradient Boosting
2014-08-24,39,2,0,0.00011612930021756795,1.0123283084506753,-0.00011612930021756795,0.00011612930021756795,hist_gradient_boosting,Histogram Gradient Boosting
2014-09-12,31,89,0,7.351217360612332e-05,1.0123283084506753,-7.351217360612332e-05,7.351217360612332e-05,hist_gradient_boosting,Histogram Gradient Boosting
2014-08-11,29,67,0,0.0005079448362727459,1.0123283084506753,-0.0005079448362727459,0.0005079448362727459,hist_gradient_boosting,Histogram Gradient Boosting
2014-08-29,4,53,0,0.0001306950293623216,1.0123283084506753,-0.0001306950293623216,0.0001306950293623216,hist_gradient_boosting,Histogram Gradient Boosting
2014-10-20,25,13,0,0.00029379174850994967,1.0123283084506753,-0.00029379174850994967,0.00029379174850994967,hist_gradient_boosting,Histogram Gradient Boosting
2014-07-18,30,99,0,9.471008009551952e-05,1.0123283084506753,-9.471008009551952e-05,9.471008009551952e-05,hist_gradient_boosting,Histogram Gradient Boosting
2014-09-04,17,76,0,4.633631362029894e-05,1.0123283084506753,-4.633631362029894e-05,4.633631362029894e-05,hist_gradient_boosting,Histogram Gradient Boosting
2014-07-29,45,63,0,6.07889383444324e-06,1.0123283084506753,-6.07889383444324e-06,6.07889383444324e-06,hist_gradient_boosting,Histogram Gradient Boosting
2014-09-10,6,2,0,0.0,1.0123283084506753,0.0,0.0,hist_gradient_boosting,Histogram Gradient Boosting
2014-09-06,21,15,0,0.0016710150587923842,1.0123283084506753,-0.0016710150587923842,0.0016710150587923842,hist_gradient_boosting,Histogram Gradient Boosting
2014-10-24,23,91,0,9.87230911098362e-05,1.0123283084506753,-9.87230911098362e-05,9.87230911098362e-05,hist_gradient_boosting,Histogram Gradient Boosting
2014-07-14,36,87,0,0.00022179344545653006,1.0123283084506753,-0.00022179344545653006,0.00022179344545653006,hist_gradient_boosting,Histogram Gradient Boosting
2014-10-17,28,6,0,9.119138747316438e-05,1.0123283084506753,-9.119138747316438e-05,9.119138747316438e-05,hist_gradient_boosting,Histogram Gradient Boosting
2014-09-25,21,94,0,0.0,1.0123283084506753,0.0,0.0,hist_gradient_boosting,Histogram Gradient Boosting
2014-10-23,23,35,0,0.0,1.0123283084506753,0.0,0.0,hist_gradient_boosting,Histogram Gradient Boosting
2014-10-09,45,13,0,4.443091624444844e-05,1.0123283084506753,-4.443091624444844e-05,4.443091624444844e-05,hist_gradient_boosting,Histogram Gradient Boosting
2014-07-27,14,93,0,0.0030254162351539206,1.0123283084506753,-0.0030254162351539206,0.0030254162351539206,hist_gradient_boosting,Histogram Gradient Boosting
2014-08-05,10,40,0,6.76466886000002e-05,1.0123283084506753,-6.76466886000002e-05,6.76466886000002e-05,hist_gradient_boosting,Histogram Gradient Boosting
2014-10-30,9,9,0,0.0004655747458011479,1.0123283084506753,-0.0004655747458011479,0.0004655747458011479,hist_gradient_boosting,Histogram Gradient Boosting
2014-10-16,1,59,0,0.0,1.0123283084506753,0.0,0.0,hist_gradient_boosting,Histogram Gradient Boosting
2014-10-19,20,104,0,7.799172302299131e-05,1.0123283084506753,-7.799172302299131e-05,7.799172302299131e-05,hist_gradient_boosting,Histogram Gradient Boosting
2014-10-19,41,17,0,0.0002540608395465965,1.0123283084506753,-0.0002540608395465965,0.0002540608395465965,hist_gradient_boosting,Histogram Gradient Boosting
2014-09-11,38,74,0,0.0,1.0123283084506753,0.0,0.0,hist_gradient_boosting,Histogram Gradient Boosting
2014-09-16,30,57,0,0.0,1.0123283084506753,0.0,0.0,hist_gradient_boosting,Histogram Gradient Boosting
2014-09-26,35,82,0,1.709250466866686e-05,1.0123283084506753,-1.709250466866686e-05,1.709250466866686e-05,hist_gradient_boosting,Histogram Gradient Boosting
2014-09-01,28,81,0,0.00015530250607231094,1.0123283084506753,-0.00015530250607231094,0.00015530250607231094,hist_gradient_boosting,Histogram Gradient Boosting
2014-10-15,27,71,0,0.0,1.0123283084506753,0.0,0.0,hist_gradient_boosting,Histogram Gradient Boosting
2014-10-28,4,43,0,0.0,1.0123283084506753,0.0,0.0,hist_gradient_boosting,Histogram Gradient Boosting
2014-09-21,33,84,0,0.00027203199519034273,1.0123283084506753,-0.00027203199519034273,0.00027203199519034273,hist_gradient_boosting,Histogram Gradient Boosting
2014-08-02,14,39,0,0.0001725609249349353,1.0123283084506753,-0.0001725609249349353,0.0001725609249349353,hist_gradient_boosting,Histogram Gradient Boosting
2014-10-04,25,79,0,0.0002897576586699272,1.0123283084506753,-0.0002897576586699272,0.0002897576586699272,hist_gradient_boosting,Histogram Gradient Boosting
2014-10-16,12,11,0,0.0,1.0123283084506753,0.0,0.0,hist_gradient_boosting,Histogram Gradient Boosting
2014-08-10,39,105,0,0.00030010908660300565,1.0123283084506753,-0.00030010908660300565,0.00030010908660300565,hist_gradient_boosting,Histogram Gradient Boosting
2014-10-27,21,63,0,0.00022830923837367206,1.0123283084506753,-0.00022830923837367206,0.00022830923837367206,hist_gradient_boosting,Histogram Gradient Boosting
2014-07-15,19,14,0,0.0,1.0123283084506753,0.0,0.0,hist_gradient_boosting,Histogram Gradient Boosting
2014-10-21,24,16,0,0.0,1.0123283084506753,0.0,0.0,hist_gradient_boosting,Histogram Gradient Boosting
2014-07-06,30,14,0,0.00028324146545899426,1.0123283084506753,-0.00028324146545899426,0.00028324146545899426,hist_gradient_boosting,Histogram Gradient Boosting
2014-08-06,22,33,0,0.0,1.0123283084506753,0.0,0.0,hist_gradient_boosting,Histogram Gradient Boosting
2014-10-26,7,13,0,0.00042273612798649483,1.0123283084506753,-0.00042273612798649483,0.00042273612798649483,hist_gradient_boosting,Histogram Gradient Boosting
2014-10-21,7,8,0,0.00021363217976618848,1.0123283084506753,-0.00021363217976618848,0.00021363217976618848,hist_gradient_boosting,Histogram Gradient Boosting
2014-08-12,32,56,0,0.0002477156513704586,1.0123283084506753,-0.0002477156513704586,0.0002477156513704586,hist_gradient_boosting,Histogram Gradient Boosting
2014-07-16,31,101,0,0.0,1.0123283084506753,0.0,0.0,hist_gradient_boosting,Histogram Gradient Boosting
2014-08-12,2,39,0,0.0,1.0123283084506753,0.0,0.0,hist_gradient_boosting,Histogram Gradient Boosting
2014-10-22,10,14,0,2.0243898846437523e-05,1.0123283084506753,-2.0243898846437523e-05,2.0243898846437523e-05,hist_gradient_boosting,Histogram Gradient Boosting
2014-07-03,22,38,0,2.320374638925122e-05,1.0123283084506753,-2.320374638925122e-05,2.320374638925122e-05,hist_gradient_boosting,Histogram Gradient Boosting
2014-10-14,37,73,0,0.0,1.0123283084506753,0.0,0.0,hist_gradient_boosting,Histogram Gradient Boosting
2014-09-30,16,95,0,0.0007419365750474754,1.0123283084506753,-0.0007419365750474754,0.0007419365750474754,hist_gradient_boosting,Histogram Gradient Boosting
2014-10-10,25,52,0,3.486450438952661e-05,1.0123283084506753,-3.486450438952661e-05,3.486450438952661e-05,hist_gradient_boosting,Histogram Gradient Boosting
2014-09-01,11,1,0,8.061881687332249e-05,1.0123283084506753,-8.061881687332249e-05,8.061881687332249e-05,hist_gradient_boosting,Histogram Gradient Boosting
2014-07-07,7,102,0,0.0002257345773233129,1.0123283084506753,-0.0002257345773233129,0.0002257345773233129,hist_gradient_boosting,Histogram Gradient Boosting
2014-08-09,4,79,0,0.00023899094560932222,1.0123283084506753,-0.00023899094560932222,0.00023899094560932222,hist_gradient_boosting,Histogram Gradient Boosting
2014-10-24,23,33,0,7.250784150648426e-05,1.0123283084506753,-7.250784150648426e-05,7.250784150648426e-05,hist_gradient_boosting,Histogram Gradient Boosting
2014-08-25,4,8,0,0.0005006345471844961,1.0123283084506753,-0.0005006345471844961,0.0005006345471844961,hist_gradient_boosting,Histogram Gradient Boosting
2014-07-06,32,52,0,0.00033018104445229024,1.0123283084506753,-0.00033018104445229024,0.00033018104445229024,hist_gradient_boosting,Histogram Gradient Boosting
2014-10-10,2,69,0,0.0001415087310304594,1.0123283084506753,-0.0001415087310304594,0.0001415087310304594,hist_gradient_boosting,Histogram Gradient Boosting
2014-09-20,18,4,0,0.00022588742012967877,1.0123283084506753,-0.00022588742012967877,0.00022588742012967877,hist_gradient_boosting,Histogram Gradient Boosting
2014-08-13,7,77,0,0.0,1.0123283084506753,0.0,0.0,hist_gradient_boosting,Histogram Gradient Boosting
2014-08-19,23,110,0,0.0,1.0123283084506753,0.0,0.0,hist_gradient_boosting,Histogram Gradient Boosting
2014-09-25,34,92,0,0.0,1.0123283084506753,0.0,0.0,hist_gradient_boosting,Histogram Gradient Boosting
2014-07-02,13,24,0,0.0,1.0123283084506753,0.0,0.0,hist_gradient_boosting,Histogram Gradient Boosting
2014-09-14,34,41,0,0.00018165093808277305,1.0123283084506753,-0.00018165093808277305,0.00018165093808277305,hist_gradient_boosting,Histogram Gradient Boosting
2014-10-31,27,13,0,5.957628447277012e-05,1.0123283084506753,-5.957628447277012e-05,5.957628447277012e-05,hist_gradient_boosting,Histogram Gradient Boosting
2014-10-18,26,10,0,3.741661555529655e-05,1.0123283084506753,-3.741661555529655e-05,3.741661555529655e-05,hist_gradient_boosting,Histogram Gradient Boosting
2014-07-15,29,105,0,0.0003281263840162624,1.0123283084506753,-0.0003281263840162624,0.0003281263840162624,hist_gradient_boosting,Histogram Gradient Boosting
2014-07-17,11,5,0,0.0035442053672939,1.0123283084506753,-0.0035442053672939,0.0035442053672939,hist_gradient_boosting,Histogram Gradient Boosting
2014-09-11,14,39,0,0.0,1.0123283084506753,0.0,0.0,hist_gradient_boosting,Histogram Gradient Boosting
2014-08-24,4,42,0,0.00023337665420931659,1.0123283084506753,-0.00023337665420931659,0.00023337665420931659,hist_gradient_boosting,Histogram Gradient Boosting
2014-10-18,2,74,0,0.0001180300113225777,1.0123283084506753,-0.0001180300113225777,0.0001180300113225777,hist_gradient_boosting,Histogram Gradient Boosting
2014-08-31,14,1,0,0.000466431848355594,1.0123283084506753,-0.000466431848355594,0.000466431848355594,hist_gradient_boosting,Histogram Gradient Boosting
2014-07-04,11,57,0,0.0,1.0123283084506753,0.0,0.0,hist_gradient_boosting,Histogram Gradient Boosting
2014-07-25,12,16,23,26.857559715992572,30.12111101150513,-3.857559715992572,3.857559715992572,hist_gradient_boosting,Histogram Gradient Boosting
2014-09-20,43,5,0,0.0,1.0123283084506753,0.0,0.0,hist_gradient_boosting,Histogram Gradient Boosting
2014-09-25,31,41,0,0.0,1.0123283084506753,0.0,0.0,hist_gradient_boosting,Histogram Gradient Boosting
2014-10-26,32,96,0,0.00035223251837042873,1.0123283084506753,-0.00035223251837042873,0.00035223251837042873,hist_gradient_boosting,Histogram Gradient Boosting
2014-07-20,12,4,0,0.0002925285545690661,1.0123283084506753,-0.0002925285545690661,0.0002925285545690661,hist_gradient_boosting,Histogram Gradient Boosting
2014-10-26,38,42,0,0.00023989252258351228,1.0123283084506753,-0.00023989252258351228,0.00023989252258351228,hist_gradient_boosting,Histogram Gradient Boosting
2014-07-04,20,15,0,0.0,1.0123283084506753,0.0,0.0,hist_gradient_boosting,Histogram Gradient Boosting
2014-09-04,1,90,0,0.0,1.0123283084506753,0.0,0.0,hist_gradient_boosting,Histogram Gradient Boosting
2014-07-16,26,92,0,0.0002372081275725668,1.0123283084506753,-0.0002372081275725668,0.0002372081275725668,hist_gradient_boosting,Histogram Gradient Boosting
2014-08-29,10,14,0,7.424021747629475e-05,1.0123283084506753,-7.424021747629475e-05,7.424021747629475e-05,hist_gradient_boosting,Histogram Gradient Boosting
2014-08-20,13,77,0,0.0,1.0123283084506753,0.0,0.0,hist_gradient_boosting,Histogram Gradient Boosting
2014-07-25,18,90,0,0.00011272641301641633,1.0123283084506753,-0.00011272641301641633,0.00011272641301641633,hist_gradient_boosting,Histogram Gradient Boosting
2014-10-10,12,73,0,4.539187660317272e-05,1.0123283084506753,-4.539187660317272e-05,4.539187660317272e-05,hist_gradient_boosting,Histogram Gradient Boosting
2014-08-19,40,10,0,0.0,1.0123283084506753,0.0,0.0,hist_gradient_boosting,Histogram Gradient Boosting
2014-10-01,24,88,0,0.00022598764975239203,1.0123283084506753,-0.00022598764975239203,0.00022598764975239203,hist_gradient_boosting,Histogram Gradient Boosting
2014-09-10,23,44,0,0.0,1.0123283084506753,0.0,0.0,hist_gradient_boosting,Histogram Gradient Boosting
2014-09-06,40,48,0,0.0002859399498642596,1.0123283084506753,-0.0002859399498642596,0.0002859399498642596,hist_gradient_boosting,Histogram Gradient Boosting
2014-08-20,2,50,0,0.0,1.0123283084506753,0.0,0.0,hist_gradient_boosting,Histogram Gradient Boosting
2014-08-20,42,27,0,0.0,1.0123283084506753,0.0,0.0,hist_gradient_boosting,Histogram Gradient Boosting
2014-10-11,27,34,0,0.00021470069294761863,1.0123283084506753,-0.00021470069294761863,0.00021470069294761863,hist_gradient_boosting,Histogram Gradient Boosting
2014-10-11,35,104,0,0.0002939910863697852,1.0123283084506753,-0.0002939910863697852,0.0002939910863697852,hist_gradient_boosting,Histogram Gradient Boosting
2014-08-02,22,55,0,0.00025702137913789807,1.0123283084506753,-0.00025702137913789807,0.00025702137913789807,hist_gradient_boosting,Histogram Gradient Boosting
2014-09-25,5,76,0,6.062474566477626e-05,1.0123283084506753,-6.062474566477626e-05,6.062474566477626e-05,hist_gradient_boosting,Histogram Gradient Boosting
2014-10-13,40,68,0,0.0001948869280206075,1.0123283084506753,-0.0001948869280206075,0.0001948869280206075,hist_gradient_boosting,Histogram Gradient Boosting
2014-08-31,6,21,0,0.00031497433664077513,1.0123283084506753,-0.00031497433664077513,0.00031497433664077513,hist_gradient_boosting,Histogram Gradient Boosting
2014-10-25,23,79,0,0.00022588742012967877,1.0123283084506753,-0.00022588742012967877,0.00022588742012967877,hist_gradient_boosting,Histogram Gradient Boosting
2014-08-22,16,62,0,0.0001513770913093923,1.0123283084506753,-0.0001513770913093923,0.0001513770913093923,hist_gradient_boosting,Histogram Gradient Boosting
2014-08-05,16,73,0,0.0,1.0123283084506753,0.0,0.0,hist_gradient_boosting,Histogram Gradient Boosting
2014-08-21,44,40,0,0.0,1.0123283084506753,0.0,0.0,hist_gradient_boosting,Histogram Gradient Boosting
2014-07-25,20,108,0,0.00039586656550190386,1.0123283084506753,-0.00039586656550190386,0.00039586656550190386,hist_gradient_boosting,Histogram Gradient Boosting
2014-07-11,13,27,0,7.909449430029615e-05,1.0123283084506753,-7.909449430029615e-05,7.909449430029615e-05,hist_gradient_boosting,Histogram Gradient Boosting
2014-09-07,35,74,0,0.0002763132554151952,1.0123283084506753,-0.0002763132554151952,0.0002763132554151952,hist_gradient_boosting,Histogram Gradient Boosting
2014-10-19,23,78,0,0.00017378622020706175,1.0123283084506753,-0.00017378622020706175,0.00017378622020706175,hist_gradient_boosting,Histogram Gradient Boosting
2014-10-23,40,1,0,0.00018837653084467882,1.0123283084506753,-0.00018837653084467882,0.00018837653084467882,hist_gradient_boosting,Histogram Gradient Boosting
2014-07-31,41,56,0,5.183526553932262e-05,1.0123283084506753,-5.183526553932262e-05,5.183526553932262e-05,hist_gradient_boosting,Histogram Gradient Boosting
2014-10-30,45,68,0,0.0,1.0123283084506753,0.0,0.0,hist_gradient_boosting,Histogram Gradient Boosting
2014-07-05,18,102,0,0.00021929925436856075,1.0123283084506753,-0.00021929925436856075,0.00021929925436856075,hist_gradient_boosting,Histogram Gradient Boosting
2014-07-28,27,32,0,0.00020209059197246688,1.0123283084506753,-0.00020209059197246688,0.00020209059197246688,hist_gradient_boosting,Histogram Gradient Boosting
2014-10-18,21,95,0,0.0011755737979962542,1.0123283084506753,-0.0011755737979962542,0.0011755737979962542,hist_gradient_boosting,Histogram Gradient Boosting
2014-07-02,27,26,0,0.0,1.0123283084506753,0.0,0.0,hist_gradient_boosting,Histogram Gradient Boosting
2014-10-30,43,32,0,0.0,1.0123283084506753,0.0,0.0,hist_gradient_boosting,Histogram Gradient Boosting
2014-08-01,27,16,0,0.0011128011129460309,1.0123283084506753,-0.0011128011129460309,0.0011128011129460309,hist_gradient_boosting,Histogram Gradient Boosting
2014-10-10,10,104,0,0.000552441500367135,1.0123283084506753,-0.000552441500367135,0.000552441500367135,hist_gradient_boosting,Histogram Gradient Boosting
2014-10-03,28,83,0,0.00015628333165459092,1.0123283084506753,-0.00015628333165459092,0.00015628333165459092,hist_gradient_boosting,Histogram Gradient Boosting
2014-08-24,13,5,165,74.46375852063906,71.21916618347169,90.53624147936094,90.53624147936094,hist_gradient_boosting,Histogram Gradient Boosting
2014-10-18,36,84,0,0.00023989252258351228,1.0123283084506753,-0.00023989252258351228,0.00023989252258351228,hist_gradient_boosting,Histogram Gradient Boosting
2014-10-17,23,23,0,0.00012689292868187115,1.0123283084506753,-0.00012689292868187115,0.00012689292868187115,hist_gradient_boosting,Histogram Gradient Boosting
2014-07-03,4,15,0,0.0,1.0123283084506753,0.0,0.0,hist_gradient_boosting,Histogram Gradient Boosting
2014-10-24,40,23,0,0.00011272641301641633,1.0123283084506753,-0.00011272641301641633,0.00011272641301641633,hist_gradient_boosting,Histogram Gradient Boosting
2014-09-25,38,18,0,0.0,1.0123283084506753,0.0,0.0,hist_gradient_boosting,Histogram Gradient Boosting
2014-09-12,17,30,0,0.00016772578937820486,1.0123283084506753,-0.00016772578937820486,0.00016772578937820486,hist_gradient_boosting,Histogram Gradient Boosting
2014-08-20,16,9,0,0.001474371289061454,1.0123283084506753,-0.001474371289061454,0.001474371289061454,hist_gradient_boosting,Histogram Gradient Boosting
2014-10-13,39,109,0,0.0,1.0123283084506753,0.0,0.0,hist_gradient_boosting,Histogram Gradient Boosting
2014-07-16,21,69,0,0.0,1.0123283084506753,0.0,0.0,hist_gradient_boosting,Histogram Gradient Boosting
2014-10-21,44,6,0,0.0,1.0123283084506753,0.0,0.0,hist_gradient_boosting,Histogram Gradient Boosting
2014-08-29,28,41,0,0.0001389427168832167,1.0123283084506753,-0.0001389427168832167,0.0001389427168832167,hist_gradient_boosting,Histogram Gradient Boosting
2014-07-29,13,46,0,0.0,1.0123283084506753,0.0,0.0,hist_gradient_boosting,Histogram Gradient Boosting
2014-07-20,21,6,0,0.00020418694762700123,1.0123283084506753,-0.00020418694762700123,0.00020418694762700123,hist_gradient_boosting,Histogram Gradient Boosting
2014-07-21,13,32,0,0.00022657659551820575,1.0123283084506753,-0.00022657659551820575,0.00022657659551820575,hist_gradient_boosting,Histogram Gradient Boosting
2014-10-29,16,90,0,0.0,1.0123283084506753,0.0,0.0,hist_gradient_boosting,Histogram Gradient Boosting
2014-08-02,39,35,0,0.0002374808474254246,1.0123283084506753,-0.0002374808474254246,0.0002374808474254246,hist_gradient_boosting,Histogram Gradient Boosting
2014-08-30,43,37,7,12.437285639665335,12.432222175598145,-5.437285639665335,5.437285639665335,hist_gradient_boosting,Histogram Gradient Boosting
2014-07-25,42,29,0,0.00011272641301641633,1.0123283084506753,-0.00011272641301641633,0.00011272641301641633,hist_gradient_boosting,Histogram Gradient Boosting
2014-09-21,37,51,0,0.0010078883933770154,1.0123283084506753,-0.0010078883933770154,0.0010078883933770154,hist_gradient_boosting,Histogram Gradient Boosting
2014-08-16,17,31,0,0.00023337665420931659,1.0123283084506753,-0.00023337665420931659,0.00023337665420931659,hist_gradient_boosting,Histogram Gradient Boosting
2014-07-21,38,107,0,0.00022657659551820575,1.0123283084506753,-0.00022657659551820575,0.00022657659551820575,hist_gradient_boosting,Histogram Gradient Boosting
2014-10-26,17,74,0,0.00043134650152047005,1.0123283084506753,-0.00043134650152047005,0.00043134650152047005,hist_gradient_boosting,Histogram Gradient Boosting
2014-10-22,15,57,0,0.0002629686113106442,1.0123283084506753,-0.0002629686113106442,0.0002629686113106442,hist_gradient_boosting,Histogram Gradient Boosting
2014-08-15,27,9,9,25.940835631264363,27.04861068725586,-16.940835631264363,16.940835631264363,hist_gradient_boosting,Histogram Gradient Boosting
2014-10-13,44,101,0,0.0001749711135625984,1.0123283084506753,-0.0001749711135625984,0.0001749711135625984,hist_gradient_boosting,Histogram Gradient Boosting
2014-08-07,37,2,0,0.0,1.0123283084506753,0.0,0.0,hist_gradient_boosting,Histogram Gradient Boosting
2014-07-19,31,81,0,0.00019966883721077617,1.0123283084506753,-0.00019966883721077617,0.00019966883721077617,hist_gradient_boosting,Histogram Gradient Boosting
2014-07-09,36,42,0,0.0,1.0123283084506753,0.0,0.0,hist_gradient_boosting,Histogram Gradient Boosting
2014-09-15,3,18,0,0.00022830923837367206,1.0123283084506753,-0.00022830923837367206,0.00022830923837367206,hist_gradient_boosting,Histogram Gradient Boosting
2014-07-21,19,97,0,0.0004126464441981124,1.0123283084506753,-0.0004126464441981124,0.0004126464441981124,hist_gradient_boosting,Histogram Gradient Boosting
2014-07-31,43,97,0,0.0001165363153974699,1.0123283084506753,-0.0001165363153974699,0.0001165363153974699,hist_gradient_boosting,Histogram Gradient Boosting
2014-07-25,18,106,0,0.00011272641301641633,1.0123283084506753,-0.00011272641301641633,0.00011272641301641633,hist_gradient_boosting,Histogram Gradient Boosting
2014-09-10,1,56,0,0.0,1.0123283084506753,0.0,0.0,hist_gradient_boosting,Histogram Gradient Boosting
2014-07-05,4,102,0,0.00026353740154206213,1.0123283084506753,-0.00026353740154206213,0.00026353740154206213,hist_gradient_boosting,Histogram Gradient Boosting
2014-09-19,34,46,0,7.250784150648426e-05,1.0123283084506753,-7.250784150648426e-05,7.250784150648426e-05,hist_gradient_boosting,Histogram Gradient Boosting
2014-09-25,24,92,0,0.0,1.0123283084506753,0.0,0.0,hist_gradient_boosting,Histogram Gradient Boosting
2014-10-30,27,104,0,0.0,1.0123283084506753,0.0,0.0,hist_gradient_boosting,Histogram Gradient Boosting
2014-08-04,33,69,0,0.0002257345773233129,1.0123283084506753,-0.0002257345773233129,0.0002257345773233129,hist_gradient_boosting,Histogram Gradient Boosting
2014-07-21,28,8,0,0.0005006345471844961,1.0123283084506753,-0.0005006345471844961,0.0005006345471844961,hist_gradient_boosting,Histogram Gradient Boosting
2014-07-18,15,92,0,0.0004562822227445036,1.0123283084506753,-0.0004562822227445036,0.0004562822227445036,hist_gradient_boosting,Histogram Gradient Boosting
2014-08-20,22,72,0,0.0,1.0123283084506753,0.0,0.0,hist_gradient_boosting,Histogram Gradient Boosting
2014-09-25,17,57,0,0.0,1.0123283084506753,0.0,0.0,hist_gradient_boosting,Histogram Gradient Boosting
2014-08-18,45,25,0,0.0002609063023847051,1.0123283084506753,-0.0002609063023847051,0.0002609063023847051,hist_gradient_boosting,Histogram Gradient Boosting
2014-10-19,39,82,0,0.00013409284568071612,1.0123283084506753,-0.00013409284568071612,0.00013409284568071612,hist_gradient_boosting,Histogram Gradient Boosting
2014-10-13,35,79,0,0.00015695365934685352,1.0123283084506753,-0.00015695365934685352,0.00015695365934685352,hist_gradient_boosting,Histogram Gradient Boosting
2014-10-29,36,83,0,0.0,1.0123283084506753,0.0,0.0,hist_gradient_boosting,Histogram Gradient Boosting
2014-10-29,41,101,0,0.0,1.0123283084506753,0.0,0.0,hist_gradient_boosting,Histogram Gradient Boosting
2014-07-10,30,78,0,0.0,1.0123283084506753,0.0,0.0,hist_gradient_boosting,Histogram Gradient Boosting
2014-10-17,15,98,0,0.00011272641301641633,1.0123283084506753,-0.00011272641301641633,0.00011272641301641633,hist_gradient_boosting,Histogram Gradient Boosting
2014-07-22,24,9,0,0.001669413417560871,1.0123283084506753,-0.001669413417560871,0.001669413417560871,hist_gradient_boosting,Histogram Gradient Boosting
2014-07-22,37,4,0,6.07889383444324e-06,1.0123283084506753,-6.07889383444324e-06,6.07889383444324e-06,hist_gradient_boosting,Histogram Gradient Boosting
2014-08-06,45,53,0,3.49176780485316e-05,1.0123283084506753,-3.49176780485316e-05,3.49176780485316e-05,hist_gradient_boosting,Histogram Gradient Boosting
2014-08-06,29,93,0,0.0026577832210776618,1.0123283084506753,-0.0026577832210776618,0.0026577832210776618,hist_gradient_boosting,Histogram Gradient Boosting
2014-07-28,43,13,0,0.00011100418831292702,1.0123283084506753,-0.00011100418831292702,0.00011100418831292702,hist_gradient_boosting,Histogram Gradient Boosting
2014-08-04,41,56,0,0.0003938625719474413,1.0123283084506753,-0.0003938625719474413,0.0003938625719474413,hist_gradient_boosting,Histogram Gradient Boosting
2014-09-19,4,29,0,0.00011272641301641633,1.0123283084506753,-0.00011272641301641633,0.00011272641301641633,hist_gradient_boosting,Histogram Gradient Boosting
2014-09-14,14,34,0,0.0002335901576677543,1.0123283084506753,-0.0002335901576677543,0.0002335901576677543,hist_gradient_boosting,Histogram Gradient Boosting
2014-09-07,37,40,0,0.0003564030485332209,1.0123283084506753,-0.0003564030485332209,0.0003564030485332209,hist_gradient_boosting,Histogram Gradient Boosting
2014-08-14,39,1,0,0.00012367083339078375,1.0123283084506753,-0.00012367083339078375,0.00012367083339078375,hist_gradient_boosting,Histogram Gradient Boosting
2014-07-05,29,40,0,0.0002897576586699272,1.0123283084506753,-0.0002897576586699272,0.0002897576586699272,hist_gradient_boosting,Histogram Gradient Boosting
2014-07-04,34,71,0,2.74362916384499e-05,1.0123283084506753,-2.74362916384499e-05,2.74362916384499e-05,hist_gradient_boosting,Histogram Gradient Boosting
2014-09-12,40,97,0,0.004933169985739587,1.0123283084506753,-0.004933169985739587,0.004933169985739587,hist_gradient_boosting,Histogram Gradient Boosting
2014-10-28,45,35,0,0.0,1.0123283084506753,0.0,0.0,hist_gradient_boosting,Histogram Gradient Boosting
2014-08-08,28,16,0,0.003931952235164899,1.0123283084506753,-0.003931952235164899,0.003931952235164899,hist_gradient_boosting,Histogram Gradient Boosting
2014-08-23,8,16,0,0.0018565198375323363,1.0123283084506753,-0.0018565198375323363,0.0018565198375323363,hist_gradient_boosting,Histogram Gradient Boosting
2014-10-17,1,75,0,0.0001372102288326719,1.0123283084506753,-0.0001372102288326719,0.0001372102288326719,hist_gradient_boosting,Histogram Gradient Boosting
2014-10-26,42,37,0,0.00020418694762700123,1.0123283084506753,-0.00020418694762700123,0.00020418694762700123,hist_gradient_boosting,Histogram Gradient Boosting
2014-09-10,1,73,0,0.0,1.0123283084506753,0.0,0.0,hist_gradient_boosting,Histogram Gradient Boosting
2014-07-30,7,19,0,0.0,1.0123283084506753,0.0,0.0,hist_gradient_boosting,Histogram Gradient Boosting
2014-07-21,29,68,0,0.00022830923837367206,1.0123283084506753,-0.00022830923837367206,0.00022830923837367206,hist_gradient_boosting,Histogram Gradient Boosting
2014-07-18,17,61,0,0.00043452818612033626,1.0123283084506753,-0.00043452818612033626,0.00043452818612033626,hist_gradient_boosting,Histogram Gradient Boosting
2014-09-14,36,88,0,0.00015543351471981393,1.0123283084506753,-0.00015543351471981393,0.00015543351471981393,hist_gradient_boosting,Histogram Gradient Boosting
2014-08-25,40,30,0,0.0002359615060476546,1.0123283084506753,-0.0002359615060476546,0.0002359615060476546,hist_gradient_boosting,Histogram Gradient Boosting
2014-10-15,41,5,0,0.000723648133700483,1.0123283084506753,-0.000723648133700483,0.000723648133700483,hist_gradient_boosting,Histogram Gradient Boosting
2014-10-20,28,99,0,0.00022830923837367206,1.0123283084506753,-0.00022830923837367206,0.00022830923837367206,hist_gradient_boosting,Histogram Gradient Boosting
2014-07-19,19,66,0,0.00043187796399119486,1.0123283084506753,-0.00043187796399119486,0.00043187796399119486,hist_gradient_boosting,Histogram Gradient Boosting
2014-07-07,37,63,0,0.0002833745212105958,1.0123283084506753,-0.0002833745212105958,0.0002833745212105958,hist_gradient_boosting,Histogram Gradient Boosting
2014-07-16,37,110,0,0.00030697769766696,1.0123283084506753,-0.00030697769766696,0.00030697769766696,hist_gradient_boosting,Histogram Gradient Boosting
2014-07-01,43,22,0,0.0,1.0123283084506753,0.0,0.0,hist_gradient_boosting,Histogram Gradient Boosting
2014-09-01,35,97,0,0.0,1.0123283084506753,0.0,0.0,hist_gradient_boosting,Histogram Gradient Boosting
2014-08-28,21,12,0,0.0,1.0123283084506753,0.0,0.0,hist_gradient_boosting,Histogram Gradient Boosting
2014-08-26,28,41,0,6.07889383444324e-06,1.0123283084506753,-6.07889383444324e-06,6.07889383444324e-06,hist_gradient_boosting,Histogram Gradient Boosting
2014-07-25,13,38,0,0.0001389427168832167,1.0123283084506753,-0.0001389427168832167,0.0001389427168832167,hist_gradient_boosting,Histogram Gradient Boosting
2014-07-02,8,71,0,0.0,1.0123283084506753,0.0,0.0,hist_gradient_boosting,Histogram Gradient Boosting
2014-07-08,45,4,0,0.7232767300598248,0.18722222745418549,-0.7232767300598248,0.7232767300598248,hist_gradient_boosting,Histogram Gradient Boosting
2014-09-03,17,42,0,3.5048048212948944e-06,1.0123283084506753,-3.5048048212948944e-06,3.5048048212948944e-06,hist_gradient_boosting,Histogram Gradient Boosting
2014-10-07,40,33,0,3.5048048212948944e-06,1.0123283084506753,-3.5048048212948944e-06,3.5048048212948944e-06,hist_gradient_boosting,Histogram Gradient Boosting
2014-09-11,6,46,0,0.0,1.0123283084506753,0.0,0.0,hist_gradient_boosting,Histogram Gradient Boosting
2014-07-24,7,31,0,0.0,1.0123283084506753,0.0,0.0,hist_gradient_boosting,Histogram Gradient Boosting
2014-10-30,22,106,0,0.0,1.0123283084506753,0.0,0.0,hist_gradient_boosting,Histogram Gradient Boosting
2014-09-01,35,110,0,0.0002592486906340367,1.0123283084506753,-0.0002592486906340367,0.0002592486906340367,hist_gradient_boosting,Histogram Gradient Boosting
2014-09-11,19,27,0,0.0,1.0123283084506753,0.0,0.0,hist_gradient_boosting,Histogram Gradient Boosting
2014-07-25,21,75,0,0.00011272641301641633,1.0123283084506753,-0.00011272641301641633,0.00011272641301641633,hist_gradient_boosting,Histogram Gradient Boosting
2014-09-24,11,1,0,0.0,1.0123283084506753,0.0,0.0,hist_gradient_boosting,Histogram Gradient Boosting
2014-10-21,23,62,0,0.0,1.0123283084506753,0.0,0.0,hist_gradient_boosting,Histogram Gradient Boosting
2014-09-27,31,74,0,0.00010787666894194941,1.0123283084506753,-0.00010787666894194941,0.00010787666894194941,hist_gradient_boosting,Histogram Gradient Boosting
2014-08-07,13,60,0,4.314381604891466e-05,1.0123283084506753,-4.314381604891466e-05,4.314381604891466e-05,hist_gradient_boosting,Histogram Gradient Boosting
2014-07-04,24,72,0,9.213576293919532e-05,1.0123283084506753,-9.213576293919532e-05,9.213576293919532e-05,hist_gradient_boosting,Histogram Gradient Boosting
2014-10-12,19,7,0,0.0002328846447315514,1.0123283084506753,-0.0002328846447315514,0.0002328846447315514,hist_gradient_boosting,Histogram Gradient Boosting
2014-07-16,25,63,0,3.821085359683278e-05,1.0123283084506753,-3.821085359683278e-05,3.821085359683278e-05,hist_gradient_boosting,Histogram Gradient Boosting
2014-10-31,19,103,0,0.0,1.0123283084506753,0.0,0.0,hist_gradient_boosting,Histogram Gradient Boosting
2014-07-02,18,86,0,0.0,1.0123283084506753,0.0,0.0,hist_gradient_boosting,Histogram Gradient Boosting
2014-08-04,11,72,0,0.0002571544314017542,1.0123283084506753,-0.0002571544314017542,0.0002571544314017542,hist_gradient_boosting,Histogram Gradient Boosting
2014-07-19,21,1,0,0.00040822512747126934,1.0123283084506753,-0.00040822512747126934,0.00040822512747126934,hist_gradient_boosting,Histogram Gradient Boosting
2014-07-03,32,102,0,3.5048048212948944e-06,1.0123283084506753,-3.5048048212948944e-06,3.5048048212948944e-06,hist_gradient_boosting,Histogram Gradient Boosting
2014-10-26,7,100,0,0.00035724517672851313,1.0123283084506753,-0.00035724517672851313,0.00035724517672851313,hist_gradient_boosting,Histogram Gradient Boosting
2014-07-02,40,82,0,0.0,1.0123283084506753,0.0,0.0,hist_gradient_boosting,Histogram Gradient Boosting
2014-08-30,30,60,0,0.00023337665420931659,1.0123283084506753,-0.00023337665420931659,0.00023337665420931659,hist_gradient_boosting,Histogram Gradient Boosting
2014-09-07,21,107,0,0.00021299457693861755,1.0123283084506753,-0.00021299457693861755,0.00021299457693861755,hist_gradient_boosting,Histogram Gradient Boosting
2014-10-10,14,13,0,0.0001772998348585656,1.0123283084506753,-0.0001772998348585656,0.0001772998348585656,hist_gradient_boosting,Histogram Gradient Boosting
2014-07-22,40,60,0,0.0,1.0123283084506753,0.0,0.0,hist_gradient_boosting,Histogram Gradient Boosting
2014-09-14,33,28,0,0.0002201412671460175,1.0123283084506753,-0.0002201412671460175,0.0002201412671460175,hist_gradient_boosting,Histogram Gradient Boosting
2014-09-11,24,108,0,0.0,1.0123283084506753,0.0,0.0,hist_gradient_boosting,Histogram Gradient Boosting
2014-07-13,8,109,0,0.00011588555449707409,1.0123283084506753,-0.00011588555449707409,0.00011588555449707409,hist_gradient_boosting,Histogram Gradient Boosting
2014-10-27,6,10,0,9.438504571125145e-05,1.0123283084506753,-9.438504571125145e-05,9.438504571125145e-05,hist_gradient_boosting,Histogram Gradient Boosting
2014-07-25,12,72,0,0.00010621137304112551,1.0123283084506753,-0.00010621137304112551,0.00010621137304112551,hist_gradient_boosting,Histogram Gradient Boosting
2014-08-15,40,2,0,0.00016098985249886046,1.0123283084506753,-0.00016098985249886046,0.00016098985249886046,hist_gradient_boosting,Histogram Gradient Boosting
2014-08-08,16,30,0,0.00014975650772773176,1.0123283084506753,-0.00014975650772773176,0.00014975650772773176,hist_gradient_boosting,Histogram Gradient Boosting
2014-07-21,34,91,0,0.00022830923837367206,1.0123283084506753,-0.00022830923837367206,0.00022830923837367206,hist_gradient_boosting,Histogram Gradient Boosting
2014-09-02,10,94,0,0.0,1.0123283084506753,0.0,0.0,hist_gradient_boosting,Histogram Gradient Boosting
2014-07-20,33,21,0,0.00031497433664077513,1.0123283084506753,-0.00031497433664077513,0.00031497433664077513,hist_gradient_boosting,Histogram Gradient Boosting
2014-09-21,26,110,0,0.0,1.0123283084506753,0.0,0.0,hist_gradient_boosting,Histogram Gradient Boosting
2014-10-09,1,44,0,0.0011126947986404058,1.0123283084506753,-0.0011126947986404058,0.0011126947986404058,hist_gradient_boosting,Histogram Gradient Boosting
2014-07-18,32,14,0,0.0001389427168832167,1.0123283084506753,-0.0001389427168832167,0.0001389427168832167,hist_gradient_boosting,Histogram Gradient Boosting
2014-08-19,26,47,0,0.0,1.0123283084506753,0.0,0.0,hist_gradient_boosting,Histogram Gradient Boosting
2014-07-16,19,41,0,0.0,1.0123283084506753,0.0,0.0,hist_gradient_boosting,Histogram Gradient Boosting
2014-08-06,38,2,0,0.0,1.0123283084506753,0.0,0.0,hist_gradient_boosting,Histogram Gradient Boosting
2014-10-07,24,26,0,3.061756234543835e-05,1.0123283084506753,-3.061756234543835e-05,3.061756234543835e-05,hist_gradient_boosting,Histogram Gradient Boosting
2014-10-08,10,32,0,0.0,1.0123283084506753,0.0,0.0,hist_gradient_boosting,Histogram Gradient Boosting
2014-09-22,28,106,0,0.00015785516237578744,1.0123283084506753,-0.00015785516237578744,0.00015785516237578744,hist_gradient_boosting,Histogram Gradient Boosting
2014-10-11,24,70,0,0.00015453201387365817,1.0123283084506753,-0.00015453201387365817,0.00015453201387365817,hist_gradient_boosting,Histogram Gradient Boosting
2014-10-02,38,44,0,0.0,1.0123283084506753,0.0,0.0,hist_gradient_boosting,Histogram Gradient Boosting
2014-09-21,37,33,0,0.0002802658449150257,1.0123283084506753,-0.0002802658449150257,0.0002802658449150257,hist_gradient_boosting,Histogram Gradient Boosting
2014-08-12,18,5,11,9.515365191780175,11.378333234786988,1.484634808219825,1.484634808219825,hist_gradient_boosting,Histogram Gradient Boosting
2014-07-15,29,36,0,0.001996933291742493,1.0123283084506753,-0.001996933291742493,0.001996933291742493,hist_gradient_boosting,Histogram Gradient Boosting
2014-08-31,27,87,0,0.0003327559743562107,1.0123283084506753,-0.0003327559743562107,0.0003327559743562107,hist_gradient_boosting,Histogram Gradient Boosting
2014-10-26,24,95,0,0.001876236094795326,1.0123283084506753,-0.001876236094795326,0.001876236094795326,hist_gradient_boosting,Histogram Gradient Boosting
2014-09-14,14,39,0,0.0002335901576677543,1.0123283084506753,-0.0002335901576677543,0.0002335901576677543,hist_gradient_boosting,Histogram Gradient Boosting
2014-08-11,25,28,0,6.603491482256625e-05,1.0123283084506753,-6.603491482256625e-05,6.603491482256625e-05,hist_gradient_boosting,Histogram Gradient Boosting
2014-09-26,4,55,0,6.849493568386815e-05,1.0123283084506753,-6.849493568386815e-05,6.849493568386815e-05,hist_gradient_boosting,Histogram Gradient Boosting
2014-07-19,14,104,0,0.00045957030824540367,1.0123283084506753,-0.00045957030824540367,0.00045957030824540367,hist_gradient_boosting,Histogram Gradient Boosting
2014-10-17,24,6,89,27.319862325475608,73.76916656494141,61.68013767452439,61.68013767452439,hist_gradient_boosting,Histogram Gradient Boosting
2014-10-07,43,73,1,0.8009744447697025,0.7477777868509293,0.19902555523029752,0.19902555523029752,hist_gradient_boosting,Histogram Gradient Boosting
2014-10-09,25,45,53,48.11622223662714,48.99194393157959,4.883777763372862,4.883777763372862,hist_gradient_boosting,Histogram Gradient Boosting
2014-10-07,38,92,0,2.4380597095968023e-05,1.0123283084506753,-2.4380597095968023e-05,2.4380597095968023e-05,hist_gradient_boosting,Histogram Gradient Boosting
2014-10-08,10,15,0,0.0013496615895249545,1.0123283084506753,-0.0013496615895249545,0.0013496615895249545,hist_gradient_boosting,Histogram Gradient Boosting
2014-09-14,26,79,0,0.00018165093808277305,1.0123283084506753,-0.00018165093808277305,0.00018165093808277305,hist_gradient_boosting,Histogram Gradient Boosting
2014-10-21,15,24,0,0.0,1.0123283084506753,0.0,0.0,hist_gradient_boosting,Histogram Gradient Boosting
2014-07-03,16,51,0,4.15277958987462e-05,1.0123283084506753,-4.15277958987462e-05,4.15277958987462e-05,hist_gradient_boosting,Histogram Gradient Boosting
2014-09-24,27,93,0,0.0,1.0123283084506753,0.0,0.0,hist_gradient_boosting,Histogram Gradient Boosting
2014-08-21,43,49,0,0.0,1.0123283084506753,0.0,0.0,hist_gradient_boosting,Histogram Gradient Boosting
2014-08-27,33,69,0,0.0,1.0123283084506753,0.0,0.0,hist_gradient_boosting,Histogram Gradient Boosting
2014-10-29,33,27,0,0.0,1.0123283084506753,0.0,0.0,hist_gradient_boosting,Histogram Gradient Boosting
2014-07-02,15,50,0,3.5048048212948944e-06,1.0123283084506753,-3.5048048212948944e-06,3.5048048212948944e-06,hist_gradient_boosting,Histogram Gradient Boosting
2014-08-26,13,15,0,0.0013342736250881635,1.0123283084506753,-0.0013342736250881635,0.0013342736250881635,hist_gradient_boosting,Histogram Gradient Boosting
2014-10-27,22,28,0,0.00022657659551820575,1.0123283084506753,-0.00022657659551820575,0.00022657659551820575,hist_gradient_boosting,Histogram Gradient Boosting
2014-08-05,33,39,0,3.5048048212948944e-06,1.0123283084506753,-3.5048048212948944e-06,3.5048048212948944e-06,hist_gradient_boosting,Histogram Gradient Boosting
2014-08-07,13,90,0,4.314381604891466e-05,1.0123283084506753,-4.314381604891466e-05,4.314381604891466e-05,hist_gradient_boosting,Histogram Gradient Boosting
2014-10-02,28,31,0,4.1432253591877504e-05,1.0123283084506753,-4.1432253591877504e-05,4.1432253591877504e-05,hist_gradient_boosting,Histogram Gradient Boosting
2014-08-24,27,85,0,0.00041457843359233085,1.0123283084506753,-0.00041457843359233085,0.00041457843359233085,hist_gradient_boosting,Histogram Gradient Boosting
2014-08-17,31,20,0,0.00019966883721077617,1.0123283084506753,-0.00019966883721077617,0.00019966883721077617,hist_gradient_boosting,Histogram Gradient Boosting
2014-09-19,43,2,0,0.001741264013565517,1.0123283084506753,-0.001741264013565517,0.001741264013565517,hist_gradient_boosting,Histogram Gradient Boosting
2014-10-03,12,28,0,8.963383164031134e-05,1.0123283084506753,-8.963383164031134e-05,8.963383164031134e-05,hist_gradient_boosting,Histogram Gradient Boosting
2014-08-22,7,19,0,0.00011272641301641633,1.0123283084506753,-0.00011272641301641633,0.00011272641301641633,hist_gradient_boosting,Histogram Gradient Boosting
2014-08-17,43,48,0,0.0002578634236709019,1.0123283084506753,-0.0002578634236709019,0.0002578634236709019,hist_gradient_boosting,Histogram Gradient Boosting
2014-07-31,22,67,0,9.205300568805992e-05,1.0123283084506753,-9.205300568805992e-05,9.205300568805992e-05,hist_gradient_boosting,Histogram Gradient Boosting
2014-09-03,15,12,0,3.5048048212948944e-06,1.0123283084506753,-3.5048048212948944e-06,3.5048048212948944e-06,hist_gradient_boosting,Histogram Gradient Boosting
2014-09-25,35,39,0,0.0,1.0123283084506753,0.0,0.0,hist_gradient_boosting,Histogram Gradient Boosting
2014-08-14,23,99,0,0.0,1.0123283084506753,0.0,0.0,hist_gradient_boosting,Histogram Gradient Boosting
2014-07-29,35,103,0,8.018668354490595e-05,1.0123283084506753,-8.018668354490595e-05,8.018668354490595e-05,hist_gradient_boosting,Histogram Gradient Boosting
2014-10-26,42,72,0,0.00023989252258351228,1.0123283084506753,-0.00023989252258351228,0.00023989252258351228,hist_gradient_boosting,Histogram Gradient Boosting
2014-10-26,33,87,0,0.0002661121598999148,1.0123283084506753,-0.0002661121598999148,0.0002661121598999148,hist_gradient_boosting,Histogram Gradient Boosting
2014-08-07,42,51,0,0.0,1.0123283084506753,0.0,0.0,hist_gradient_boosting,Histogram Gradient Boosting
2014-10-20,33,86,0,0.0,1.0123283084506753,0.0,0.0,hist_gradient_boosting,Histogram Gradient Boosting
2014-08-23,23,47,0,0.0002661121598999148,1.0123283084506753,-0.0002661121598999148,0.0002661121598999148,hist_gradient_boosting,Histogram Gradient Boosting
2014-09-14,42,2,0,0.0,1.0123283084506753,0.0,0.0,hist_gradient_boosting,Histogram Gradient Boosting
2014-09-28,9,48,0,0.00019966883721077617,1.0123283084506753,-0.00019966883721077617,0.00019966883721077617,hist_gradient_boosting,Histogram Gradient Boosting
2014-08-26,7,89,0,0.0,1.0123283084506753,0.0,0.0,hist_gradient_boosting,Histogram Gradient Boosting
2014-09-28,40,69,0,0.000362446312056614,1.0123283084506753,-0.000362446312056614,0.000362446312056614,hist_gradient_boosting,Histogram Gradient Boosting
2014-09-14,9,88,0,0.00015543351471981393,1.0123283084506753,-0.00015543351471981393,0.00015543351471981393,hist_gradient_boosting,Histogram Gradient Boosting
2014-10-03,22,85,0,0.0002302255695141553,1.0123283084506753,-0.0002302255695141553,0.0002302255695141553,hist_gradient_boosting,Histogram Gradient Boosting
2014-07-02,24,101,0,4.1432253591877504e-05,1.0123283084506753,-4.1432253591877504e-05,4.1432253591877504e-05,hist_gradient_boosting,Histogram Gradient Boosting
2014-07-13,12,7,0,0.00021470069294761863,1.0123283084506753,-0.00021470069294761863,0.00021470069294761863,hist_gradient_boosting,Histogram Gradient Boosting
2014-07-01,43,102,0,0.0,1.0123283084506753,0.0,0.0,hist_gradient_boosting,Histogram Gradient Boosting
2014-08-27,32,67,0,0.0003127748419054527,1.0123283084506753,-0.0003127748419054527,0.0003127748419054527,hist_gradient_boosting,Histogram Gradient Boosting
2014-07-30,13,5,44,49.104170074710886,63.60388870239258,-5.104170074710886,5.104170074710886,hist_gradient_boosting,Histogram Gradient Boosting
2014-08-08,39,50,0,0.00010357748677166107,1.0123283084506753,-0.00010357748677166107,0.00010357748677166107,hist_gradient_boosting,Histogram Gradient Boosting
2014-07-25,17,2,0,0.0031798898482800703,1.0123283084506753,-0.0031798898482800703,0.0031798898482800703,hist_gradient_boosting,Histogram Gradient Boosting
2014-08-09,43,3,0,0.33603386691035186,0.29277777671813965,-0.33603386691035186,0.33603386691035186,hist_gradient_boosting,Histogram Gradient Boosting
2014-10-24,13,15,0,0.0,1.0123283084506753,0.0,0.0,hist_gradient_boosting,Histogram Gradient Boosting
2014-07-03,28,38,0,0.0,1.0123283084506753,0.0,0.0,hist_gradient_boosting,Histogram Gradient Boosting
2014-10-28,25,80,0,0.0,1.0123283084506753,0.0,0.0,hist_gradient_boosting,Histogram Gradient Boosting
2014-10-25,38,83,0,0.00029059973076125316,1.0123283084506753,-0.00029059973076125316,0.00029059973076125316,hist_gradient_boosting,Histogram Gradient Boosting
2014-08-06,22,28,0,0.0,1.0123283084506753,0.0,0.0,hist_gradient_boosting,Histogram Gradient Boosting
2014-10-17,6,104,0,0.0004511341508254023,1.0123283084506753,-0.0004511341508254023,0.0004511341508254023,hist_gradient_boosting,Histogram Gradient Boosting
2014-08-07,20,46,0,3.5048048212948944e-06,1.0123283084506753,-3.5048048212948944e-06,3.5048048212948944e-06,hist_gradient_boosting,Histogram Gradient Boosting
2014-07-23,32,53,0,0.0,1.0123283084506753,0.0,0.0,hist_gradient_boosting,Histogram Gradient Boosting
2014-10-03,27,16,0,0.002332749136614184,1.0123283084506753,-0.002332749136614184,0.002332749136614184,hist_gradient_boosting,Histogram Gradient Boosting
2014-09-06,21,68,0,0.00027765800524108964,1.0123283084506753,-0.00027765800524108964,0.00027765800524108964,hist_gradient_boosting,Histogram Gradient Boosting
2014-10-13,44,98,0,0.0001749711135625984,1.0123283084506753,-0.0001749711135625984,0.0001749711135625984,hist_gradient_boosting,Histogram Gradient Boosting
2014-10-09,42,51,0,0.0,1.0123283084506753,0.0,0.0,hist_gradient_boosting,Histogram Gradient Boosting
2014-10-18,35,58,0,0.0001236450594350534,1.0123283084506753,-0.0001236450594350534,0.0001236450594350534,hist_gradient_boosting,Histogram Gradient Boosting
2014-07-11,39,54,0,4.712420560134306e-05,1.0123283084506753,-4.712420560134306e-05,4.712420560134306e-05,hist_gradient_boosting,Histogram Gradient Boosting
2014-07-11,15,6,0,7.909449430029615e-05,1.0123283084506753,-7.909449430029615e-05,7.909449430029615e-05,hist_gradient_boosting,Histogram Gradient Boosting
2014-09-23,40,30,0,0.0,1.0123283084506753,0.0,0.0,hist_gradient_boosting,Histogram Gradient Boosting
2014-10-17,15,9,0,0.0017645039975069056,1.0123283084506753,-0.0017645039975069056,0.0017645039975069056,hist_gradient_boosting,Histogram Gradient Boosting
2014-09-01,28,8,0,0.00023826834205435118,1.0123283084506753,-0.00023826834205435118,0.00023826834205435118,hist_gradient_boosting,Histogram Gradient Boosting
2014-09-14,12,3,0,7.080961977279352e-05,1.0123283084506753,-7.080961977279352e-05,7.080961977279352e-05,hist_gradient_boosting,Histogram Gradient Boosting
2014-07-25,14,19,0,4.80256096342295e-05,1.0123283084506753,-4.80256096342295e-05,4.80256096342295e-05,hist_gradient_boosting,Histogram Gradient Boosting
2014-08-24,40,54,0,0.00026804093648923966,1.0123283084506753,-0.00026804093648923966,0.00026804093648923966,hist_gradient_boosting,Histogram Gradient Boosting
2014-07-10,35,14,0,0.0,1.0123283084506753,0.0,0.0,hist_gradient_boosting,Histogram Gradient Boosting
2014-08-20,11,42,0,0.0,1.0123283084506753,0.0,0.0,hist_gradient_boosting,Histogram Gradient Boosting
2014-08-12,9,90,0,0.0,1.0123283084506753,0.0,0.0,hist_gradient_boosting,Histogram Gradient Boosting
2014-09-13,22,26,0,5.7112739923634995e-05,1.0123283084506753,-5.7112739923634995e-05,5.7112739923634995e-05,hist_gradient_boosting,Histogram Gradient Boosting
2014-10-20,12,9,0,0.0006303732438273171,1.0123283084506753,-0.0006303732438273171,0.0006303732438273171,hist_gradient_boosting,Histogram Gradient Boosting
2014-10-04,22,47,0,0.00028324146545899426,1.0123283084506753,-0.00028324146545899426,0.00028324146545899426,hist_gradient_boosting,Histogram Gradient Boosting
2014-10-01,4,63,0,0.0,1.0123283084506753,0.0,0.0,hist_gradient_boosting,Histogram Gradient Boosting
2014-10-27,28,52,0,0.00020209059197246688,1.0123283084506753,-0.00020209059197246688,0.00020209059197246688,hist_gradient_boosting,Histogram Gradient Boosting
2014-09-21,31,3,0,0.0,1.0123283084506753,0.0,0.0,hist_gradient_boosting,Histogram Gradient Boosting
2014-09-21,33,25,0,0.0001101259934714682,1.0123283084506753,-0.0001101259934714682,0.0001101259934714682,hist_gradient_boosting,Histogram Gradient Boosting
2014-09-09,45,44,0,0.0,1.0123283084506753,0.0,0.0,hist_gradient_boosting,Histogram Gradient Boosting
2014-08-24,8,76,0,0.0002180223544097026,1.0123283084506753,-0.0002180223544097026,0.0002180223544097026,hist_gradient_boosting,Histogram Gradient Boosting
2014-07-18,13,94,0,0.00017107894579467046,1.0123283084506753,-0.00017107894579467046,0.00017107894579467046,hist_gradient_boosting,Histogram Gradient Boosting
2014-09-03,7,23,22,26.183718266025963,29.943888664245605,-4.183718266025963,4.183718266025963,hist_gradient_boosting,Histogram Gradient Boosting
2014-09-12,22,7,0,8.560935762680007e-05,1.0123283084506753,-8.560935762680007e-05,8.560935762680007e-05,hist_gradient_boosting,Histogram Gradient Boosting
2014-09-27,29,48,0,0.0002643794515604371,1.0123283084506753,-0.0002643794515604371,0.0002643794515604371,hist_gradient_boosting,Histogram Gradient Boosting
2014-08-30,38,78,0,0.0002180223544097026,1.0123283084506753,-0.0002180223544097026,0.0002180223544097026,hist_gradient_boosting,Histogram Gradient Boosting
2014-10-30,2,81,0,0.0,1.0123283084506753,0.0,0.0,hist_gradient_boosting,Histogram Gradient Boosting
2014-08-20,44,5,95,24.89130586929691,23.893056106567386,70.10869413070309,70.10869413070309,hist_gradient_boosting,Histogram Gradient Boosting
2014-07-17,33,41,0,2.4045594087986417e-05,1.0123283084506753,-2.4045594087986417e-05,2.4045594087986417e-05,hist_gradient_boosting,Histogram Gradient Boosting
2014-10-18,8,6,0,0.00016396469811962488,1.0123283084506753,-0.00016396469811962488,0.00016396469811962488,hist_gradient_boosting,Histogram Gradient Boosting
2014-10-01,39,33,0,0.0,1.0123283084506753,0.0,0.0,hist_gradient_boosting,Histogram Gradient Boosting
2014-09-09,4,74,0,0.0,1.0123283084506753,0.0,0.0,hist_gradient_boosting,Histogram Gradient Boosting
2014-09-18,24,63,0,6.07889383444324e-06,1.0123283084506753,-6.07889383444324e-06,6.07889383444324e-06,hist_gradient_boosting,Histogram Gradient Boosting
2014-10-13,10,64,0,0.00020118904907145323,1.0123283084506753,-0.00020118904907145323,0.00020118904907145323,hist_gradient_boosting,Histogram Gradient Boosting
2014-08-21,31,32,0,0.0,1.0123283084506753,0.0,0.0,hist_gradient_boosting,Histogram Gradient Boosting
2014-07-28,20,98,0,0.00010731767784391223,1.0123283084506753,-0.00010731767784391223,0.00010731767784391223,hist_gradient_boosting,Histogram Gradient Boosting
2014-07-26,45,21,0,0.00033946310369980615,1.0123283084506753,-0.00033946310369980615,0.00033946310369980615,hist_gradient_boosting,Histogram Gradient Boosting
2014-08-21,3,57,0,0.0,1.0123283084506753,0.0,0.0,hist_gradient_boosting,Histogram Gradient Boosting
2014-08-22,43,61,0,4.79259752309526e-05,1.0123283084506753,-4.79259752309526e-05,4.79259752309526e-05,hist_gradient_boosting,Histogram Gradient Boosting
2014-09-16,19,7,0,0.0,1.0123283084506753,0.0,0.0,hist_gradient_boosting,Histogram Gradient Boosting
2014-07-17,9,23,0,0.0,1.0123283084506753,0.0,0.0,hist_gradient_boosting,Histogram Gradient Boosting
2014-08-06,19,78,0,0.00010223349187333199,1.0123283084506753,-0.00010223349187333199,0.00010223349187333199,hist_gradient_boosting,Histogram Gradient Boosting
2014-10-19,28,20,0,0.00023989252258351228,1.0123283084506753,-0.00023989252258351228,0.00023989252258351228,hist_gradient_boosting,Histogram Gradient Boosting
2014-09-20,40,45,49,48.977817176667706,47.13000087738037,0.022182823332293822,0.022182823332293822,hist_gradient_boosting,Histogram Gradient Boosting
2014-08-20,17,9,62,68.27477620113882,105.92944526672365,-6.27477620113882,6.27477620113882,hist_gradient_boosting,Histogram Gradient Boosting
2014-09-24,12,56,0,9.811472065892225e-06,1.0123283084506753,-9.811472065892225e-06,9.811472065892225e-06,hist_gradient_boosting,Histogram Gradient Boosting
2014-07-06,11,39,0,0.0003546701837875891,1.0123283084506753,-0.0003546701837875891,0.0003546701837875891,hist_gradient_boosting,Histogram Gradient Boosting
2014-08-14,26,77,0,0.0,1.0123283084506753,0.0,0.0,hist_gradient_boosting,Histogram Gradient Boosting
2014-07-18,25,51,0,9.319581640470296e-05,1.0123283084506753,-9.319581640470296e-05,9.319581640470296e-05,hist_gradient_boosting,Histogram Gradient Boosting
2014-10-04,20,89,0,0.00026353740154206213,1.0123283084506753,-0.00026353740154206213,0.00026353740154206213,hist_gradient_boosting,Histogram Gradient Boosting
2014-08-20,16,58,0,0.0,1.0123283084506753,0.0,0.0,hist_gradient_boosting,Histogram Gradient Boosting
2014-08-28,19,39,0,1.7792624899025665e-05,1.0123283084506753,-1.7792624899025665e-05,1.7792624899025665e-05,hist_gradient_boosting,Histogram Gradient Boosting
2014-10-12,42,75,0,0.0002307424330365346,1.0123283084506753,-0.0002307424330365346,0.0002307424330365346,hist_gradient_boosting,Histogram Gradient Boosting
2014-10-19,33,47,0,0.00029059973076125316,1.0123283084506753,-0.00029059973076125316,0.00029059973076125316,hist_gradient_boosting,Histogram Gradient Boosting
2014-09-12,37,61,0,0.00013639956935954608,1.0123283084506753,-0.00013639956935954608,0.00013639956935954608,hist_gradient_boosting,Histogram Gradient Boosting
2014-10-22,36,58,0,0.000287456105214593,1.0123283084506753,-0.000287456105214593,0.000287456105214593,hist_gradient_boosting,Histogram Gradient Boosting
2014-10-02,2,2,0,0.0,1.0123283084506753,0.0,0.0,hist_gradient_boosting,Histogram Gradient Boosting
2014-10-23,9,82,0,8.203458525078045e-05,1.0123283084506753,-8.203458525078045e-05,8.203458525078045e-05,hist_gradient_boosting,Histogram Gradient Boosting
2014-10-05,37,31,0,0.0003681208831757917,1.0123283084506753,-0.0003681208831757917,0.0003681208831757917,hist_gradient_boosting,Histogram Gradient Boosting
2014-07-16,18,34,0,0.0,1.0123283084506753,0.0,0.0,hist_gradient_boosting,Histogram Gradient Boosting
2014-09-26,34,41,0,3.0010442253159545e-05,1.0123283084506753,-3.0010442253159545e-05,3.0010442253159545e-05,hist_gradient_boosting,Histogram Gradient Boosting
2014-07-05,38,38,0,0.0003142458083980487,1.0123283084506753,-0.0003142458083980487,0.0003142458083980487,hist_gradient_boosting,Histogram Gradient Boosting
2014-10-28,41,18,0,0.0,1.0123283084506753,0.0,0.0,hist_gradient_boosting,Histogram Gradient Boosting
2014-07-26,37,31,0,0.0003000182876270459,1.0123283084506753,-0.0003000182876270459,0.0003000182876270459,hist_gradient_boosting,Histogram Gradient Boosting
2014-09-25,13,84,0,0.0,1.0123283084506753,0.0,0.0,hist_gradient_boosting,Histogram Gradient Boosting
2014-07-26,17,2,0,0.0011979459609438097,1.0123283084506753,-0.0011979459609438097,0.0011979459609438097,hist_gradient_boosting,Histogram Gradient Boosting
2014-07-29,43,3,0,0.22729518674989882,0.328333330154419,-0.22729518674989882,0.22729518674989882,hist_gradient_boosting,Histogram Gradient Boosting
2014-08-07,38,8,0,9.471705229648359e-05,1.0123283084506753,-9.471705229648359e-05,9.471705229648359e-05,hist_gradient_boosting,Histogram Gradient Boosting
2014-09-23,2,23,0,0.0,1.0123283084506753,0.0,0.0,hist_gradient_boosting,Histogram Gradient Boosting
2014-09-29,1,103,0,4.370168382410157e-05,1.0123283084506753,-4.370168382410157e-05,4.370168382410157e-05,hist_gradient_boosting,Histogram Gradient Boosting
2014-08-29,2,58,0,0.0003893496810651205,1.0123283084506753,-0.0003893496810651205,0.0003893496810651205,hist_gradient_boosting,Histogram Gradient Boosting
2014-09-02,19,67,0,0.0,1.0123283084506753,0.0,0.0,hist_gradient_boosting,Histogram Gradient Boosting
2014-08-10,6,46,0,0.00022693995201549116,1.0123283084506753,-0.00022693995201549116,0.00022693995201549116,hist_gradient_boosting,Histogram Gradient Boosting
2014-09-04,25,73,0,0.0,1.0123283084506753,0.0,0.0,hist_gradient_boosting,Histogram Gradient Boosting
2014-09-01,19,29,0,0.00011508222240574116,1.0123283084506753,-0.00011508222240574116,0.00011508222240574116,hist_gradient_boosting,Histogram Gradient Boosting
2014-10-26,18,56,0,0.0005594344060014876,1.0123283084506753,-0.0005594344060014876,0.0005594344060014876,hist_gradient_boosting,Histogram Gradient Boosting
2014-08-13,11,47,0,0.0,1.0123283084506753,0.0,0.0,hist_gradient_boosting,Histogram Gradient Boosting
2014-10-11,45,29,0,0.00023555025525010686,1.0123283084506753,-0.00023555025525010686,0.00023555025525010686,hist_gradient_boosting,Histogram Gradient Boosting
2014-07-25,29,6,0,7.702537750998232e-05,1.0123283084506753,-7.702537750998232e-05,7.702537750998232e-05,hist_gradient_boosting,Histogram Gradient Boosting
2014-07-28,5,58,0,0.0003024334969836625,1.0123283084506753,-0.0003024334969836625,0.0003024334969836625,hist_gradient_boosting,Histogram Gradient Boosting
2014-08-20,39,2,0,0.0,1.0123283084506753,0.0,0.0,hist_gradient_boosting,Histogram Gradient Boosting
2014-07-06,12,75,0,0.0002654661731665746,1.0123283084506753,-0.0002654661731665746,0.0002654661731665746,hist_gradient_boosting,Histogram Gradient Boosting
2014-08-23,3,7,0,0.0003065345901280382,1.0123283084506753,-0.0003065345901280382,0.0003065345901280382,hist_gradient_boosting,Histogram Gradient Boosting
2014-10-23,34,95,0,0.0015001670056559472,1.0123283084506753,-0.0015001670056559472,0.0015001670056559472,hist_gradient_boosting,Histogram Gradient Boosting
2014-07-18,9,1,0,0.00028103761683565307,1.0123283084506753,-0.00028103761683565307,0.00028103761683565307,hist_gradient_boosting,Histogram Gradient Boosting
2014-08-20,3,37,0,0.0,1.0123283084506753,0.0,0.0,hist_gradient_boosting,Histogram Gradient Boosting
2014-08-13,24,11,0,0.0,1.0123283084506753,0.0,0.0,hist_gradient_boosting,Histogram Gradient Boosting
2014-07-29,35,54,0,6.07889383444324e-06,1.0123283084506753,-6.07889383444324e-06,6.07889383444324e-06,hist_gradient_boosting,Histogram Gradient Boosting
2014-07-14,12,104,0,0.00046600717708297323,1.0123283084506753,-0.00046600717708297323,0.00046600717708297323,hist_gradient_boosting,Histogram Gradient Boosting
2014-09-06,26,97,0,8.042479224579085e-05,1.0123283084506753,-8.042479224579085e-05,8.042479224579085e-05,hist_gradient_boosting,Histogram Gradient Boosting
2014-08-23,33,102,0,0.00023989252258351228,1.0123283084506753,-0.00023989252258351228,0.00023989252258351228,hist_gradient_boosting,Histogram Gradient Boosting
2014-10-21,26,70,0,0.0,1.0123283084506753,0.0,0.0,hist_gradient_boosting,Histogram Gradient Boosting
2014-07-19,34,10,0,0.0002747476319250911,1.0123283084506753,-0.0002747476319250911,0.0002747476319250911,hist_gradient_boosting,Histogram Gradient Boosting
2014-07-05,3,22,0,0.0003808928298108742,1.0123283084506753,-0.0003808928298108742,0.0003808928298108742,hist_gradient_boosting,Histogram Gradient Boosting
2014-08-03,16,1,0,0.00046751878947840094,1.0123283084506753,-0.00046751878947840094,0.00046751878947840094,hist_gradient_boosting,Histogram Gradient Boosting
2014-08-30,36,51,0,0.0002203594426217494,1.0123283084506753,-0.0002203594426217494,0.0002203594426217494,hist_gradient_boosting,Histogram Gradient Boosting
2014-10-30,15,67,0,0.0,1.0123283084506753,0.0,0.0,hist_gradient_boosting,Histogram Gradient Boosting
2014-10-25,28,12,0,0.00023989252258351228,1.0123283084506753,-0.00023989252258351228,0.00023989252258351228,hist_gradient_boosting,Histogram Gradient Boosting
2014-10-02,19,19,0,0.0,1.0123283084506753,0.0,0.0,hist_gradient_boosting,Histogram Gradient Boosting
2014-08-06,27,28,0,0.0,1.0123283084506753,0.0,0.0,hist_gradient_boosting,Histogram Gradient Boosting
2014-09-25,2,8,0,0.0,1.0123283084506753,0.0,0.0,hist_gradient_boosting,Histogram Gradient Boosting
2014-10-09,20,21,0,2.7812879910674478e-05,1.0123283084506753,-2.7812879910674478e-05,2.7812879910674478e-05,hist_gradient_boosting,Histogram Gradient Boosting
2014-08-08,12,62,0,2.0910308542126664e-05,1.0123283084506753,-2.0910308542126664e-05,2.0910308542126664e-05,hist_gradient_boosting,Histogram Gradient Boosting
2014-08-04,32,54,0,0.0002898907152883003,1.0123283084506753,-0.0002898907152883003,0.0002898907152883003,hist_gradient_boosting,Histogram Gradient Boosting
2014-10-20,5,17,0,0.00013738400730781126,1.0123283084506753,-0.00013738400730781126,0.00013738400730781126,hist_gradient_boosting,Histogram Gradient Boosting
2014-10-29,11,18,0,0.0,1.0123283084506753,0.0,0.0,hist_gradient_boosting,Histogram Gradient Boosting
2014-10-16,38,93,0,0.0002557588188759866,1.0123283084506753,-0.0002557588188759866,0.0002557588188759866,hist_gradient_boosting,Histogram Gradient Boosting
2014-07-06,34,109,0,0.00036876221490657264,1.0123283084506753,-0.00036876221490657264,0.00036876221490657264,hist_gradient_boosting,Histogram Gradient Boosting
2014-10-07,45,77,0,0.0,1.0123283084506753,0.0,0.0,hist_gradient_boosting,Histogram Gradient Boosting
2014-09-10,36,12,0,0.0,1.0123283084506753,0.0,0.0,hist_gradient_boosting,Histogram Gradient Boosting
2014-08-31,37,54,0,0.0003327559743562107,1.0123283084506753,-0.0003327559743562107,0.0003327559743562107,hist_gradient_boosting,Histogram Gradient Boosting
2014-10-17,30,12,0,0.00010621137304112551,1.0123283084506753,-0.00010621137304112551,0.00010621137304112551,hist_gradient_boosting,Histogram Gradient Boosting
2014-10-29,29,88,0,0.0,1.0123283084506753,0.0,0.0,hist_gradient_boosting,Histogram Gradient Boosting
2014-10-12,12,86,0,0.0,1.0123283084506753,0.0,0.0,hist_gradient_boosting,Histogram Gradient Boosting
2014-08-15,34,10,0,0.00021228433516607393,1.0123283084506753,-0.00021228433516607393,0.00021228433516607393,hist_gradient_boosting,Histogram Gradient Boosting
2014-08-15,22,105,0,0.00025700842713740143,1.0123283084506753,-0.00025700842713740143,0.00025700842713740143,hist_gradient_boosting,Histogram Gradient Boosting
2014-08-04,36,106,0,0.0002257345773233129,1.0123283084506753,-0.0002257345773233129,0.0002257345773233129,hist_gradient_boosting,Histogram Gradient Boosting
2014-09-27,36,89,0,0.00023989252258351228,1.0123283084506753,-0.00023989252258351228,0.00023989252258351228,hist_gradient_boosting,Histogram Gradient Boosting
2014-10-27,28,68,0,0.00022830923837367206,1.0123283084506753,-0.00022830923837367206,0.00022830923837367206,hist_gradient_boosting,Histogram Gradient Boosting
2014-09-01,38,77,0,0.0004302925424664594,1.0123283084506753,-0.0004302925424664594,0.0004302925424664594,hist_gradient_boosting,Histogram Gradient Boosting
2014-08-14,27,66,0,0.00020759327447030751,1.0123283084506753,-0.00020759327447030751,0.00020759327447030751,hist_gradient_boosting,Histogram Gradient Boosting
2014-09-12,26,56,0,0.0,1.0123283084506753,0.0,0.0,hist_gradient_boosting,Histogram Gradient Boosting
2014-10-30,25,56,0,0.0,1.0123283084506753,0.0,0.0,hist_gradient_boosting,Histogram Gradient Boosting
2014-10-16,27,50,0,0.0,1.0123283084506753,0.0,0.0,hist_gradient_boosting,Histogram Gradient Boosting
2014-08-28,2,27,0,0.0,1.0123283084506753,0.0,0.0,hist_gradient_boosting,Histogram Gradient Boosting
2014-08-15,15,58,0,0.0003893496810651205,1.0123283084506753,-0.0003893496810651205,0.0003893496810651205,hist_gradient_boosting,Histogram Gradient Boosting
2014-08-23,18,104,0,0.0002607732496217823,1.0123283084506753,-0.0002607732496217823,0.0002607732496217823,hist_gradient_boosting,Histogram Gradient Boosting
2014-09-30,40,30,0,6.07889383444324e-06,1.0123283084506753,-6.07889383444324e-06,6.07889383444324e-06,hist_gradient_boosting,Histogram Gradient Boosting
2014-09-28,28,1,0,0.00016520251687099173,1.0123283084506753,-0.00016520251687099173,0.00016520251687099173,hist_gradient_boosting,Histogram Gradient Boosting
2014-09-24,7,64,0,0.0,1.0123283084506753,0.0,0.0,hist_gradient_boosting,Histogram Gradient Boosting
2014-09-29,3,18,0,0.00022830923837367206,1.0123283084506753,-0.00022830923837367206,0.00022830923837367206,hist_gradient_boosting,Histogram Gradient Boosting
2014-08-30,36,8,0,0.0005139541227588318,1.0123283084506753,-0.0005139541227588318,0.0005139541227588318,hist_gradient_boosting,Histogram Gradient Boosting
2014-09-27,31,108,0,0.00019956918769934242,1.0123283084506753,-0.00019956918769934242,0.00019956918769934242,hist_gradient_boosting,Histogram Gradient Boosting
2014-10-21,9,88,0,0.0,1.0123283084506753,0.0,0.0,hist_gradient_boosting,Histogram Gradient Boosting
2014-07-21,24,98,0,0.00020209059197246688,1.0123283084506753,-0.00020209059197246688,0.00020209059197246688,hist_gradient_boosting,Histogram Gradient Boosting
2014-08-01,3,107,0,2.5725817310175103e-05,1.0123283084506753,-2.5725817310175103e-05,2.5725817310175103e-05,hist_gradient_boosting,Histogram Gradient Boosting
2014-10-31,41,110,0,2.4494277001381064e-05,1.0123283084506753,-2.4494277001381064e-05,2.4494277001381064e-05,hist_gradient_boosting,Histogram Gradient Boosting
2014-08-05,13,88,0,0.0,1.0123283084506753,0.0,0.0,hist_gradient_boosting,Histogram Gradient Boosting
2014-10-24,17,3,0,0.0008940755919208036,1.0123283084506753,-0.0008940755919208036,0.0008940755919208036,hist_gradient_boosting,Histogram Gradient Boosting
2014-07-17,9,52,0,0.0,1.0123283084506753,0.0,0.0,hist_gradient_boosting,Histogram Gradient Boosting
2014-08-17,33,15,0,0.0,1.0123283084506753,0.0,0.0,hist_gradient_boosting,Histogram Gradient Boosting
2014-09-03,39,77,0,2.7985946777227063e-05,1.0123283084506753,-2.7985946777227063e-05,2.7985946777227063e-05,hist_gradient_boosting,Histogram Gradient Boosting
2014-08-18,14,102,0,0.00024002557256892074,1.0123283084506753,-0.00024002557256892074,0.00024002557256892074,hist_gradient_boosting,Histogram Gradient Boosting
2014-07-26,5,3,0,0.0005284224635391865,1.0123283084506753,-0.0005284224635391865,0.0005284224635391865,hist_gradient_boosting,Histogram Gradient Boosting
2014-10-04,37,14,0,0.0003564030485332209,1.0123283084506753,-0.0003564030485332209,0.0003564030485332209,hist_gradient_boosting,Histogram Gradient Boosting
2014-10-26,15,64,0,0.00035223251837042873,1.0123283084506753,-0.00035223251837042873,0.00035223251837042873,hist_gradient_boosting,Histogram Gradient Boosting
2014-07-21,35,90,0,0.00015785516237578744,1.0123283084506753,-0.00015785516237578744,0.00015785516237578744,hist_gradient_boosting,Histogram Gradient Boosting
2014-08-08,8,70,0,0.00011182495066476557,1.0123283084506753,-0.00011182495066476557,0.00011182495066476557,hist_gradient_boosting,Histogram Gradient Boosting
2014-10-10,2,5,105,54.52513067810052,57.97611122131348,50.47486932189948,50.47486932189948,hist_gradient_boosting,Histogram Gradient Boosting
2014-10-18,13,48,0,0.00017518349237925345,1.0123283084506753,-0.00017518349237925345,0.00017518349237925345,hist_gradient_boosting,Histogram Gradient Boosting
2014-08-09,35,4,0,0.0003056329530853046,1.0123283084506753,-0.0003056329530853046,0.0003056329530853046,hist_gradient_boosting,Histogram Gradient Boosting
2014-07-10,14,95,0,0.0,1.0123283084506753,0.0,0.0,hist_gradient_boosting,Histogram Gradient Boosting
2014-09-29,2,110,0,0.0,1.0123283084506753,0.0,0.0,hist_gradient_boosting,Histogram Gradient Boosting
2014-08-15,18,103,0,0.0004203573128881322,1.0123283084506753,-0.0004203573128881322,0.0004203573128881322,hist_gradient_boosting,Histogram Gradient Boosting
2014-10-31,36,43,0,0.0,1.0123283084506753,0.0,0.0,hist_gradient_boosting,Histogram Gradient Boosting
2014-07-26,33,16,0,0.0019213376463247235,1.0123283084506753,-0.0019213376463247235,0.0019213376463247235,hist_gradient_boosting,Histogram Gradient Boosting
2014-09-12,11,10,0,0.0,1.0123283084506753,0.0,0.0,hist_gradient_boosting,Histogram Gradient Boosting
2014-10-31,15,7,0,6.849493568386815e-05,1.0123283084506753,-6.849493568386815e-05,6.849493568386815e-05,hist_gradient_boosting,Histogram Gradient Boosting
2014-07-15,7,69,0,0.0,1.0123283084506753,0.0,0.0,hist_gradient_boosting,Histogram Gradient Boosting
2014-10-22,40,75,0,0.0,1.0123283084506753,0.0,0.0,hist_gradient_boosting,Histogram Gradient Boosting
2014-09-06,33,15,0,0.0016710150587923842,1.0123283084506753,-0.0016710150587923842,0.0016710150587923842,hist_gradient_boosting,Histogram Gradient Boosting
2014-09-19,28,21,0,2.9511669134491406e-05,1.0123283084506753,-2.9511669134491406e-05,2.9511669134491406e-05,hist_gradient_boosting,Histogram Gradient Boosting
2014-09-22,31,10,0,0.0001682222385693182,1.0123283084506753,-0.0001682222385693182,0.0001682222385693182,hist_gradient_boosting,Histogram Gradient Boosting
2014-10-08,39,47,0,0.0,1.0123283084506753,0.0,0.0,hist_gradient_boosting,Histogram Gradient Boosting
2014-07-26,25,94,0,0.0002595961207229878,1.0123283084506753,-0.0002595961207229878,0.0002595961207229878,hist_gradient_boosting,Histogram Gradient Boosting
2014-08-23,17,59,0,0.00023979286906460797,1.0123283084506753,-0.00023979286906460797,0.00023979286906460797,hist_gradient_boosting,Histogram Gradient Boosting
2014-09-24,25,3,0,0.0,1.0123283084506753,0.0,0.0,hist_gradient_boosting,Histogram Gradient Boosting
2014-10-25,5,24,0,0.00023933638791378932,1.0123283084506753,-0.00023933638791378932,0.00023933638791378932,hist_gradient_boosting,Histogram Gradient Boosting
2014-07-21,38,91,0,0.00025279588377956575,1.0123283084506753,-0.00025279588377956575,0.00025279588377956575,hist_gradient_boosting,Histogram Gradient Boosting
2014-08-29,11,79,0,0.0001389427168832167,1.0123283084506753,-0.0001389427168832167,0.0001389427168832167,hist_gradient_boosting,Histogram Gradient Boosting
2014-08-13,28,29,0,0.0,1.0123283084506753,0.0,0.0,hist_gradient_boosting,Histogram Gradient Boosting
2014-09-10,35,33,0,0.0,1.0123283084506753,0.0,0.0,hist_gradient_boosting,Histogram Gradient Boosting
2014-09-01,36,47,0,0.00045651717080501947,1.0123283084506753,-0.00045651717080501947,0.00045651717080501947,hist_gradient_boosting,Histogram Gradient Boosting
2014-09-20,37,31,0,0.0003379569823581426,1.0123283084506753,-0.0003379569823581426,0.0003379569823581426,hist_gradient_boosting,Histogram Gradient Boosting
2014-07-17,36,65,0,2.4045594087986417e-05,1.0123283084506753,-2.4045594087986417e-05,2.4045594087986417e-05,hist_gradient_boosting,Histogram Gradient Boosting
2014-09-29,19,107,0,0.00016186842676801734,1.0123283084506753,-0.00016186842676801734,0.00016186842676801734,hist_gradient_boosting,Histogram Gradient Boosting
2014-08-06,27,83,0,2.320374638925122e-05,1.0123283084506753,-2.320374638925122e-05,2.320374638925122e-05,hist_gradient_boosting,Histogram Gradient Boosting
2014-09-28,9,29,0,0.00019966883721077617,1.0123283084506753,-0.00019966883721077617,0.00019966883721077617,hist_gradient_boosting,Histogram Gradient Boosting
2014-07-03,17,12,0,3.5048048212948944e-06,1.0123283084506753,-3.5048048212948944e-06,3.5048048212948944e-06,hist_gradient_boosting,Histogram Gradient Boosting
2014-10-05,25,55,0,0.00030147471265106997,1.0123283084506753,-0.00030147471265106997,0.00030147471265106997,hist_gradient_boosting,Histogram Gradient Boosting
2014-10-11,35,64,0,0.0002993301739487324,1.0123283084506753,-0.0002993301739487324,0.0002993301739487324,hist_gradient_boosting,Histogram Gradient Boosting
2014-08-27,1,15,0,0.001505490634959354,1.0123283084506753,-0.001505490634959354,0.001505490634959354,hist_gradient_boosting,Histogram Gradient Boosting
2014-08-09,15,49,0,0.00027289615400574274,1.0123283084506753,-0.00027289615400574274,0.00027289615400574274,hist_gradient_boosting,Histogram Gradient Boosting
2014-08-03,25,23,0,0.00026353740154206213,1.0123283084506753,-0.00026353740154206213,0.00026353740154206213,hist_gradient_boosting,Histogram Gradient Boosting
2014-08-25,43,9,0,0.0018540097677169607,1.0123283084506753,-0.0018540097677169607,0.0018540097677169607,hist_gradient_boosting,Histogram Gradient Boosting
2014-09-23,31,68,0,0.0,1.0123283084506753,0.0,0.0,hist_gradient_boosting,Histogram Gradient Boosting
2014-08-07,14,4,0,6.113194228781246e-05,1.0123283084506753,-6.113194228781246e-05,6.113194228781246e-05,hist_gradient_boosting,Histogram Gradient Boosting
2014-07-17,4,11,0,0.0,1.0123283084506753,0.0,0.0,hist_gradient_boosting,Histogram Gradient Boosting
2014-10-18,7,20,0,0.0002418212486144687,1.0123283084506753,-0.0002418212486144687,0.0002418212486144687,hist_gradient_boosting,Histogram Gradient Boosting
2014-10-19,5,107,0,0.0002540608395465965,1.0123283084506753,-0.0002540608395465965,0.0002540608395465965,hist_gradient_boosting,Histogram Gradient Boosting
2014-09-27,7,26,0,0.0003010808735004759,1.0123283084506753,-0.0003010808735004759,0.0003010808735004759,hist_gradient_boosting,Histogram Gradient Boosting
2014-09-26,16,8,0,7.345064580689494e-05,1.0123283084506753,-7.345064580689494e-05,7.345064580689494e-05,hist_gradient_boosting,Histogram Gradient Boosting
2014-07-19,37,85,0,0.0003327559743562107,1.0123283084506753,-0.0003327559743562107,0.0003327559743562107,hist_gradient_boosting,Histogram Gradient Boosting
2014-07-17,9,9,0,0.0035941807187686203,1.0123283084506753,-0.0035941807187686203,0.0035941807187686203,hist_gradient_boosting,Histogram Gradient Boosting
2014-10-25,20,24,0,0.0002661121598999148,1.0123283084506753,-0.0002661121598999148,0.0002661121598999148,hist_gradient_boosting,Histogram Gradient Boosting
2014-08-24,27,12,0,0.0003141874562667162,1.0123283084506753,-0.0003141874562667162,0.0003141874562667162,hist_gradient_boosting,Histogram Gradient Boosting
2014-07-26,32,108,0,0.000583211463985279,1.0123283084506753,-0.000583211463985279,0.000583211463985279,hist_gradient_boosting,Histogram Gradient Boosting
2014-10-19,2,88,0,0.00023989252258351228,1.0123283084506753,-0.00023989252258351228,0.00023989252258351228,hist_gradient_boosting,Histogram Gradient Boosting
2014-07-01,15,11,0,0.0002015016606243146,1.0123283084506753,-0.0002015016606243146,0.0002015016606243146,hist_gradient_boosting,Histogram Gradient Boosting
2014-09-14,34,49,0,0.00015543351471981393,1.0123283084506753,-0.00015543351471981393,0.00015543351471981393,hist_gradient_boosting,Histogram Gradient Boosting
2014-08-16,37,24,0,0.00026804093648923966,1.0123283084506753,-0.00026804093648923966,0.00026804093648923966,hist_gradient_boosting,Histogram Gradient Boosting
2014-07-26,3,31,0,0.0003065345901280382,1.0123283084506753,-0.0003065345901280382,0.0003065345901280382,hist_gradient_boosting,Histogram Gradient Boosting
2014-07-25,12,109,0,0.0017926431042924289,1.0123283084506753,-0.0017926431042924289,0.0017926431042924289,hist_gradient_boosting,Histogram Gradient Boosting
2014-07-06,43,19,0,0.0001988268416675731,1.0123283084506753,-0.0001988268416675731,0.0001988268416675731,hist_gradient_boosting,Histogram Gradient Boosting
2014-08-04,30,89,0,0.00016867821597193536,1.0123283084506753,-0.00016867821597193536,0.00016867821597193536,hist_gradient_boosting,Histogram Gradient Boosting
2014-08-18,9,12,0,0.00020209059197246688,1.0123283084506753,-0.00020209059197246688,0.00020209059197246688,hist_gradient_boosting,Histogram Gradient Boosting
2014-09-18,26,9,0,0.0,1.0123283084506753,0.0,0.0,hist_gradient_boosting,Histogram Gradient Boosting
2014-08-09,33,72,0,0.00020625632750919016,1.0123283084506753,-0.00020625632750919016,0.00020625632750919016,hist_gradient_boosting,Histogram Gradient Boosting
2014-07-02,41,68,18,15.959414824811482,19.54194450378418,2.040585175188518,2.040585175188518,hist_gradient_boosting,Histogram Gradient Boosting
2014-09-19,3,88,0,0.0001372102288326719,1.0123283084506753,-0.0001372102288326719,0.0001372102288326719,hist_gradient_boosting,Histogram Gradient Boosting
2014-08-16,29,33,0,0.00023989252258351228,1.0123283084506753,-0.00023989252258351228,0.00023989252258351228,hist_gradient_boosting,Histogram Gradient Boosting
2014-07-02,35,79,0,2.9718245623968948e-05,1.0123283084506753,-2.9718245623968948e-05,2.9718245623968948e-05,hist_gradient_boosting,Histogram Gradient Boosting
2014-08-09,11,36,0,0.0017989595039546726,1.0123283084506753,-0.0017989595039546726,0.0017989595039546726,hist_gradient_boosting,Histogram Gradient Boosting
2014-07-15,43,5,0,0.0017415469315423318,1.0123283084506753,-0.0017415469315423318,0.0017415469315423318,hist_gradient_boosting,Histogram Gradient Boosting
2014-09-19,37,1,0,3.804590306338404e-05,1.0123283084506753,-3.804590306338404e-05,3.804590306338404e-05,hist_gradient_boosting,Histogram Gradient Boosting
2014-08-14,28,69,0,0.0,1.0123283084506753,0.0,0.0,hist_gradient_boosting,Histogram Gradient Boosting
2014-08-31,25,53,0,0.00023989252258351228,1.0123283084506753,-0.00023989252258351228,0.00023989252258351228,hist_gradient_boosting,Histogram Gradient Boosting
2014-10-08,16,101,0,0.0,1.0123283084506753,0.0,0.0,hist_gradient_boosting,Histogram Gradient Boosting
2014-07-30,45,28,0,0.0,1.0123283084506753,0.0,0.0,hist_gradient_boosting,Histogram Gradient Boosting
2014-09-07,45,56,0,5.923620070712244e-05,1.0123283084506753,-5.923620070712244e-05,5.923620070712244e-05,hist_gradient_boosting,Histogram Gradient Boosting
2014-08-14,2,92,0,0.0002839494779871425,1.0123283084506753,-0.0002839494779871425,0.0002839494779871425,hist_gradient_boosting,Histogram Gradient Boosting
2014-07-03,21,87,0,0.0,1.0123283084506753,0.0,0.0,hist_gradient_boosting,Histogram Gradient Boosting
2014-10-20,24,43,8,19.509435964266473,27.122778034210206,-11.509435964266473,11.509435964266473,hist_gradient_boosting,Histogram Gradient Boosting
2014-07-24,7,26,0,0.00024344642018758682,1.0123283084506753,-0.00024344642018758682,0.00024344642018758682,hist_gradient_boosting,Histogram Gradient Boosting
2014-10-06,3,30,0,0.00027644106776335617,1.0123283084506753,-0.00027644106776335617,0.00027644106776335617,hist_gradient_boosting,Histogram Gradient Boosting
2014-07-12,25,54,0,0.00027041121610692036,1.0123283084506753,-0.00027041121610692036,0.00027041121610692036,hist_gradient_boosting,Histogram Gradient Boosting
2014-09-09,40,47,0,3.4858142631655466e-05,1.0123283084506753,-3.4858142631655466e-05,3.4858142631655466e-05,hist_gradient_boosting,Histogram Gradient Boosting
2014-10-20,13,73,0,0.00016186842676801734,1.0123283084506753,-0.00016186842676801734,0.00016186842676801734,hist_gradient_boosting,Histogram Gradient Boosting
2014-08-17,3,94,0,0.0003327559743562107,1.0123283084506753,-0.0003327559743562107,0.0003327559743562107,hist_gradient_boosting,Histogram Gradient Boosting
2014-08-03,13,106,0,0.0002777060534329394,1.0123283084506753,-0.0002777060534329394,0.0002777060534329394,hist_gradient_boosting,Histogram Gradient Boosting
2014-10-06,29,70,0,0.0002519538435125562,1.0123283084506753,-0.0002519538435125562,0.0002519538435125562,hist_gradient_boosting,Histogram Gradient Boosting
2014-07-27,10,29,0,0.00023989252258351228,1.0123283084506753,-0.00023989252258351228,0.00023989252258351228,hist_gradient_boosting,Histogram Gradient Boosting
2014-08-03,34,110,0,0.00033552701040691065,1.0123283084506753,-0.00033552701040691065,0.00033552701040691065,hist_gradient_boosting,Histogram Gradient Boosting
2014-09-02,38,27,0,0.0,1.0123283084506753,0.0,0.0,hist_gradient_boosting,Histogram Gradient Boosting
2014-08-13,27,54,0,0.0,1.0123283084506753,0.0,0.0,hist_gradient_boosting,Histogram Gradient Boosting
2014-08-01,27,12,0,6.594250745033555e-05,1.0123283084506753,-6.594250745033555e-05,6.594250745033555e-05,hist_gradient_boosting,Histogram Gradient Boosting
2014-10-28,29,96,0,2.0243898846437523e-05,1.0123283084506753,-2.0243898846437523e-05,2.0243898846437523e-05,hist_gradient_boosting,Histogram Gradient Boosting
2014-07-01,42,51,0,0.00022641932843117896,1.0123283084506753,-0.00022641932843117896,0.00022641932843117896,hist_gradient_boosting,Histogram Gradient Boosting
2014-10-05,37,100,0,0.00039434388178695315,1.0123283084506753,-0.00039434388178695315,0.00039434388178695315,hist_gradient_boosting,Histogram Gradient Boosting
2014-09-10,33,14,0,0.0,1.0123283084506753,0.0,0.0,hist_gradient_boosting,Histogram Gradient Boosting
2014-08-19,40,28,0,0.0,1.0123283084506753,0.0,0.0,hist_gradient_boosting,Histogram Gradient Boosting
2014-07-16,36,92,0,0.0002839494779871425,1.0123283084506753,-0.0002839494779871425,0.0002839494779871425,hist_gradient_boosting,Histogram Gradient Boosting
2014-07-02,11,29,0,1.1155352624240086e-05,1.0123283084506753,-1.1155352624240086e-05,1.1155352624240086e-05,hist_gradient_boosting,Histogram Gradient Boosting
2014-08-03,31,85,0,0.0002495319680186974,1.0123283084506753,-0.0002495319680186974,0.0002495319680186974,hist_gradient_boosting,Histogram Gradient Boosting
2014-08-17,28,106,0,0.00023989252258351228,1.0123283084506753,-0.00023989252258351228,0.00023989252258351228,hist_gradient_boosting,Histogram Gradient Boosting
2014-07-26,40,85,0,0.0004004078429427507,1.0123283084506753,-0.0004004078429427507,0.0004004078429427507,hist_gradient_boosting,Histogram Gradient Boosting
2014-10-09,5,51,0,0.0008143839501695699,1.0123283084506753,-0.0008143839501695699,0.0008143839501695699,hist_gradient_boosting,Histogram Gradient Boosting
2014-10-07,16,76,0,4.633631362029894e-05,1.0123283084506753,-4.633631362029894e-05,4.633631362029894e-05,hist_gradient_boosting,Histogram Gradient Boosting
2014-10-30,40,73,0,0.0,1.0123283084506753,0.0,0.0,hist_gradient_boosting,Histogram Gradient Boosting
2014-09-27,29,83,0,0.00029059973076125316,1.0123283084506753,-0.00029059973076125316,0.00029059973076125316,hist_gradient_boosting,Histogram Gradient Boosting
2014-08-04,33,15,0,0.0018949499153089282,1.0123283084506753,-0.0018949499153089282,0.0018949499153089282,hist_gradient_boosting,Histogram Gradient Boosting
2014-08-12,8,8,0,0.00017619457967152615,1.0123283084506753,-0.00017619457967152615,0.00017619457967152615,hist_gradient_boosting,Histogram Gradient Boosting
2014-08-04,41,73,0,0.00028164178296843814,1.0123283084506753,-0.00028164178296843814,0.00028164178296843814,hist_gradient_boosting,Histogram Gradient Boosting
2014-08-27,4,47,0,0.0,1.0123283084506753,0.0,0.0,hist_gradient_boosting,Histogram Gradient Boosting
2014-07-26,14,52,0,0.0002643794515604371,1.0123283084506753,-0.0002643794515604371,0.0002643794515604371,hist_gradient_boosting,Histogram Gradient Boosting
2014-08-24,28,105,0,0.0002670116892080664,1.0123283084506753,-0.0002670116892080664,0.0002670116892080664,hist_gradient_boosting,Histogram Gradient Boosting
2014-09-24,15,37,0,0.0,1.0123283084506753,0.0,0.0,hist_gradient_boosting,Histogram Gradient Boosting
2014-07-27,19,55,0,0.0002597921843544902,1.0123283084506753,-0.0002597921843544902,0.0002597921843544902,hist_gradient_boosting,Histogram Gradient Boosting
2014-09-27,31,86,0,0.0,1.0123283084506753,0.0,0.0,hist_gradient_boosting,Histogram Gradient Boosting
2014-08-11,35,101,0,0.0001307368833653095,1.0123283084506753,-0.0001307368833653095,0.0001307368833653095,hist_gradient_boosting,Histogram Gradient Boosting
2014-10-27,36,93,0,0.0,1.0123283084506753,0.0,0.0,hist_gradient_boosting,Histogram Gradient Boosting
2014-07-03,8,13,0,0.0,1.0123283084506753,0.0,0.0,hist_gradient_boosting,Histogram Gradient Boosting
2014-07-20,16,101,0,0.00019758406187022753,1.0123283084506753,-0.00019758406187022753,0.00019758406187022753,hist_gradient_boosting,Histogram Gradient Boosting
2014-09-04,24,64,0,2.320374638925122e-05,1.0123283084506753,-2.320374638925122e-05,2.320374638925122e-05,hist_gradient_boosting,Histogram Gradient Boosting
2014-08-30,19,111,0,0.0002867820187417308,1.0123283084506753,-0.0002867820187417308,0.0002867820187417308,hist_gradient_boosting,Histogram Gradient Boosting
2014-10-30,15,73,0,0.0,1.0123283084506753,0.0,0.0,hist_gradient_boosting,Histogram Gradient Boosting
2014-07-23,34,58,0,0.0002303962230521858,1.0123283084506753,-0.0002303962230521858,0.0002303962230521858,hist_gradient_boosting,Histogram Gradient Boosting
2014-10-30,28,58,0,0.0,1.0123283084506753,0.0,0.0,hist_gradient_boosting,Histogram Gradient Boosting
2014-07-04,3,20,0,9.213576293919532e-05,1.0123283084506753,-9.213576293919532e-05,9.213576293919532e-05,hist_gradient_boosting,Histogram Gradient Boosting
2014-10-28,22,47,0,0.0,1.0123283084506753,0.0,0.0,hist_gradient_boosting,Histogram Gradient Boosting
2014-08-19,44,43,0,0.0,1.0123283084506753,0.0,0.0,hist_gradient_boosting,Histogram Gradient Boosting
2014-08-31,6,38,0,0.0002661121598999148,1.0123283084506753,-0.0002661121598999148,0.0002661121598999148,hist_gradient_boosting,Histogram Gradient Boosting
2014-08-02,10,51,0,6.648773207542868e-05,1.0123283084506753,-6.648773207542868e-05,6.648773207542868e-05,hist_gradient_boosting,Histogram Gradient Boosting
2014-07-17,11,70,0,6.07889383444324e-06,1.0123283084506753,-6.07889383444324e-06,6.07889383444324e-06,hist_gradient_boosting,Histogram Gradient Boosting
2014-09-27,7,54,0,0.00030018131355427505,1.0123283084506753,-0.00030018131355427505,0.00030018131355427505,hist_gradient_boosting,Histogram Gradient Boosting
2014-08-27,10,29,0,0.0,1.0123283084506753,0.0,0.0,hist_gradient_boosting,Histogram Gradient Boosting
2014-09-12,36,54,0,0.00014396030823454314,1.0123283084506753,-0.00014396030823454314,0.00014396030823454314,hist_gradient_boosting,Histogram Gradient Boosting
2014-08-09,4,104,0,0.00033409791434769494,1.0123283084506753,-0.00033409791434769494,0.00033409791434769494,hist_gradient_boosting,Histogram Gradient Boosting
2014-08-17,32,1,0,0.0005151131634642799,1.0123283084506753,-0.0005151131634642799,0.0005151131634642799,hist_gradient_boosting,Histogram Gradient Boosting
2014-10-31,30,33,0,0.00035334876252036024,1.0123283084506753,-0.00035334876252036024,0.00035334876252036024,hist_gradient_boosting,Histogram Gradient Boosting
2014-10-09,35,78,0,0.0,1.0123283084506753,0.0,0.0,hist_gradient_boosting,Histogram Gradient Boosting
2014-07-27,5,79,0,0.0002661121598999148,1.0123283084506753,-0.0002661121598999148,0.0002661121598999148,hist_gradient_boosting,Histogram Gradient Boosting
2014-09-26,25,22,0,0.0001389427168832167,1.0123283084506753,-0.0001389427168832167,0.0001389427168832167,hist_gradient_boosting,Histogram Gradient Boosting
2014-08-29,22,97,0,0.0008940755919208036,1.0123283084506753,-0.0008940755919208036,0.0008940755919208036,hist_gradient_boosting,Histogram Gradient Boosting
2014-08-28,7,92,0,0.0002839494779871425,1.0123283084506753,-0.0002839494779871425,0.0002839494779871425,hist_gradient_boosting,Histogram Gradient Boosting
2014-07-25,15,4,0,0.0001324275061269097,1.0123283084506753,-0.0001324275061269097,0.0001324275061269097,hist_gradient_boosting,Histogram Gradient Boosting
2014-09-30,7,97,0,0.0,1.0123283084506753,0.0,0.0,hist_gradient_boosting,Histogram Gradient Boosting
2014-09-12,17,106,0,0.0001415087310304594,1.0123283084506753,-0.0001415087310304594,0.0001415087310304594,hist_gradient_boosting,Histogram Gradient Boosting
2014-09-15,23,25,0,0.0,1.0123283084506753,0.0,0.0,hist_gradient_boosting,Histogram Gradient Boosting
2014-08-05,33,28,0,3.5048048212948944e-06,1.0123283084506753,-3.5048048212948944e-06,3.5048048212948944e-06,hist_gradient_boosting,Histogram Gradient Boosting
2014-09-11,14,103,0,0.0,1.0123283084506753,0.0,0.0,hist_gradient_boosting,Histogram Gradient Boosting
2014-07-14,33,111,0,0.00021625837347426967,1.0123283084506753,-0.00021625837347426967,0.00021625837347426967,hist_gradient_boosting,Histogram Gradient Boosting
2014-08-14,35,67,0,0.000274837102229128,1.0123283084506753,-0.000274837102229128,0.000274837102229128,hist_gradient_boosting,Histogram Gradient Boosting
2014-07-17,34,66,0,0.00023207941272752566,1.0123283084506753,-0.00023207941272752566,0.00023207941272752566,hist_gradient_boosting,Histogram Gradient Boosting
2014-07-29,10,74,0,0.00020920409212509187,1.0123283084506753,-0.00020920409212509187,0.00020920409212509187,hist_gradient_boosting,Histogram Gradient Boosting
2014-07-11,7,108,0,0.00036222512531251143,1.0123283084506753,-0.00036222512531251143,0.00036222512531251143,hist_gradient_boosting,Histogram Gradient Boosting
2014-10-24,21,15,0,0.0,1.0123283084506753,0.0,0.0,hist_gradient_boosting,Histogram Gradient Boosting
2014-09-14,27,7,0,0.0003065345901280382,1.0123283084506753,-0.0003065345901280382,0.0003065345901280382,hist_gradient_boosting,Histogram Gradient Boosting
2014-10-24,13,105,0,0.0008446837097783154,1.0123283084506753,-0.0008446837097783154,0.0008446837097783154,hist_gradient_boosting,Histogram Gradient Boosting
2014-09-28,25,38,0,0.0003220216224333947,1.0123283084506753,-0.0003220216224333947,0.0003220216224333947,hist_gradient_boosting,Histogram Gradient Boosting
2014-09-23,39,54,0,0.0,1.0123283084506753,0.0,0.0,hist_gradient_boosting,Histogram Gradient Boosting
2014-08-06,16,21,0,0.0,1.0123283084506753,0.0,0.0,hist_gradient_boosting,Histogram Gradient Boosting
2014-09-03,10,81,0,0.0,1.0123283084506753,0.0,0.0,hist_gradient_boosting,Histogram Gradient Boosting
2014-10-19,22,76,0,0.0002969030800009943,1.0123283084506753,-0.0002969030800009943,0.0002969030800009943,hist_gradient_boosting,Histogram Gradient Boosting
2014-08-24,2,6,0,0.00020418694762700123,1.0123283084506753,-0.00020418694762700123,0.00020418694762700123,hist_gradient_boosting,Histogram Gradient Boosting
2014-09-02,30,10,0,0.0,1.0123283084506753,0.0,0.0,hist_gradient_boosting,Histogram Gradient Boosting
2014-09-01,15,90,0,0.0003655711946164743,1.0123283084506753,-0.0003655711946164743,0.0003655711946164743,hist_gradient_boosting,Histogram Gradient Boosting
2014-08-17,39,67,0,0.000534940253944483,1.0123283084506753,-0.000534940253944483,0.000534940253944483,hist_gradient_boosting,Histogram Gradient Boosting
2014-10-27,14,80,0,0.00020209059197246688,1.0123283084506753,-0.00020209059197246688,0.00020209059197246688,hist_gradient_boosting,Histogram Gradient Boosting
2014-10-25,13,93,0,0.0007593824525029491,1.0123283084506753,-0.0007593824525029491,0.0007593824525029491,hist_gradient_boosting,Histogram Gradient Boosting
2014-08-15,18,15,0,0.0,1.0123283084506753,0.0,0.0,hist_gradient_boosting,Histogram Gradient Boosting
2014-08-06,2,57,0,0.00010382778718389368,1.0123283084506753,-0.00010382778718389368,0.00010382778718389368,hist_gradient_boosting,Histogram Gradient Boosting
2014-07-04,22,21,0,2.8669816834264225e-05,1.0123283084506753,-2.8669816834264225e-05,2.8669816834264225e-05,hist_gradient_boosting,Histogram Gradient Boosting
2014-09-03,36,37,0,0.0013170088894503833,1.0123283084506753,-0.0013170088894503833,0.0013170088894503833,hist_gradient_boosting,Histogram Gradient Boosting
2014-07-05,13,64,0,0.0002495319680186974,1.0123283084506753,-0.0002495319680186974,0.0002495319680186974,hist_gradient_boosting,Histogram Gradient Boosting
2014-08-06,42,93,0,0.0026577832210776618,1.0123283084506753,-0.0026577832210776618,0.0026577832210776618,hist_gradient_boosting,Histogram Gradient Boosting
2014-08-28,34,96,0,6.07889383444324e-06,1.0123283084506753,-6.07889383444324e-06,6.07889383444324e-06,hist_gradient_boosting,Histogram Gradient Boosting
2014-09-28,3,11,0,0.0003065345901280382,1.0123283084506753,-0.0003065345901280382,0.0003065345901280382,hist_gradient_boosting,Histogram Gradient Boosting
2014-09-12,18,98,0,7.351217360612332e-05,1.0123283084506753,-7.351217360612332e-05,7.351217360612332e-05,hist_gradient_boosting,Histogram Gradient Boosting
2014-09-13,3,54,0,0.00027556156568804904,1.0123283084506753,-0.00027556156568804904,0.00027556156568804904,hist_gradient_boosting,Histogram Gradient Boosting
2014-09-16,36,29,0,0.0,1.0123283084506753,0.0,0.0,hist_gradient_boosting,Histogram Gradient Boosting
2014-07-19,32,50,0,0.0003065345901280382,1.0123283084506753,-0.0003065345901280382,0.0003065345901280382,hist_gradient_boosting,Histogram Gradient Boosting
2014-08-30,10,70,0,0.0002014014334552683,1.0123283084506753,-0.0002014014334552683,0.0002014014334552683,hist_gradient_boosting,Histogram Gradient Boosting
2014-07-29,30,28,0,0.0,1.0123283084506753,0.0,0.0,hist_gradient_boosting,Histogram Gradient Boosting
2014-07-18,29,36,0,0.005979938835048274,1.0123283084506753,-0.005979938835048274,0.005979938835048274,hist_gradient_boosting,Histogram Gradient Boosting
2014-07-14,23,88,0,0.00014503557935640512,1.0123283084506753,-0.00014503557935640512,0.00014503557935640512,hist_gradient_boosting,Histogram Gradient Boosting
2014-10-27,18,9,0,0.0007589550413409084,1.0123283084506753,-0.0007589550413409084,0.0007589550413409084,hist_gradient_boosting,Histogram Gradient Boosting
2014-07-20,13,27,0,0.00017518349237925345,1.0123283084506753,-0.00017518349237925345,0.00017518349237925345,hist_gradient_boosting,Histogram Gradient Boosting
2014-10-23,18,5,7,10.116059889193018,16.991111087799073,-3.116059889193018,3.116059889193018,hist_gradient_boosting,Histogram Gradient Boosting
2014-09-20,36,28,0,0.00023989252258351228,1.0123283084506753,-0.00023989252258351228,0.00023989252258351228,hist_gradient_boosting,Histogram Gradient Boosting
2014-08-20,12,94,0,6.07889383444324e-06,1.0123283084506753,-6.07889383444324e-06,6.07889383444324e-06,hist_gradient_boosting,Histogram Gradient Boosting
2014-07-15,34,30,0,0.0,1.0123283084506753,0.0,0.0,hist_gradient_boosting,Histogram Gradient Boosting
2014-07-31,22,30,0,6.07889383444324e-06,1.0123283084506753,-6.07889383444324e-06,6.07889383444324e-06,hist_gradient_boosting,Histogram Gradient Boosting
2014-09-13,23,16,0,0.0,1.0123283084506753,0.0,0.0,hist_gradient_boosting,Histogram Gradient Boosting
2014-10-22,10,68,0,2.0243898846437523e-05,1.0123283084506753,-2.0243898846437523e-05,2.0243898846437523e-05,hist_gradient_boosting,Histogram Gradient Boosting
2014-09-25,4,46,0,0.0,1.0123283084506753,0.0,0.0,hist_gradient_boosting,Histogram Gradient Boosting
2014-09-22,45,18,0,0.00022830923837367206,1.0123283084506753,-0.00022830923837367206,0.00022830923837367206,hist_gradient_boosting,Histogram Gradient Boosting
2014-07-26,33,26,0,0.0005502952055705604,1.0123283084506753,-0.0005502952055705604,0.0005502952055705604,hist_gradient_boosting,Histogram Gradient Boosting
2014-07-19,17,9,92,122.56176400494024,114.88111038208008,-30.561764004940244,30.561764004940244,hist_gradient_boosting,Histogram Gradient Boosting
2014-09-22,37,2,0,0.0008701316351174389,1.0123283084506753,-0.0008701316351174389,0.0008701316351174389,hist_gradient_boosting,Histogram Gradient Boosting
2014-08-09,7,4,0,0.0003301214914574002,1.0123283084506753,-0.0003301214914574002,0.0003301214914574002,hist_gradient_boosting,Histogram Gradient Boosting
2014-10-31,27,19,0,0.00015065800426942985,1.0123283084506753,-0.00015065800426942985,0.00015065800426942985,hist_gradient_boosting,Histogram Gradient Boosting
2014-09-28,9,104,0,0.00022054872455068894,1.0123283084506753,-0.00022054872455068894,0.00022054872455068894,hist_gradient_boosting,Histogram Gradient Boosting
2014-08-03,29,3,0,0.00033552701040691065,1.0123283084506753,-0.00033552701040691065,0.00033552701040691065,hist_gradient_boosting,Histogram Gradient Boosting
2014-08-04,38,75,0,0.00016102646304623765,1.0123283084506753,-0.00016102646304623765,0.00016102646304623765,hist_gradient_boosting,Histogram Gradient Boosting
2014-09-14,36,80,0,0.00015543351471981393,1.0123283084506753,-0.00015543351471981393,0.00015543351471981393,hist_gradient_boosting,Histogram Gradient Boosting
2014-08-06,20,64,0,2.320374638925122e-05,1.0123283084506753,-2.320374638925122e-05,2.320374638925122e-05,hist_gradient_boosting,Histogram Gradient Boosting
2014-10-30,20,3,0,0.0,1.0123283084506753,0.0,0.0,hist_gradient_boosting,Histogram Gradient Boosting
2014-08-08,45,52,0,0.0001235399204026891,1.0123283084506753,-0.0001235399204026891,0.0001235399204026891,hist_gradient_boosting,Histogram Gradient Boosting
2014-10-06,5,97,0,0.00017279409753950104,1.0123283084506753,-0.00017279409753950104,0.00017279409753950104,hist_gradient_boosting,Histogram Gradient Boosting
2014-08-22,25,70,0,0.0001324275061269097,1.0123283084506753,-0.0001324275061269097,0.0001324275061269097,hist_gradient_boosting,Histogram Gradient Boosting
2014-10-06,23,43,0,0.0004346858197475791,1.0123283084506753,-0.0004346858197475791,0.0004346858197475791,hist_gradient_boosting,Histogram Gradient Boosting
2014-08-03,16,3,0,0.00037116838141951816,1.0123283084506753,-0.00037116838141951816,0.00037116838141951816,hist_gradient_boosting,Histogram Gradient Boosting
2014-09-18,43,29,0,0.0,1.0123283084506753,0.0,0.0,hist_gradient_boosting,Histogram Gradient Boosting
2014-08-03,4,84,0,0.00021679700494466804,1.0123283084506753,-0.00021679700494466804,0.00021679700494466804,hist_gradient_boosting,Histogram Gradient Boosting
2014-09-11,29,104,0,0.0,1.0123283084506753,0.0,0.0,hist_gradient_boosting,Histogram Gradient Boosting
2014-07-27,7,35,0,0.0003310231505731609,1.0123283084506753,-0.0003310231505731609,0.0003310231505731609,hist_gradient_boosting,Histogram Gradient Boosting
2014-07-08,15,86,0,0.23112027533158708,0.014722222834825514,-0.23112027533158708,0.23112027533158708,hist_gradient_boosting,Histogram Gradient Boosting
2014-07-28,45,94,0,0.0002462799313489314,1.0123283084506753,-0.0002462799313489314,0.0002462799313489314,hist_gradient_boosting,Histogram Gradient Boosting
2014-09-10,29,31,0,0.0,1.0123283084506753,0.0,0.0,hist_gradient_boosting,Histogram Gradient Boosting
2014-07-22,35,43,0,0.00019795588507447282,1.0123283084506753,-0.00019795588507447282,0.00019795588507447282,hist_gradient_boosting,Histogram Gradient Boosting
2014-08-17,42,17,0,0.00023989252258351228,1.0123283084506753,-0.00023989252258351228,0.00023989252258351228,hist_gradient_boosting,Histogram Gradient Boosting
2014-10-29,23,97,0,0.0,1.0123283084506753,0.0,0.0,hist_gradient_boosting,Histogram Gradient Boosting
2014-08-18,41,10,0,0.00027065345726464746,1.0123283084506753,-0.00027065345726464746,0.00027065345726464746,hist_gradient_boosting,Histogram Gradient Boosting
2014-09-27,34,17,0,0.00019966883721077617,1.0123283084506753,-0.00019966883721077617,0.00019966883721077617,hist_gradient_boosting,Histogram Gradient Boosting
2014-10-15,15,98,0,0.0,1.0123283084506753,0.0,0.0,hist_gradient_boosting,Histogram Gradient Boosting
2014-09-26,45,11,0,1.7961966480299298e-05,1.0123283084506753,-1.7961966480299298e-05,1.7961966480299298e-05,hist_gradient_boosting,Histogram Gradient Boosting
2014-10-07,24,14,0,2.9718245623968948e-05,1.0123283084506753,-2.9718245623968948e-05,2.9718245623968948e-05,hist_gradient_boosting,Histogram Gradient Boosting
2014-10-09,16,56,0,0.0,1.0123283084506753,0.0,0.0,hist_gradient_boosting,Histogram Gradient Boosting
2014-09-15,35,14,0,0.00019824017549734636,1.0123283084506753,-0.00019824017549734636,0.00019824017549734636,hist_gradient_boosting,Histogram Gradient Boosting
2014-07-19,1,61,0,0.00048074823825522325,1.0123283084506753,-0.00048074823825522325,0.00048074823825522325,hist_gradient_boosting,Histogram Gradient Boosting
2014-10-07,8,43,0,0.0,1.0123283084506753,0.0,0.0,hist_gradient_boosting,Histogram Gradient Boosting
2014-08-06,45,94,0,6.113194228781246e-05,1.0123283084506753,-6.113194228781246e-05,6.113194228781246e-05,hist_gradient_boosting,Histogram Gradient Boosting
2014-08-12,30,103,0,0.0002917552531560075,1.0123283084506753,-0.0002917552531560075,0.0002917552531560075,hist_gradient_boosting,Histogram Gradient Boosting
2014-08-08,10,9,0,0.00191515841107767,1.0123283084506753,-0.00191515841107767,0.00191515841107767,hist_gradient_boosting,Histogram Gradient Boosting
2014-08-16,22,78,0,0.21852561164745601,0.04583333488553763,-0.21852561164745601,0.21852561164745601,hist_gradient_boosting,Histogram Gradient Boosting
2014-10-28,29,97,0,0.0,1.0123283084506753,0.0,0.0,hist_gradient_boosting,Histogram Gradient Boosting
2014-07-21,16,36,0,0.0036390086342378025,1.0123283084506753,-0.0036390086342378025,0.0036390086342378025,hist_gradient_boosting,Histogram Gradient Boosting
2014-10-04,35,3,0,0.0001591543087111739,1.0123283084506753,-0.0001591543087111739,0.0001591543087111739,hist_gradient_boosting,Histogram Gradient Boosting
2014-10-21,36,59,0,0.00019825808823319222,1.0123283084506753,-0.00019825808823319222,0.00019825808823319222,hist_gradient_boosting,Histogram Gradient Boosting
2014-07-07,36,21,0,0.00030081532863130805,1.0123283084506753,-0.00030081532863130805,0.00030081532863130805,hist_gradient_boosting,Histogram Gradient Boosting
2014-10-06,24,39,0,0.00021921880117829992,1.0123283084506753,-0.00021921880117829992,0.00021921880117829992,hist_gradient_boosting,Histogram Gradient Boosting
2014-08-20,18,53,0,0.0,1.0123283084506753,0.0,0.0,hist_gradient_boosting,Histogram Gradient Boosting
2014-09-15,38,102,0,0.00019557496985160103,1.0123283084506753,-0.00019557496985160103,0.00019557496985160103,hist_gradient_boosting,Histogram Gradient Boosting
2014-08-17,34,26,0,0.0003236051354374587,1.0123283084506753,-0.0003236051354374587,0.0003236051354374587,hist_gradient_boosting,Histogram Gradient Boosting
2014-07-20,40,60,0,0.0003065345901280382,1.0123283084506753,-0.0003065345901280382,0.0003065345901280382,hist_gradient_boosting,Histogram Gradient Boosting
2014-09-06,33,101,0,0.0002514380652773479,1.0123283084506753,-0.0002514380652773479,0.0002514380652773479,hist_gradient_boosting,Histogram Gradient Boosting
2014-09-07,7,80,0,0.0003378340914986634,1.0123283084506753,-0.0003378340914986634,0.0003378340914986634,hist_gradient_boosting,Histogram Gradient Boosting
2014-08-08,2,93,0,0.0007330895400720497,1.0123283084506753,-0.0007330895400720497,0.0007330895400720497,hist_gradient_boosting,Histogram Gradient Boosting
2014-08-07,3,25,0,0.0001248053158257766,1.0123283084506753,-0.0001248053158257766,0.0001248053158257766,hist_gradient_boosting,Histogram Gradient Boosting
2014-09-22,23,10,0,0.0001682222385693182,1.0123283084506753,-0.0001682222385693182,0.0001682222385693182,hist_gradient_boosting,Histogram Gradient Boosting
2014-07-08,19,74,0,0.00016212081866241761,1.0123283084506753,-0.00016212081866241761,0.00016212081866241761,hist_gradient_boosting,Histogram Gradient Boosting
2014-08-02,43,40,0,0.00025718439805761864,1.0123283084506753,-0.00025718439805761864,0.00025718439805761864,hist_gradient_boosting,Histogram Gradient Boosting
2014-07-01,20,80,0,0.00024595252673509805,1.0123283084506753,-0.00024595252673509805,0.00024595252673509805,hist_gradient_boosting,Histogram Gradient Boosting
2014-08-15,20,29,0,0.00011272641301641633,1.0123283084506753,-0.00011272641301641633,0.00011272641301641633,hist_gradient_boosting,Histogram Gradient Boosting
2014-08-29,19,69,0,3.7969937912340677e-06,1.0123283084506753,-3.7969937912340677e-06,3.7969937912340677e-06,hist_gradient_boosting,Histogram Gradient Boosting
2014-07-07,15,86,0,0.3342235143172959,0.014722222834825514,-0.3342235143172959,0.3342235143172959,hist_gradient_boosting,Histogram Gradient Boosting
2014-10-06,35,7,0,0.0001814981020361083,1.0123283084506753,-0.0001814981020361083,0.0001814981020361083,hist_gradient_boosting,Histogram Gradient Boosting
2014-07-28,11,8,0,0.0002933209528401344,1.0123283084506753,-0.0002933209528401344,0.0002933209528401344,hist_gradient_boosting,Histogram Gradient Boosting
2014-08-18,38,78,0,0.00023841470527673588,1.0123283084506753,-0.00023841470527673588,0.00023841470527673588,hist_gradient_boosting,Histogram Gradient Boosting
2014-10-31,15,80,0,6.849493568386815e-05,1.0123283084506753,-6.849493568386815e-05,6.849493568386815e-05,hist_gradient_boosting,Histogram Gradient Boosting
2014-09-05,8,6,0,0.0,1.0123283084506753,0.0,0.0,hist_gradient_boosting,Histogram Gradient Boosting
2014-09-01,13,23,0,0.0004302925424664594,1.0123283084506753,-0.0004302925424664594,0.0004302925424664594,hist_gradient_boosting,Histogram Gradient Boosting
2014-09-24,8,2,0,0.002457917801219452,1.0123283084506753,-0.002457917801219452,0.002457917801219452,hist_gradient_boosting,Histogram Gradient Boosting
2014-09-15,24,13,0,3.34877849792916e-05,1.0123283084506753,-3.34877849792916e-05,3.34877849792916e-05,hist_gradient_boosting,Histogram Gradient Boosting
2014-10-03,24,53,0,0.0001614333990277859,1.0123283084506753,-0.0001614333990277859,0.0001614333990277859,hist_gradient_boosting,Histogram Gradient Boosting
2014-08-12,27,38,0,0.0,1.0123283084506753,0.0,0.0,hist_gradient_boosting,Histogram Gradient Boosting
2014-09-19,12,79,0,1.0351337679742676,0.6766666695475578,-1.0351337679742676,1.0351337679742676,hist_gradient_boosting,Histogram Gradient Boosting
2014-10-27,9,12,0,0.00020209059197246688,1.0123283084506753,-0.00020209059197246688,0.00020209059197246688,hist_gradient_boosting,Histogram Gradient Boosting
2014-08-08,28,33,0,8.560935762680007e-05,1.0123283084506753,-8.560935762680007e-05,8.560935762680007e-05,hist_gradient_boosting,Histogram Gradient Boosting
2014-10-05,6,100,0,0.0003142458083980487,1.0123283084506753,-0.0003142458083980487,0.0003142458083980487,hist_gradient_boosting,Histogram Gradient Boosting
2014-07-15,35,110,0,0.000274837102229128,1.0123283084506753,-0.000274837102229128,0.000274837102229128,hist_gradient_boosting,Histogram Gradient Boosting
2014-07-14,30,49,0,0.00020209059197246688,1.0123283084506753,-0.00020209059197246688,0.00020209059197246688,hist_gradient_boosting,Histogram Gradient Boosting
2014-09-09,7,51,0,0.0,1.0123283084506753,0.0,0.0,hist_gradient_boosting,Histogram Gradient Boosting
2014-08-16,27,85,0,0.0003327559743562107,1.0123283084506753,-0.0003327559743562107,0.0003327559743562107,hist_gradient_boosting,Histogram Gradient Boosting
2014-07-10,35,31,0,0.0,1.0123283084506753,0.0,0.0,hist_gradient_boosting,Histogram Gradient Boosting
2014-09-27,9,67,0,0.00021143692636016315,1.0123283084506753,-0.00021143692636016315,0.00021143692636016315,hist_gradient_boosting,Histogram Gradient Boosting
2014-07-23,3,76,0,4.7178180792680734e-05,1.0123283084506753,-4.7178180792680734e-05,4.7178180792680734e-05,hist_gradient_boosting,Histogram Gradient Boosting
2014-10-09,12,75,0,0.0,1.0123283084506753,0.0,0.0,hist_gradient_boosting,Histogram Gradient Boosting
2014-08-15,23,74,0,0.00032864455355082476,1.0123283084506753,-0.00032864455355082476,0.00032864455355082476,hist_gradient_boosting,Histogram Gradient Boosting
2014-10-03,43,45,0,0.0032232826912436093,1.0123283084506753,-0.0032232826912436093,0.0032232826912436093,hist_gradient_boosting,Histogram Gradient Boosting
2014-10-15,5,96,0,0.0,1.0123283084506753,0.0,0.0,hist_gradient_boosting,Histogram Gradient Boosting
2014-07-05,7,11,0,0.00028995372821347544,1.0123283084506753,-0.00028995372821347544,0.00028995372821347544,hist_gradient_boosting,Histogram Gradient Boosting
2014-10-26,32,68,0,0.00035223251837042873,1.0123283084506753,-0.00035223251837042873,0.00035223251837042873,hist_gradient_boosting,Histogram Gradient Boosting
2014-08-19,8,101,0,0.0,1.0123283084506753,0.0,0.0,hist_gradient_boosting,Histogram Gradient Boosting
2014-08-19,1,53,0,0.0,1.0123283084506753,0.0,0.0,hist_gradient_boosting,Histogram Gradient Boosting
2014-10-08,27,50,0,0.0,1.0123283084506753,0.0,0.0,hist_gradient_boosting,Histogram Gradient Boosting
2014-09-28,31,48,0,0.00019966883721077617,1.0123283084506753,-0.00019966883721077617,0.00019966883721077617,hist_gradient_boosting,Histogram Gradient Boosting
2014-08-27,1,64,0,6.07889383444324e-06,1.0123283084506753,-6.07889383444324e-06,6.07889383444324e-06,hist_gradient_boosting,Histogram Gradient Boosting
2014-10-03,6,84,0,0.00013006657324411998,1.0123283084506753,-0.00013006657324411998,0.00013006657324411998,hist_gradient_boosting,Histogram Gradient Boosting
2014-10-02,13,102,0,3.5048048212948944e-06,1.0123283084506753,-3.5048048212948944e-06,3.5048048212948944e-06,hist_gradient_boosting,Histogram Gradient Boosting
2014-09-20,35,18,0,0.00028851476588806366,1.0123283084506753,-0.00028851476588806366,0.00028851476588806366,hist_gradient_boosting,Histogram Gradient Boosting
2014-07-17,34,4,0,2.4045594087986417e-05,1.0123283084506753,-2.4045594087986417e-05,2.4045594087986417e-05,hist_gradient_boosting,Histogram Gradient Boosting
2014-09-07,36,53,0,0.0002777060534329394,1.0123283084506753,-0.0002777060534329394,0.0002777060534329394,hist_gradient_boosting,Histogram Gradient Boosting
2014-09-01,27,89,0,0.00015530250607231094,1.0123283084506753,-0.00015530250607231094,0.00015530250607231094,hist_gradient_boosting,Histogram Gradient Boosting
2014-09-28,8,100,1,1.3165636404687158,0.40527778565883643,-0.31656364046871577,0.31656364046871577,hist_gradient_boosting,Histogram Gradient Boosting
2014-08-14,40,13,0,6.503208337251105e-05,1.0123283084506753,-6.503208337251105e-05,6.503208337251105e-05,hist_gradient_boosting,Histogram Gradient Boosting
2014-08-20,42,51,0,0.0,1.0123283084506753,0.0,0.0,hist_gradient_boosting,Histogram Gradient Boosting
2014-10-21,20,95,0,0.0016403048665917035,1.0123283084506753,-0.0016403048665917035,0.0016403048665917035,hist_gradient_boosting,Histogram Gradient Boosting
2014-07-23,4,98,0,0.0,1.0123283084506753,0.0,0.0,hist_gradient_boosting,Histogram Gradient Boosting
2014-07-04,43,1,0,2.146949155846275e-05,1.0123283084506753,-2.146949155846275e-05,2.146949155846275e-05,hist_gradient_boosting,Histogram Gradient Boosting
2014-08-09,7,49,0,0.000303900176286037,1.0123283084506753,-0.000303900176286037,0.000303900176286037,hist_gradient_boosting,Histogram Gradient Boosting
2014-09-25,17,59,0,0.0,1.0123283084506753,0.0,0.0,hist_gradient_boosting,Histogram Gradient Boosting
2014-09-23,20,53,0,0.0,1.0123283084506753,0.0,0.0,hist_gradient_boosting,Histogram Gradient Boosting
2014-10-28,11,47,0,0.0,1.0123283084506753,0.0,0.0,hist_gradient_boosting,Histogram Gradient Boosting
2014-07-16,7,64,0,6.07889383444324e-06,1.0123283084506753,-6.07889383444324e-06,6.07889383444324e-06,hist_gradient_boosting,Histogram Gradient Boosting
2014-07-19,4,77,0,0.00023989252258351228,1.0123283084506753,-0.00023989252258351228,0.00023989252258351228,hist_gradient_boosting,Histogram Gradient Boosting
2014-07-01,2,103,0,0.0,1.0123283084506753,0.0,0.0,hist_gradient_boosting,Histogram Gradient Boosting
2014-09-25,28,41,0,0.0,1.0123283084506753,0.0,0.0,hist_gradient_boosting,Histogram Gradient Boosting
2014-09-26,14,4,0,4.417578625359646e-05,1.0123283084506753,-4.417578625359646e-05,4.417578625359646e-05,hist_gradient_boosting,Histogram Gradient Boosting
2014-07-04,8,25,0,0.0,1.0123283084506753,0.0,0.0,hist_gradient_boosting,Histogram Gradient Boosting
2014-09-15,4,93,0,0.0,1.0123283084506753,0.0,0.0,hist_gradient_boosting,Histogram Gradient Boosting
2014-08-18,39,7,0,0.00022657659551820575,1.0123283084506753,-0.00022657659551820575,0.00022657659551820575,hist_gradient_boosting,Histogram Gradient Boosting
2014-09-24,37,56,0,0.0,1.0123283084506753,0.0,0.0,hist_gradient_boosting,Histogram Gradient Boosting
2014-09-24,36,31,0,0.0,1.0123283084506753,0.0,0.0,hist_gradient_boosting,Histogram Gradient Boosting
2014-09-22,4,109,0,0.0008105618754507232,1.0123283084506753,-0.0008105618754507232,0.0008105618754507232,hist_gradient_boosting,Histogram Gradient Boosting
2014-09-07,32,50,0,0.00033018104445229024,1.0123283084506753,-0.00033018104445229024,0.00033018104445229024,hist_gradient_boosting,Histogram Gradient Boosting
2014-07-26,19,73,0,0.00026630822480864385,1.0123283084506753,-0.00026630822480864385,0.00026630822480864385,hist_gradient_boosting,Histogram Gradient Boosting
2014-07-10,25,6,0,0.0,1.0123283084506753,0.0,0.0,hist_gradient_boosting,Histogram Gradient Boosting
2014-09-15,40,70,0,0.00018407264921824153,1.0123283084506753,-0.00018407264921824153,0.00018407264921824153,hist_gradient_boosting,Histogram Gradient Boosting
2014-07-21,20,53,0,0.00022657659551820575,1.0123283084506753,-0.00022657659551820575,0.00022657659551820575,hist_gradient_boosting,Histogram Gradient Boosting
2014-10-12,44,20,0,0.00016603399478369197,1.0123283084506753,-0.00016603399478369197,0.00016603399478369197,hist_gradient_boosting,Histogram Gradient Boosting
2014-08-31,12,88,0,0.0002418212486144687,1.0123283084506753,-0.0002418212486144687,0.0002418212486144687,hist_gradient_boosting,Histogram Gradient Boosting
2014-09-14,21,2,0,0.0,1.0123283084506753,0.0,0.0,hist_gradient_boosting,Histogram Gradient Boosting
2014-10-31,23,96,0,0.00010236132566633746,1.0123283084506753,-0.00010236132566633746,0.00010236132566633746,hist_gradient_boosting,Histogram Gradient Boosting
2014-08-27,24,30,0,0.0,1.0123283084506753,0.0,0.0,hist_gradient_boosting,Histogram Gradient Boosting
2014-09-29,13,77,0,0.0001515508722460897,1.0123283084506753,-0.0001515508722460897,0.0001515508722460897,hist_gradient_boosting,Histogram Gradient Boosting
2014-07-25,30,84,0,0.00010621137304112551,1.0123283084506753,-0.00010621137304112551,0.00010621137304112551,hist_gradient_boosting,Histogram Gradient Boosting
2014-08-06,28,86,0,0.0,1.0123283084506753,0.0,0.0,hist_gradient_boosting,Histogram Gradient Boosting
2014-09-01,32,18,0,0.00039179412639175985,1.0123283084506753,-0.00039179412639175985,0.00039179412639175985,hist_gradient_boosting,Histogram Gradient Boosting
2014-08-25,9,22,0,0.00016360095753273455,1.0123283084506753,-0.00016360095753273455,0.00016360095753273455,hist_gradient_boosting,Histogram Gradient Boosting
2014-07-25,27,7,0,0.00011272641301641633,1.0123283084506753,-0.00011272641301641633,0.00011272641301641633,hist_gradient_boosting,Histogram Gradient Boosting
2014-10-03,8,95,0,0.002038725874240603,1.0123283084506753,-0.002038725874240603,0.002038725874240603,hist_gradient_boosting,Histogram Gradient Boosting
2014-09-18,26,26,0,0.0,1.0123283084506753,0.0,0.0,hist_gradient_boosting,Histogram Gradient Boosting
2014-08-05,14,17,0,0.0,1.0123283084506753,0.0,0.0,hist_gradient_boosting,Histogram Gradient Boosting
2014-09-29,40,105,0,0.0,1.0123283084506753,0.0,0.0,hist_gradient_boosting,Histogram Gradient Boosting
2014-10-28,32,37,0,0.0,1.0123283084506753,0.0,0.0,hist_gradient_boosting,Histogram Gradient Boosting
2014-07-17,36,59,0,0.0002809399269966827,1.0123283084506753,-0.0002809399269966827,0.0002809399269966827,hist_gradient_boosting,Histogram Gradient Boosting
2014-07-01,35,2,0,0.0005556812433263599,1.0123283084506753,-0.0005556812433263599,0.0005556812433263599,hist_gradient_boosting,Histogram Gradient Boosting
2014-10-10,5,16,20,30.36734727628333,37.03583316802978,-10.36734727628333,10.36734727628333,hist_gradient_boosting,Histogram Gradient Boosting
2014-09-11,36,12,0,0.0,1.0123283084506753,0.0,0.0,hist_gradient_boosting,Histogram Gradient Boosting
2014-07-18,33,99,0,7.424021747629475e-05,1.0123283084506753,-7.424021747629475e-05,7.424021747629475e-05,hist_gradient_boosting,Histogram Gradient Boosting
2014-09-17,19,61,0,0.0,1.0123283084506753,0.0,0.0,hist_gradient_boosting,Histogram Gradient Boosting
2014-08-29,18,13,0,0.00019790373911981343,1.0123283084506753,-0.00019790373911981343,0.00019790373911981343,hist_gradient_boosting,Histogram Gradient Boosting
2014-10-07,15,59,0,3.405174853608741e-06,1.0123283084506753,-3.405174853608741e-06,3.405174853608741e-06,hist_gradient_boosting,Histogram Gradient Boosting
2014-07-17,35,111,0,0.0,1.0123283084506753,0.0,0.0,hist_gradient_boosting,Histogram Gradient Boosting
2014-08-13,27,39,0,0.0,1.0123283084506753,0.0,0.0,hist_gradient_boosting,Histogram Gradient Boosting
2014-07-17,45,28,0,0.0,1.0123283084506753,0.0,0.0,hist_gradient_boosting,Histogram Gradient Boosting
2014-08-05,10,45,0,0.0015606179568479453,1.0123283084506753,-0.0015606179568479453,0.0015606179568479453,hist_gradient_boosting,Histogram Gradient Boosting
2014-08-29,41,77,0,4.80256096342295e-05,1.0123283084506753,-4.80256096342295e-05,4.80256096342295e-05,hist_gradient_boosting,Histogram Gradient Boosting
2014-08-21,36,51,0,0.0,1.0123283084506753,0.0,0.0,hist_gradient_boosting,Histogram Gradient Boosting
2014-09-13,34,24,0,0.0002089215616173837,1.0123283084506753,-0.0002089215616173837,0.0002089215616173837,hist_gradient_boosting,Histogram Gradient Boosting
2014-08-26,35,96,0,0.0,1.0123283084506753,0.0,0.0,hist_gradient_boosting,Histogram Gradient Boosting
2014-09-24,35,70,0,0.0,1.0123283084506753,0.0,0.0,hist_gradient_boosting,Histogram Gradient Boosting
2014-09-03,13,56,0,0.0,1.0123283084506753,0.0,0.0,hist_gradient_boosting,Histogram Gradient Boosting
2014-08-17,24,104,0,0.000611721157814236,1.0123283084506753,-0.000611721157814236,0.000611721157814236,hist_gradient_boosting,Histogram Gradient Boosting
2014-09-25,36,14,0,0.0,1.0123283084506753,0.0,0.0,hist_gradient_boosting,Histogram Gradient Boosting
2014-09-05,35,62,0,9.213576293919532e-05,1.0123283084506753,-9.213576293919532e-05,9.213576293919532e-05,hist_gradient_boosting,Histogram Gradient Boosting
2014-07-21,33,56,0,0.000497127172634539,1.0123283084506753,-0.000497127172634539,0.000497127172634539,hist_gradient_boosting,Histogram Gradient Boosting
2014-10-03,2,35,0,0.00013006657324411998,1.0123283084506753,-0.00013006657324411998,0.00013006657324411998,hist_gradient_boosting,Histogram Gradient Boosting
2014-07-16,4,63,0,0.0,1.0123283084506753,0.0,0.0,hist_gradient_boosting,Histogram Gradient Boosting
2014-10-30,26,105,0,0.0,1.0123283084506753,0.0,0.0,hist_gradient_boosting,Histogram Gradient Boosting
2014-10-04,19,56,0,0.0001124187897355011,1.0123283084506753,-0.0001124187897355011,0.0001124187897355011,hist_gradient_boosting,Histogram Gradient Boosting
2014-08-03,35,67,0,0.0003981612210511332,1.0123283084506753,-0.0003981612210511332,0.0003981612210511332,hist_gradient_boosting,Histogram Gradient Boosting
2014-07-11,14,77,0,0.0,1.0123283084506753,0.0,0.0,hist_gradient_boosting,Histogram Gradient Boosting
2014-09-06,13,75,0,0.00019231124080777427,1.0123283084506753,-0.00019231124080777427,0.00019231124080777427,hist_gradient_boosting,Histogram Gradient Boosting
2014-10-03,6,20,0,0.00013006657324411998,1.0123283084506753,-0.00013006657324411998,0.00013006657324411998,hist_gradient_boosting,Histogram Gradient Boosting
2014-10-12,22,70,0,0.00023899094560932222,1.0123283084506753,-0.00023899094560932222,0.00023899094560932222,hist_gradient_boosting,Histogram Gradient Boosting
2014-07-24,8,82,0,0.0001507508087168514,1.0123283084506753,-0.0001507508087168514,0.0001507508087168514,hist_gradient_boosting,Histogram Gradient Boosting
2014-10-10,27,88,0,4.539187660317272e-05,1.0123283084506753,-4.539187660317272e-05,4.539187660317272e-05,hist_gradient_boosting,Histogram Gradient Boosting
2014-08-28,34,91,0,6.07889383444324e-06,1.0123283084506753,-6.07889383444324e-06,6.07889383444324e-06,hist_gradient_boosting,Histogram Gradient Boosting
2014-10-18,17,21,0,0.0001321829056673516,1.0123283084506753,-0.0001321829056673516,0.0001321829056673516,hist_gradient_boosting,Histogram Gradient Boosting
2014-08-25,7,44,0,0.0008246229898375723,1.0123283084506753,-0.0008246229898375723,0.0008246229898375723,hist_gradient_boosting,Histogram Gradient Boosting
2014-07-06,8,30,0,0.0002495319680186974,1.0123283084506753,-0.0002495319680186974,0.0002495319680186974,hist_gradient_boosting,Histogram Gradient Boosting
2014-09-23,8,16,0,0.001395941648366465,1.0123283084506753,-0.001395941648366465,0.001395941648366465,hist_gradient_boosting,Histogram Gradient Boosting
2014-09-03,36,78,0,4.633631362029894e-05,1.0123283084506753,-4.633631362029894e-05,4.633631362029894e-05,hist_gradient_boosting,Histogram Gradient Boosting
2014-09-01,44,105,0,0.14569006270839613,0.023611111752688888,-0.14569006270839613,0.14569006270839613,hist_gradient_boosting,Histogram Gradient Boosting
2014-10-29,5,3,0,0.0,1.0123283084506753,0.0,0.0,hist_gradient_boosting,Histogram Gradient Boosting
2014-10-20,40,109,0,0.0012030475033996694,1.0123283084506753,-0.0012030475033996694,0.0012030475033996694,hist_gradient_boosting,Histogram Gradient Boosting
2014-09-02,17,15,0,0.0015291654316550395,1.0123283084506753,-0.0015291654316550395,0.0015291654316550395,hist_gradient_boosting,Histogram Gradient Boosting
2014-10-18,2,102,0,0.0002098231114881869,1.0123283084506753,-0.0002098231114881869,0.0002098231114881869,hist_gradient_boosting,Histogram Gradient Boosting
2014-07-24,34,88,0,0.0,1.0123283084506753,0.0,0.0,hist_gradient_boosting,Histogram Gradient Boosting
2014-10-18,33,92,0,0.24892778763556478,0.28805554956197743,-0.24892778763556478,0.24892778763556478,hist_gradient_boosting,Histogram Gradient Boosting
2014-07-13,35,99,0,0.0003056329530853046,1.0123283084506753,-0.0003056329530853046,0.0003056329530853046,hist_gradient_boosting,Histogram Gradient Boosting
2014-07-27,43,29,0,0.0002643794515604371,1.0123283084506753,-0.0002643794515604371,0.0002643794515604371,hist_gradient_boosting,Histogram Gradient Boosting
2014-10-11,19,71,0,0.00016394928955023512,1.0123283084506753,-0.00016394928955023512,0.00016394928955023512,hist_gradient_boosting,Histogram Gradient Boosting
2014-10-18,36,89,0,0.00023989252258351228,1.0123283084506753,-0.00023989252258351228,0.00023989252258351228,hist_gradient_boosting,Histogram Gradient Boosting
2014-09-12,1,80,0,0.0001235399204026891,1.0123283084506753,-0.0001235399204026891,0.0001235399204026891,hist_gradient_boosting,Histogram Gradient Boosting
2014-08-25,19,36,0,0.001549558962392788,1.0123283084506753,-0.001549558962392788,0.001549558962392788,hist_gradient_boosting,Histogram Gradient Boosting
2014-07-18,4,46,0,0.00011272641301641633,1.0123283084506753,-0.00011272641301641633,0.00011272641301641633,hist_gradient_boosting,Histogram Gradient Boosting
2014-10-25,3,44,0,0.0016338869670418233,1.0123283084506753,-0.0016338869670418233,0.0016338869670418233,hist_gradient_boosting,Histogram Gradient Boosting
2014-08-23,42,110,0,0.00025166108499431896,1.0123283084506753,-0.00025166108499431896,0.00025166108499431896,hist_gradient_boosting,Histogram Gradient Boosting
2014-08-13,6,7,0,0.0,1.0123283084506753,0.0,0.0,hist_gradient_boosting,Histogram Gradient Boosting
2014-10-12,5,83,0,0.0001922516960207338,1.0123283084506753,-0.0001922516960207338,0.0001922516960207338,hist_gradient_boosting,Histogram Gradient Boosting
2014-10-08,45,56,0,0.0,1.0123283084506753,0.0,0.0,hist_gradient_boosting,Histogram Gradient Boosting
2014-08-03,27,50,0,0.0003378340914986634,1.0123283084506753,-0.0003378340914986634,0.0003378340914986634,hist_gradient_boosting,Histogram Gradient Boosting
2014-07-26,37,42,0,0.0003000182876270459,1.0123283084506753,-0.0003000182876270459,0.0003000182876270459,hist_gradient_boosting,Histogram Gradient Boosting
2014-09-28,1,14,0,0.0002925285545690661,1.0123283084506753,-0.0002925285545690661,0.0002925285545690661,hist_gradient_boosting,Histogram Gradient Boosting
2014-09-30,30,38,0,6.848857371205586e-05,1.0123283084506753,-6.848857371205586e-05,6.848857371205586e-05,hist_gradient_boosting,Histogram Gradient Boosting
2014-10-03,32,89,0,9.213576293919532e-05,1.0123283084506753,-9.213576293919532e-05,9.213576293919532e-05,hist_gradient_boosting,Histogram Gradient Boosting
2014-07-14,19,51,0,0.0,1.0123283084506753,0.0,0.0,hist_gradient_boosting,Histogram Gradient Boosting
2014-08-21,15,84,0,0.0,1.0123283084506753,0.0,0.0,hist_gradient_boosting,Histogram Gradient Boosting
2014-10-25,10,24,0,0.00023933638791378932,1.0123283084506753,-0.00023933638791378932,0.00023933638791378932,hist_gradient_boosting,Histogram Gradient Boosting
2014-09-15,26,104,0,6.359673334962749e-05,1.0123283084506753,-6.359673334962749e-05,6.359673334962749e-05,hist_gradient_boosting,Histogram Gradient Boosting
2014-07-25,41,84,0,0.00011272641301641633,1.0123283084506753,-0.00011272641301641633,0.00011272641301641633,hist_gradient_boosting,Histogram Gradient Boosting
2014-08-25,24,90,0,0.00022657659551820575,1.0123283084506753,-0.00022657659551820575,0.00022657659551820575,hist_gradient_boosting,Histogram Gradient Boosting
2014-08-31,10,57,0,0.0004140945643107545,1.0123283084506753,-0.0004140945643107545,0.0004140945643107545,hist_gradient_boosting,Histogram Gradient Boosting
2014-09-23,4,105,0,0.0,1.0123283084506753,0.0,0.0,hist_gradient_boosting,Histogram Gradient Boosting
2014-08-20,41,15,0,0.001648671095810893,1.0123283084506753,-0.001648671095810893,0.001648671095810893,hist_gradient_boosting,Histogram Gradient Boosting
2014-10-15,12,56,0,0.0,1.0123283084506753,0.0,0.0,hist_gradient_boosting,Histogram Gradient Boosting
2014-07-10,15,47,0,0.0,1.0123283084506753,0.0,0.0,hist_gradient_boosting,Histogram Gradient Boosting
2014-09-11,6,16,0,1.5894857908053643e-05,1.0123283084506753,-1.5894857908053643e-05,1.5894857908053643e-05,hist_gradient_boosting,Histogram Gradient Boosting
2014-08-07,28,23,0,3.5048048212948944e-06,1.0123283084506753,-3.5048048212948944e-06,3.5048048212948944e-06,hist_gradient_boosting,Histogram Gradient Boosting
2014-09-12,43,4,0,4.712420560134306e-05,1.0123283084506753,-4.712420560134306e-05,4.712420560134306e-05,hist_gradient_boosting,Histogram Gradient Boosting
2014-08-22,11,55,0,0.00011272641301641633,1.0123283084506753,-0.00011272641301641633,0.00011272641301641633,hist_gradient_boosting,Histogram Gradient Boosting
2014-10-11,16,98,0,0.00030219203348636284,1.0123283084506753,-0.00030219203348636284,0.00030219203348636284,hist_gradient_boosting,Histogram Gradient Boosting
2014-10-12,22,88,0,0.00021277201921213776,1.0123283084506753,-0.00021277201921213776,0.00021277201921213776,hist_gradient_boosting,Histogram Gradient Boosting
2014-09-12,29,72,0,7.351217360612332e-05,1.0123283084506753,-7.351217360612332e-05,7.351217360612332e-05,hist_gradient_boosting,Histogram Gradient Boosting
2014-08-08,45,82,0,0.0003411932339048079,1.0123283084506753,-0.0003411932339048079,0.0003411932339048079,hist_gradient_boosting,Histogram Gradient Boosting
2014-10-31,3,95,0,0.0,1.0123283084506753,0.0,0.0,hist_gradient_boosting,Histogram Gradient Boosting
2014-07-04,30,77,0,2.74362916384499e-05,1.0123283084506753,-2.74362916384499e-05,2.74362916384499e-05,hist_gradient_boosting,Histogram Gradient Boosting
2014-09-24,9,95,0,0.0012231368277916086,1.0123283084506753,-0.0012231368277916086,0.0012231368277916086,hist_gradient_boosting,Histogram Gradient Boosting
2014-08-21,11,103,0,0.0,1.0123283084506753,0.0,0.0,hist_gradient_boosting,Histogram Gradient Boosting
2014-09-29,13,25,0,0.0,1.0123283084506753,0.0,0.0,hist_gradient_boosting,Histogram Gradient Boosting
2014-10-02,38,15,0,0.0016141576509490435,1.0123283084506753,-0.0016141576509490435,0.0016141576509490435,hist_gradient_boosting,Histogram Gradient Boosting
2014-10-15,32,75,0,0.0,1.0123283084506753,0.0,0.0,hist_gradient_boosting,Histogram Gradient Boosting
2014-08-05,28,100,0,2.9718245623968948e-05,1.0123283084506753,-2.9718245623968948e-05,2.9718245623968948e-05,hist_gradient_boosting,Histogram Gradient Boosting
2014-07-10,8,49,0,0.0,1.0123283084506753,0.0,0.0,hist_gradient_boosting,Histogram Gradient Boosting
2014-08-21,42,12,0,0.0,1.0123283084506753,0.0,0.0,hist_gradient_boosting,Histogram Gradient Boosting
2014-07-17,15,14,0,0.0,1.0123283084506753,0.0,0.0,hist_gradient_boosting,Histogram Gradient Boosting
2014-10-27,19,101,0,0.00020209059197246688,1.0123283084506753,-0.00020209059197246688,0.00020209059197246688,hist_gradient_boosting,Histogram Gradient Boosting
2014-08-11,20,108,0,0.000496073579477403,1.0123283084506753,-0.000496073579477403,0.000496073579477403,hist_gradient_boosting,Histogram Gradient Boosting
2014-09-26,16,57,0,8.256118696006348e-05,1.0123283084506753,-8.256118696006348e-05,8.256118696006348e-05,hist_gradient_boosting,Histogram Gradient Boosting
2014-10-23,21,58,0,0.0002809399269966827,1.0123283084506753,-0.0002809399269966827,0.0002809399269966827,hist_gradient_boosting,Histogram Gradient Boosting
2014-08-09,37,86,0,0.00021312044810549332,1.0123283084506753,-0.00021312044810549332,0.00021312044810549332,hist_gradient_boosting,Histogram Gradient Boosting
2014-08-15,38,18,0,0.0001389427168832167,1.0123283084506753,-0.0001389427168832167,0.0001389427168832167,hist_gradient_boosting,Histogram Gradient Boosting
2014-07-20,19,13,0,0.000313772943389356,1.0123283084506753,-0.000313772943389356,0.000313772943389356,hist_gradient_boosting,Histogram Gradient Boosting
2014-08-11,35,31,0,0.0001307368833653095,1.0123283084506753,-0.0001307368833653095,0.0001307368833653095,hist_gradient_boosting,Histogram Gradient Boosting
2014-09-06,7,89,0,0.00025895013819780274,1.0123283084506753,-0.00025895013819780274,0.00025895013819780274,hist_gradient_boosting,Histogram Gradient Boosting
2014-10-31,33,91,0,0.00013264098803738404,1.0123283084506753,-0.00013264098803738404,0.00013264098803738404,hist_gradient_boosting,Histogram Gradient Boosting
2014-10-02,25,8,0,0.0,1.0123283084506753,0.0,0.0,hist_gradient_boosting,Histogram Gradient Boosting
2014-07-19,19,26,0,0.0005079736153472288,1.0123283084506753,-0.0005079736153472288,0.0005079736153472288,hist_gradient_boosting,Histogram Gradient Boosting
2014-08-30,40,49,0,0.0003000182876270459,1.0123283084506753,-0.0003000182876270459,0.0003000182876270459,hist_gradient_boosting,Histogram Gradient Boosting
2014-07-26,24,5,0,0.0022142452035320667,1.0123283084506753,-0.0022142452035320667,0.0022142452035320667,hist_gradient_boosting,Histogram Gradient Boosting
2014-07-25,12,32,0,0.00010621137304112551,1.0123283084506753,-0.00010621137304112551,0.00010621137304112551,hist_gradient_boosting,Histogram Gradient Boosting
2014-08-25,22,95,0,0.00022062066353210959,1.0123283084506753,-0.00022062066353210959,0.00022062066353210959,hist_gradient_boosting,Histogram Gradient Boosting
2014-08-06,28,92,0,0.00011829019716482108,1.0123283084506753,-0.00011829019716482108,0.00011829019716482108,hist_gradient_boosting,Histogram Gradient Boosting
2014-07-01,27,21,0,0.0,1.0123283084506753,0.0,0.0,hist_gradient_boosting,Histogram Gradient Boosting
2014-07-29,11,13,0,0.0,1.0123283084506753,0.0,0.0,hist_gradient_boosting,Histogram Gradient Boosting
2014-08-13,23,2,0,0.0,1.0123283084506753,0.0,0.0,hist_gradient_boosting,Histogram Gradient Boosting
2014-08-18,11,106,0,0.00019557496985160103,1.0123283084506753,-0.00019557496985160103,0.00019557496985160103,hist_gradient_boosting,Histogram Gradient Boosting
2014-09-23,17,81,0,0.0,1.0123283084506753,0.0,0.0,hist_gradient_boosting,Histogram Gradient Boosting
2014-08-04,45,104,0,0.0003068340497262718,1.0123283084506753,-0.0003068340497262718,0.0003068340497262718,hist_gradient_boosting,Histogram Gradient Boosting
2014-08-26,33,78,0,0.0,1.0123283084506753,0.0,0.0,hist_gradient_boosting,Histogram Gradient Boosting
2014-07-27,45,61,0,0.000615228934088512,1.0123283084506753,-0.000615228934088512,0.000615228934088512,hist_gradient_boosting,Histogram Gradient Boosting
2014-08-09,19,33,0,0.000252636151811355,1.0123283084506753,-0.000252636151811355,0.000252636151811355,hist_gradient_boosting,Histogram Gradient Boosting
2014-09-20,21,83,0,0.00029059973076125316,1.0123283084506753,-0.00029059973076125316,0.00029059973076125316,hist_gradient_boosting,Histogram Gradient Boosting
2014-08-12,11,80,0,0.0,1.0123283084506753,0.0,0.0,hist_gradient_boosting,Histogram Gradient Boosting
2014-09-27,28,71,0,0.00023989252258351228,1.0123283084506753,-0.00023989252258351228,0.00023989252258351228,hist_gradient_boosting,Histogram Gradient Boosting
2014-08-10,3,80,0,0.00029358115658095665,1.0123283084506753,-0.00029358115658095665,0.00029358115658095665,hist_gradient_boosting,Histogram Gradient Boosting
2014-08-12,6,39,0,0.0,1.0123283084506753,0.0,0.0,hist_gradient_boosting,Histogram Gradient Boosting
2014-08-26,25,2,0,0.0002985233524580475,1.0123283084506753,-0.0002985233524580475,0.0002985233524580475,hist_gradient_boosting,Histogram Gradient Boosting
2014-08-24,25,8,0,0.0001659724612922179,1.0123283084506753,-0.0001659724612922179,0.0001659724612922179,hist_gradient_boosting,Histogram Gradient Boosting
2014-09-09,25,11,0,8.644567098599414e-06,1.0123283084506753,-8.644567098599414e-06,8.644567098599414e-06,hist_gradient_boosting,Histogram Gradient Boosting
2014-07-23,7,110,0,0.00024878025375880156,1.0123283084506753,-0.00024878025375880156,0.00024878025375880156,hist_gradient_boosting,Histogram Gradient Boosting
2014-10-11,4,7,0,0.00012831530136988794,1.0123283084506753,-0.00012831530136988794,0.00012831530136988794,hist_gradient_boosting,Histogram Gradient Boosting
2014-10-20,24,90,0,0.00024002557256892074,1.0123283084506753,-0.00024002557256892074,0.00024002557256892074,hist_gradient_boosting,Histogram Gradient Boosting
2014-09-26,13,69,0,0.00011272641301641633,1.0123283084506753,-0.00011272641301641633,0.00011272641301641633,hist_gradient_boosting,Histogram Gradient Boosting
2014-07-17,35,90,0,0.0,1.0123283084506753,0.0,0.0,hist_gradient_boosting,Histogram Gradient Boosting
2014-08-09,45,54,0,0.00017428197373124308,1.0123283084506753,-0.00017428197373124308,0.00017428197373124308,hist_gradient_boosting,Histogram Gradient Boosting
2014-07-15,9,75,0,0.0,1.0123283084506753,0.0,0.0,hist_gradient_boosting,Histogram Gradient Boosting
2014-07-18,39,82,0,0.00029780278986796493,1.0123283084506753,-0.00029780278986796493,0.00029780278986796493,hist_gradient_boosting,Histogram Gradient Boosting
2014-10-26,26,92,0,0.0005685493744045186,1.0123283084506753,-0.0005685493744045186,0.0005685493744045186,hist_gradient_boosting,Histogram Gradient Boosting
2014-07-31,22,81,0,0.0,1.0123283084506753,0.0,0.0,hist_gradient_boosting,Histogram Gradient Boosting
2014-08-15,27,53,0,0.00011272641301641633,1.0123283084506753,-0.00011272641301641633,0.00011272641301641633,hist_gradient_boosting,Histogram Gradient Boosting
2014-07-18,33,63,0,7.424021747629475e-05,1.0123283084506753,-7.424021747629475e-05,7.424021747629475e-05,hist_gradient_boosting,Histogram Gradient Boosting
2014-10-27,7,109,0,0.0,1.0123283084506753,0.0,0.0,hist_gradient_boosting,Histogram Gradient Boosting
2014-10-31,27,91,0,0.0001768753024502672,1.0123283084506753,-0.0001768753024502672,0.0001768753024502672,hist_gradient_boosting,Histogram Gradient Boosting
2014-10-14,27,48,0,0.0,1.0123283084506753,0.0,0.0,hist_gradient_boosting,Histogram Gradient Boosting
2014-09-13,40,13,0,0.0001883188346327319,1.0123283084506753,-0.0001883188346327319,0.0001883188346327319,hist_gradient_boosting,Histogram Gradient Boosting
2014-09-24,4,84,0,0.0,1.0123283084506753,0.0,0.0,hist_gradient_boosting,Histogram Gradient Boosting
2014-09-27,21,32,0,0.0002643794515604371,1.0123283084506753,-0.0002643794515604371,0.0002643794515604371,hist_gradient_boosting,Histogram Gradient Boosting
2014-08-09,5,46,0,0.00021277201921213776,1.0123283084506753,-0.00021277201921213776,0.00021277201921213776,hist_gradient_boosting,Histogram Gradient Boosting
2014-09-07,35,72,0,0.0003681208831757917,1.0123283084506753,-0.0003681208831757917,0.0003681208831757917,hist_gradient_boosting,Histogram Gradient Boosting
2014-09-19,6,34,0,0.0001372102288326719,1.0123283084506753,-0.0001372102288326719,0.0001372102288326719,hist_gradient_boosting,Histogram Gradient Boosting
2014-09-28,21,75,0,0.00019966883721077617,1.0123283084506753,-0.00019966883721077617,0.00019966883721077617,hist_gradient_boosting,Histogram Gradient Boosting
2014-10-04,42,23,0,0.00026353740154206213,1.0123283084506753,-0.00026353740154206213,0.00026353740154206213,hist_gradient_boosting,Histogram Gradient Boosting
2014-09-14,8,30,0,0.00019581843005853604,1.0123283084506753,-0.00019581843005853604,0.00019581843005853604,hist_gradient_boosting,Histogram Gradient Boosting
2014-07-31,16,108,0,8.018668354490595e-05,1.0123283084506753,-8.018668354490595e-05,8.018668354490595e-05,hist_gradient_boosting,Histogram Gradient Boosting
2014-10-30,5,111,0,0.0,1.0123283084506753,0.0,0.0,hist_gradient_boosting,Histogram Gradient Boosting
2014-10-24,26,80,0,7.250784150648426e-05,1.0123283084506753,-7.250784150648426e-05,7.250784150648426e-05,hist_gradient_boosting,Histogram Gradient Boosting
2014-09-19,3,34,0,0.0001372102288326719,1.0123283084506753,-0.0001372102288326719,0.0001372102288326719,hist_gradient_boosting,Histogram Gradient Boosting
2014-10-03,14,24,0,0.00013001609007737457,1.0123283084506753,-0.00013001609007737457,0.00013001609007737457,hist_gradient_boosting,Histogram Gradient Boosting
2014-09-10,30,15,0,0.0,1.0123283084506753,0.0,0.0,hist_gradient_boosting,Histogram Gradient Boosting
2014-10-24,37,6,0,7.702537750998232e-05,1.0123283084506753,-7.702537750998232e-05,7.702537750998232e-05,hist_gradient_boosting,Histogram Gradient Boosting
2014-07-09,43,94,0,0.0,1.0123283084506753,0.0,0.0,hist_gradient_boosting,Histogram Gradient Boosting
2014-08-14,26,94,0,0.0,1.0123283084506753,0.0,0.0,hist_gradient_boosting,Histogram Gradient Boosting
2014-08-16,21,24,0,0.0002661121598999148,1.0123283084506753,-0.0002661121598999148,0.0002661121598999148,hist_gradient_boosting,Histogram Gradient Boosting
2014-07-13,19,44,0,0.0005558335164722473,1.0123283084506753,-0.0005558335164722473,0.0005558335164722473,hist_gradient_boosting,Histogram Gradient Boosting
2014-08-10,21,3,0,0.000298207733813327,1.0123283084506753,-0.000298207733813327,0.000298207733813327,hist_gradient_boosting,Histogram Gradient Boosting
2014-08-03,17,37,74,63.385376845072514,50.88277721405029,10.614623154927486,10.614623154927486,hist_gradient_boosting,Histogram Gradient Boosting
2014-10-30,40,4,0,0.0,1.0123283084506753,0.0,0.0,hist_gradient_boosting,Histogram Gradient Boosting
2014-09-12,17,49,0,0.0001415087310304594,1.0123283084506753,-0.0001415087310304594,0.0001415087310304594,hist_gradient_boosting,Histogram Gradient Boosting
2014-09-30,30,81,0,4.2274116635883435e-05,1.0123283084506753,-4.2274116635883435e-05,4.2274116635883435e-05,hist_gradient_boosting,Histogram Gradient Boosting
2014-08-16,43,108,0,0.0005230686768423029,1.0123283084506753,-0.0005230686768423029,0.0005230686768423029,hist_gradient_boosting,Histogram Gradient Boosting
2014-07-05,33,36,0,0.0,1.0123283084506753,0.0,0.0,hist_gradient_boosting,Histogram Gradient Boosting
2014-09-08,34,104,0,0.0,1.0123283084506753,0.0,0.0,hist_gradient_boosting,Histogram Gradient Boosting
2014-10-28,26,31,0,0.0,1.0123283084506753,0.0,0.0,hist_gradient_boosting,Histogram Gradient Boosting
2014-07-17,24,107,0,0.0,1.0123283084506753,0.0,0.0,hist_gradient_boosting,Histogram Gradient Boosting
2014-07-25,43,44,0,0.003281491893422776,1.0123283084506753,-0.003281491893422776,0.003281491893422776,hist_gradient_boosting,Histogram Gradient Boosting
2014-08-20,41,63,0,6.07889383444324e-06,1.0123283084506753,-6.07889383444324e-06,6.07889383444324e-06,hist_gradient_boosting,Histogram Gradient Boosting
2014-07-17,25,8,0,0.00021363217976618848,1.0123283084506753,-0.00021363217976618848,0.00021363217976618848,hist_gradient_boosting,Histogram Gradient Boosting
2014-08-10,35,24,0,0.0002993301739487324,1.0123283084506753,-0.0002993301739487324,0.0002993301739487324,hist_gradient_boosting,Histogram Gradient Boosting
2014-08-29,19,95,0,0.0,1.0123283084506753,0.0,0.0,hist_gradient_boosting,Histogram Gradient Boosting
2014-09-05,35,22,0,0.00011835152705610054,1.0123283084506753,-0.00011835152705610054,0.00011835152705610054,hist_gradient_boosting,Histogram Gradient Boosting
2014-08-17,28,2,1,1.7241796020583313,0.7777777791023255,-0.7241796020583313,0.7241796020583313,hist_gradient_boosting,Histogram Gradient Boosting
2014-10-19,33,101,0,0.0002643794515604371,1.0123283084506753,-0.0002643794515604371,0.0002643794515604371,hist_gradient_boosting,Histogram Gradient Boosting
2014-10-24,3,110,0,0.0009185785359901844,1.0123283084506753,-0.0009185785359901844,0.0009185785359901844,hist_gradient_boosting,Histogram Gradient Boosting
2014-08-23,37,19,0,0.0003065345901280382,1.0123283084506753,-0.0003065345901280382,0.0003065345901280382,hist_gradient_boosting,Histogram Gradient Boosting
2014-09-12,37,103,0,0.00013639956935954608,1.0123283084506753,-0.00013639956935954608,0.00013639956935954608,hist_gradient_boosting,Histogram Gradient Boosting
2014-09-29,3,83,0,0.00022830923837367206,1.0123283084506753,-0.00022830923837367206,0.00022830923837367206,hist_gradient_boosting,Histogram Gradient Boosting
2014-07-20,25,88,0,0.00023989252258351228,1.0123283084506753,-0.00023989252258351228,0.00023989252258351228,hist_gradient_boosting,Histogram Gradient Boosting
2014-09-19,11,34,0,0.00012689292868187115,1.0123283084506753,-0.00012689292868187115,0.00012689292868187115,hist_gradient_boosting,Histogram Gradient Boosting
2014-10-22,2,74,0,0.00018923994863995664,1.0123283084506753,-0.00018923994863995664,0.00018923994863995664,hist_gradient_boosting,Histogram Gradient Boosting
2014-09-28,15,46,0,0.000362446312056614,1.0123283084506753,-0.000362446312056614,0.000362446312056614,hist_gradient_boosting,Histogram Gradient Boosting
2014-09-25,36,94,0,0.0,1.0123283084506753,0.0,0.0,hist_gradient_boosting,Histogram Gradient Boosting
2014-08-07,40,80,0,0.0,1.0123283084506753,0.0,0.0,hist_gradient_boosting,Histogram Gradient Boosting
2014-10-28,30,74,0,0.0,1.0123283084506753,0.0,0.0,hist_gradient_boosting,Histogram Gradient Boosting
2014-10-23,40,104,0,0.0002839494779871425,1.0123283084506753,-0.0002839494779871425,0.0002839494779871425,hist_gradient_boosting,Histogram Gradient Boosting
2014-07-06,43,53,0,0.0001988268416675731,1.0123283084506753,-0.0001988268416675731,0.0001988268416675731,hist_gradient_boosting,Histogram Gradient Boosting
2014-07-02,28,26,0,0.0,1.0123283084506753,0.0,0.0,hist_gradient_boosting,Histogram Gradient Boosting
2014-09-23,23,31,0,0.0,1.0123283084506753,0.0,0.0,hist_gradient_boosting,Histogram Gradient Boosting
2014-10-29,21,2,0,0.0,1.0123283084506753,0.0,0.0,hist_gradient_boosting,Histogram Gradient Boosting
2014-08-04,21,2,0,5.175275353740001e-05,1.0123283084506753,-5.175275353740001e-05,5.175275353740001e-05,hist_gradient_boosting,Histogram Gradient Boosting
2014-08-10,35,63,0,1.8053521223785642,1.5661110877990723,-1.8053521223785642,1.8053521223785642,hist_gradient_boosting,Histogram Gradient Boosting
2014-09-14,2,108,0,6.271773938097175e-06,1.0123283084506753,-6.271773938097175e-06,6.271773938097175e-06,hist_gradient_boosting,Histogram Gradient Boosting
2014-10-09,14,38,0,0.0,1.0123283084506753,0.0,0.0,hist_gradient_boosting,Histogram Gradient Boosting
2014-09-09,34,63,0,0.0,1.0123283084506753,0.0,0.0,hist_gradient_boosting,Histogram Gradient Boosting
2014-08-04,13,95,0,0.002040931240987479,1.0123283084506753,-0.002040931240987479,0.002040931240987479,hist_gradient_boosting,Histogram Gradient Boosting
2014-07-15,45,95,0,0.0006815967832376406,1.0123283084506753,-0.0006815967832376406,0.0006815967832376406,hist_gradient_boosting,Histogram Gradient Boosting
2014-09-07,17,31,0,0.0002777060534329394,1.0123283084506753,-0.0002777060534329394,0.0002777060534329394,hist_gradient_boosting,Histogram Gradient Boosting
2014-07-19,40,104,0,0.000610717331908302,1.0123283084506753,-0.000610717331908302,0.000610717331908302,hist_gradient_boosting,Histogram Gradient Boosting
2014-10-29,14,47,0,0.0,1.0123283084506753,0.0,0.0,hist_gradient_boosting,Histogram Gradient Boosting
2014-09-14,27,91,0,0.0003327559743562107,1.0123283084506753,-0.0003327559743562107,0.0003327559743562107,hist_gradient_boosting,Histogram Gradient Boosting
2014-09-03,36,111,0,3.5048048212948944e-06,1.0123283084506753,-3.5048048212948944e-06,3.5048048212948944e-06,hist_gradient_boosting,Histogram Gradient Boosting
2014-09-21,42,73,0,0.0002475448788756537,1.0123283084506753,-0.0002475448788756537,0.0002475448788756537,hist_gradient_boosting,Histogram Gradient Boosting
2014-10-09,19,68,0,0.0,1.0123283084506753,0.0,0.0,hist_gradient_boosting,Histogram Gradient Boosting
2014-10-25,4,55,0,0.00023989252258351228,1.0123283084506753,-0.00023989252258351228,0.00023989252258351228,hist_gradient_boosting,Histogram Gradient Boosting
2014-07-09,32,81,0,0.0,1.0123283084506753,0.0,0.0,hist_gradient_boosting,Histogram Gradient Boosting
2014-07-16,33,107,0,0.0,1.0123283084506753,0.0,0.0,hist_gradient_boosting,Histogram Gradient Boosting
2014-10-31,8,14,0,0.00012684488773430762,1.0123283084506753,-0.00012684488773430762,0.00012684488773430762,hist_gradient_boosting,Histogram Gradient Boosting
2014-07-14,18,90,0,0.00014503557935640512,1.0123283084506753,-0.00014503557935640512,0.00014503557935640512,hist_gradient_boosting,Histogram Gradient Boosting
2014-07-24,6,58,0,0.0002629686113106442,1.0123283084506753,-0.0002629686113106442,0.0002629686113106442,hist_gradient_boosting,Histogram Gradient Boosting
2014-08-13,35,60,0,0.0,1.0123283084506753,0.0,0.0,hist_gradient_boosting,Histogram Gradient Boosting
2014-08-05,36,1,0,1.5985818854297733,1.0649999976158142,-1.5985818854297733,1.5985818854297733,hist_gradient_boosting,Histogram Gradient Boosting
2014-08-05,27,50,0,1.766977337152705e-05,1.0123283084506753,-1.766977337152705e-05,1.766977337152705e-05,hist_gradient_boosting,Histogram Gradient Boosting
2014-09-23,42,66,0,0.0,1.0123283084506753,0.0,0.0,hist_gradient_boosting,Histogram Gradient Boosting
2014-08-03,44,44,0,3.5516768902757325e-05,1.0123283084506753,-3.5516768902757325e-05,3.5516768902757325e-05,hist_gradient_boosting,Histogram Gradient Boosting
2014-07-03,25,83,0,2.9718245623968948e-05,1.0123283084506753,-2.9718245623968948e-05,2.9718245623968948e-05,hist_gradient_boosting,Histogram Gradient Boosting
2014-08-08,16,55,0,0.0001235399204026891,1.0123283084506753,-0.0001235399204026891,0.0001235399204026891,hist_gradient_boosting,Histogram Gradient Boosting
2014-09-24,2,93,0,0.0,1.0123283084506753,0.0,0.0,hist_gradient_boosting,Histogram Gradient Boosting
2014-08-12,31,57,0,0.0001853060568087837,1.0123283084506753,-0.0001853060568087837,0.0001853060568087837,hist_gradient_boosting,Histogram Gradient Boosting
2014-08-27,10,90,0,0.0,1.0123283084506753,0.0,0.0,hist_gradient_boosting,Histogram Gradient Boosting
2014-08-13,7,78,0,9.746811005272023e-06,1.0123283084506753,-9.746811005272023e-06,9.746811005272023e-06,hist_gradient_boosting,Histogram Gradient Boosting
2014-09-02,35,100,0,2.9718245623968948e-05,1.0123283084506753,-2.9718245623968948e-05,2.9718245623968948e-05,hist_gradient_boosting,Histogram Gradient Boosting
2014-10-24,38,33,0,0.00011272641301641633,1.0123283084506753,-0.00011272641301641633,0.00011272641301641633,hist_gradient_boosting,Histogram Gradient Boosting
2014-09-18,3,84,0,0.0,1.0123283084506753,0.0,0.0,hist_gradient_boosting,Histogram Gradient Boosting
2014-07-03,31,97,0,0.0,1.0123283084506753,0.0,0.0,hist_gradient_boosting,Histogram Gradient Boosting
2014-07-22,14,88,0,0.0,1.0123283084506753,0.0,0.0,hist_gradient_boosting,Histogram Gradient Boosting
2014-07-14,29,104,0,0.0005204136632024379,1.0123283084506753,-0.0005204136632024379,0.0005204136632024379,hist_gradient_boosting,Histogram Gradient Boosting
2014-10-17,36,34,0,0.00011272641301641633,1.0123283084506753,-0.00011272641301641633,0.00011272641301641633,hist_gradient_boosting,Histogram Gradient Boosting
2014-08-04,13,29,0,0.00023990269374025083,1.0123283084506753,-0.00023990269374025083,0.00023990269374025083,hist_gradient_boosting,Histogram Gradient Boosting
2014-10-01,24,15,0,0.0017659671825438433,1.0123283084506753,-0.0017659671825438433,0.0017659671825438433,hist_gradient_boosting,Histogram Gradient Boosting
2014-09-26,42,31,0,0.00011272641301641633,1.0123283084506753,-0.00011272641301641633,0.00011272641301641633,hist_gradient_boosting,Histogram Gradient Boosting
2014-10-27,8,70,0,0.00016360095753273455,1.0123283084506753,-0.00016360095753273455,0.00016360095753273455,hist_gradient_boosting,Histogram Gradient Boosting
2014-07-03,7,96,0,0.0,1.0123283084506753,0.0,0.0,hist_gradient_boosting,Histogram Gradient Boosting
2014-08-12,26,21,0,0.0,1.0123283084506753,0.0,0.0,hist_gradient_boosting,Histogram Gradient Boosting
2014-07-19,16,54,0,0.00022380259014018666,1.0123283084506753,-0.00022380259014018666,0.00022380259014018666,hist_gradient_boosting,Histogram Gradient Boosting
2014-08-23,22,4,0,0.0002595961207229878,1.0123283084506753,-0.0002595961207229878,0.0002595961207229878,hist_gradient_boosting,Histogram Gradient Boosting
2014-09-08,32,28,0,0.0001749711135625984,1.0123283084506753,-0.0001749711135625984,0.0001749711135625984,hist_gradient_boosting,Histogram Gradient Boosting
2014-10-28,26,16,0,0.0,1.0123283084506753,0.0,0.0,hist_gradient_boosting,Histogram Gradient Boosting
2014-07-12,36,5,0,0.0,1.0123283084506753,0.0,0.0,hist_gradient_boosting,Histogram Gradient Boosting
2014-10-04,10,10,0,0.00021172853654726436,1.0123283084506753,-0.00021172853654726436,0.00021172853654726436,hist_gradient_boosting,Histogram Gradient Boosting
2014-10-21,8,50,0,0.0,1.0123283084506753,0.0,0.0,hist_gradient_boosting,Histogram Gradient Boosting
2014-09-23,1,91,0,0.0,1.0123283084506753,0.0,0.0,hist_gradient_boosting,Histogram Gradient Boosting
2014-08-24,17,28,0,0.00023989252258351228,1.0123283084506753,-0.00023989252258351228,0.00023989252258351228,hist_gradient_boosting,Histogram Gradient Boosting
2014-10-04,32,72,0,0.00033018104445229024,1.0123283084506753,-0.00033018104445229024,0.00033018104445229024,hist_gradient_boosting,Histogram Gradient Boosting
2014-08-05,20,18,0,2.9718245623968948e-05,1.0123283084506753,-2.9718245623968948e-05,2.9718245623968948e-05,hist_gradient_boosting,Histogram Gradient Boosting
2014-08-13,8,93,0,0.0,1.0123283084506753,0.0,0.0,hist_gradient_boosting,Histogram Gradient Boosting
2014-08-15,39,50,0,4.80256096342295e-05,1.0123283084506753,-4.80256096342295e-05,4.80256096342295e-05,hist_gradient_boosting,Histogram Gradient Boosting
2014-07-14,13,47,0,0.00022830923837367206,1.0123283084506753,-0.00022830923837367206,0.00022830923837367206,hist_gradient_boosting,Histogram Gradient Boosting
2014-07-26,43,7,0,0.00023989252258351228,1.0123283084506753,-0.00023989252258351228,0.00023989252258351228,hist_gradient_boosting,Histogram Gradient Boosting
2014-10-20,24,77,0,0.00024002557256892074,1.0123283084506753,-0.00024002557256892074,0.00024002557256892074,hist_gradient_boosting,Histogram Gradient Boosting
2014-08-30,13,85,0,0.0002014014334552683,1.0123283084506753,-0.0002014014334552683,0.0002014014334552683,hist_gradient_boosting,Histogram Gradient Boosting
2014-10-17,15,55,0,0.00011272641301641633,1.0123283084506753,-0.00011272641301641633,0.00011272641301641633,hist_gradient_boosting,Histogram Gradient Boosting
2014-07-04,28,58,0,0.0,1.0123283084506753,0.0,0.0,hist_gradient_boosting,Histogram Gradient Boosting
2014-09-25,29,41,22,13.056292983412987,14.57388849258423,8.943707016587013,8.943707016587013,hist_gradient_boosting,Histogram Gradient Boosting
2014-07-30,27,92,0,0.0001390948690173097,1.0123283084506753,-0.0001390948690173097,0.0001390948690173097,hist_gradient_boosting,Histogram Gradient Boosting
2014-08-23,38,14,0,0.0002661121598999148,1.0123283084506753,-0.0002661121598999148,0.0002661121598999148,hist_gradient_boosting,Histogram Gradient Boosting
2014-09-18,43,82,0,0.0,1.0123283084506753,0.0,0.0,hist_gradient_boosting,Histogram Gradient Boosting
2014-10-04,43,95,0,0.0,1.0123283084506753,0.0,0.0,hist_gradient_boosting,Histogram Gradient Boosting
2014-10-20,12,56,0,0.000432401501017691,1.0123283084506753,-0.000432401501017691,0.000432401501017691,hist_gradient_boosting,Histogram Gradient Boosting
2014-08-02,14,101,0,0.0001725609249349353,1.0123283084506753,-0.0001725609249349353,0.0001725609249349353,hist_gradient_boosting,Histogram Gradient Boosting
2014-07-04,44,49,0,0.00013636828586884028,1.0123283084506753,-0.00013636828586884028,0.00013636828586884028,hist_gradient_boosting,Histogram Gradient Boosting
2014-10-20,32,105,0,0.0005124815439530123,1.0123283084506753,-0.0005124815439530123,0.0005124815439530123,hist_gradient_boosting,Histogram Gradient Boosting
2014-09-10,21,15,0,0.0,1.0123283084506753,0.0,0.0,hist_gradient_boosting,Histogram Gradient Boosting
2014-09-12,3,38,0,9.9727449536383e-05,1.0123283084506753,-9.9727449536383e-05,9.9727449536383e-05,hist_gradient_boosting,Histogram Gradient Boosting
2014-07-04,42,94,0,0.00011835152705610054,1.0123283084506753,-0.00011835152705610054,0.00011835152705610054,hist_gradient_boosting,Histogram Gradient Boosting
2014-08-07,27,5,0,0.0010981141557562166,1.0123283084506753,-0.0010981141557562166,0.0010981141557562166,hist_gradient_boosting,Histogram Gradient Boosting
2014-07-05,22,56,0,8.60071515255813e-05,1.0123283084506753,-8.60071515255813e-05,8.60071515255813e-05,hist_gradient_boosting,Histogram Gradient Boosting
2014-10-18,14,40,0,0.0002840835320648052,1.0123283084506753,-0.0002840835320648052,0.0002840835320648052,hist_gradient_boosting,Histogram Gradient Boosting
2014-07-04,17,5,0,0.0,1.0123283084506753,0.0,0.0,hist_gradient_boosting,Histogram Gradient Boosting
2014-07-29,36,48,0,0.0,1.0123283084506753,0.0,0.0,hist_gradient_boosting,Histogram Gradient Boosting
2014-10-23,31,85,0,0.0,1.0123283084506753,0.0,0.0,hist_gradient_boosting,Histogram Gradient Boosting
2014-08-04,4,18,0,0.00020141160422060202,1.0123283084506753,-0.00020141160422060202,0.00020141160422060202,hist_gradient_boosting,Histogram Gradient Boosting
2014-10-31,9,21,0,0.0,1.0123283084506753,0.0,0.0,hist_gradient_boosting,Histogram Gradient Boosting
2014-10-07,37,1,0,0.0,1.0123283084506753,0.0,0.0,hist_gradient_boosting,Histogram Gradient Boosting
2014-08-23,14,98,0,0.0002540608395465965,1.0123283084506753,-0.0002540608395465965,0.0002540608395465965,hist_gradient_boosting,Histogram Gradient Boosting
2014-09-02,14,37,0,0.0,1.0123283084506753,0.0,0.0,hist_gradient_boosting,Histogram Gradient Boosting
2014-08-23,21,91,0,1.2727356649635093,0.3125000029802323,-1.2727356649635093,1.2727356649635093,hist_gradient_boosting,Histogram Gradient Boosting
2014-09-13,15,40,0,0.0003056329530853046,1.0123283084506753,-0.0003056329530853046,0.0003056329530853046,hist_gradient_boosting,Histogram Gradient Boosting
2014-07-24,37,97,0,0.00026832100621526004,1.0123283084506753,-0.00026832100621526004,0.00026832100621526004,hist_gradient_boosting,Histogram Gradient Boosting
2014-09-30,39,58,0,0.0,1.0123283084506753,0.0,0.0,hist_gradient_boosting,Histogram Gradient Boosting
2014-07-07,24,91,0,0.0002699249613007665,1.0123283084506753,-0.0002699249613007665,0.0002699249613007665,hist_gradient_boosting,Histogram Gradient Boosting
2014-09-28,40,30,0,0.00038866916191826267,1.0123283084506753,-0.00038866916191826267,0.00038866916191826267,hist_gradient_boosting,Histogram Gradient Boosting
2014-07-07,35,98,0,0.00010639273166655786,1.0123283084506753,-0.00010639273166655786,0.00010639273166655786,hist_gradient_boosting,Histogram Gradient Boosting
2014-09-28,39,46,0,0.00021383658440861914,1.0123283084506753,-0.00021383658440861914,0.00021383658440861914,hist_gradient_boosting,Histogram Gradient Boosting
2014-09-19,20,23,0,0.0001372102288326719,1.0123283084506753,-0.0001372102288326719,0.0001372102288326719,hist_gradient_boosting,Histogram Gradient Boosting
2014-07-01,32,29,0,0.0,1.0123283084506753,0.0,0.0,hist_gradient_boosting,Histogram Gradient Boosting
2014-08-16,2,39,0,0.00023337665420931659,1.0123283084506753,-0.00023337665420931659,0.00023337665420931659,hist_gradient_boosting,Histogram Gradient Boosting
2014-10-01,4,52,0,0.0,1.0123283084506753,0.0,0.0,hist_gradient_boosting,Histogram Gradient Boosting
2014-08-18,3,71,0,0.00019557496985160103,1.0123283084506753,-0.00019557496985160103,0.00019557496985160103,hist_gradient_boosting,Histogram Gradient Boosting
2014-08-28,19,75,0,1.0432887510676734,0.7638888865709306,-1.0432887510676734,1.0432887510676734,hist_gradient_boosting,Histogram Gradient Boosting
2014-07-27,36,3,0,0.0003536028710847979,1.0123283084506753,-0.0003536028710847979,0.0003536028710847979,hist_gradient_boosting,Histogram Gradient Boosting
2014-07-10,14,61,0,0.000171138713737826,1.0123283084506753,-0.000171138713737826,0.000171138713737826,hist_gradient_boosting,Histogram Gradient Boosting
2014-07-30,4,53,0,0.0,1.0123283084506753,0.0,0.0,hist_gradient_boosting,Histogram Gradient Boosting
2014-10-02,40,111,0,3.5048048212948944e-06,1.0123283084506753,-3.5048048212948944e-06,3.5048048212948944e-06,hist_gradient_boosting,Histogram Gradient Boosting
2014-10-27,33,40,0,0.00022830923837367206,1.0123283084506753,-0.00022830923837367206,0.00022830923837367206,hist_gradient_boosting,Histogram Gradient Boosting
2014-07-01,2,31,0,0.00024595252673509805,1.0123283084506753,-0.00024595252673509805,0.00024595252673509805,hist_gradient_boosting,Histogram Gradient Boosting
2014-08-17,43,11,0,0.0002578634236709019,1.0123283084506753,-0.0002578634236709019,0.0002578634236709019,hist_gradient_boosting,Histogram Gradient Boosting
2014-09-16,45,7,0,0.0,1.0123283084506753,0.0,0.0,hist_gradient_boosting,Histogram Gradient Boosting
2014-09-19,45,106,0,8.266082481403352e-05,1.0123283084506753,-8.266082481403352e-05,8.266082481403352e-05,hist_gradient_boosting,Histogram Gradient Boosting
2014-07-23,40,79,0,0.0,1.0123283084506753,0.0,0.0,hist_gradient_boosting,Histogram Gradient Boosting
2014-07-11,45,96,0,2.8956296242857306e-06,1.0123283084506753,-2.8956296242857306e-06,2.8956296242857306e-06,hist_gradient_boosting,Histogram Gradient Boosting
2014-10-21,5,11,0,0.0,1.0123283084506753,0.0,0.0,hist_gradient_boosting,Histogram Gradient Boosting
2014-07-17,22,88,0,0.0,1.0123283084506753,0.0,0.0,hist_gradient_boosting,Histogram Gradient Boosting
2014-09-28,36,52,0,0.00023989252258351228,1.0123283084506753,-0.00023989252258351228,0.00023989252258351228,hist_gradient_boosting,Histogram Gradient Boosting
2014-07-20,4,47,0,0.0002661121598999148,1.0123283084506753,-0.0002661121598999148,0.0002661121598999148,hist_gradient_boosting,Histogram Gradient Boosting
2014-08-14,17,69,0,0.0,1.0123283084506753,0.0,0.0,hist_gradient_boosting,Histogram Gradient Boosting
2014-10-17,36,100,0,0.0001389427168832167,1.0123283084506753,-0.0001389427168832167,0.0001389427168832167,hist_gradient_boosting,Histogram Gradient Boosting
2014-09-01,43,105,0,0.23493877492698526,0.05305555649101734,-0.23493877492698526,0.23493877492698526,hist_gradient_boosting,Histogram Gradient Boosting
2014-10-06,13,109,0,0.0006577831263346741,1.0123283084506753,-0.0006577831263346741,0.0006577831263346741,hist_gradient_boosting,Histogram Gradient Boosting
2014-10-27,44,91,0,0.0001880860188115713,1.0123283084506753,-0.0001880860188115713,0.0001880860188115713,hist_gradient_boosting,Histogram Gradient Boosting
2014-10-18,18,86,0,1.120297295785501e-05,1.0123283084506753,-1.120297295785501e-05,1.120297295785501e-05,hist_gradient_boosting,Histogram Gradient Boosting
2014-10-12,14,83,0,0.00016798002221793415,1.0123283084506753,-0.00016798002221793415,0.00016798002221793415,hist_gradient_boosting,Histogram Gradient Boosting
2014-10-08,36,62,0,0.0,1.0123283084506753,0.0,0.0,hist_gradient_boosting,Histogram Gradient Boosting
2014-10-30,34,79,0,0.0,1.0123283084506753,0.0,0.0,hist_gradient_boosting,Histogram Gradient Boosting
2014-07-22,32,56,0,0.000274837102229128,1.0123283084506753,-0.000274837102229128,0.000274837102229128,hist_gradient_boosting,Histogram Gradient Boosting
2014-10-12,4,95,0,0.000802641743910297,1.0123283084506753,-0.000802641743910297,0.000802641743910297,hist_gradient_boosting,Histogram Gradient Boosting
2014-08-25,18,49,0,0.00013738400730781126,1.0123283084506753,-0.00013738400730781126,0.00013738400730781126,hist_gradient_boosting,Histogram Gradient Boosting
2014-09-03,40,104,0,0.0,1.0123283084506753,0.0,0.0,hist_gradient_boosting,Histogram Gradient Boosting
2014-10-25,9,82,0,0.0004173387183771237,1.0123283084506753,-0.0004173387183771237,0.0004173387183771237,hist_gradient_boosting,Histogram Gradient Boosting
2014-07-07,16,1,0,0.00042777916789281194,1.0123283084506753,-0.00042777916789281194,0.00042777916789281194,hist_gradient_boosting,Histogram Gradient Boosting
2014-10-08,6,89,0,0.0,1.0123283084506753,0.0,0.0,hist_gradient_boosting,Histogram Gradient Boosting
2014-08-01,17,78,0,0.00014091195016477772,1.0123283084506753,-0.00014091195016477772,0.00014091195016477772,hist_gradient_boosting,Histogram Gradient Boosting
2014-08-07,21,30,0,4.768537059607811e-05,1.0123283084506753,-4.768537059607811e-05,4.768537059607811e-05,hist_gradient_boosting,Histogram Gradient Boosting
2014-08-28,27,53,0,0.0,1.0123283084506753,0.0,0.0,hist_gradient_boosting,Histogram Gradient Boosting
2014-07-29,3,99,0,0.0,1.0123283084506753,0.0,0.0,hist_gradient_boosting,Histogram Gradient Boosting
2014-09-16,2,83,0,0.0,1.0123283084506753,0.0,0.0,hist_gradient_boosting,Histogram Gradient Boosting
2014-07-03,32,15,0,0.0,1.0123283084506753,0.0,0.0,hist_gradient_boosting,Histogram Gradient Boosting
2014-10-26,6,88,0,0.00023989252258351228,1.0123283084506753,-0.00023989252258351228,0.00023989252258351228,hist_gradient_boosting,Histogram Gradient Boosting
2014-07-21,37,27,0,0.00020209059197246688,1.0123283084506753,-0.00020209059197246688,0.00020209059197246688,hist_gradient_boosting,Histogram Gradient Boosting
2014-10-27,19,16,12,12.812149493769665,21.86722221374512,-0.8121494937696649,0.8121494937696649,hist_gradient_boosting,Histogram Gradient Boosting
2014-09-28,32,88,0,0.000362446312056614,1.0123283084506753,-0.000362446312056614,0.000362446312056614,hist_gradient_boosting,Histogram Gradient Boosting
2014-08-27,8,104,0,0.00021923759758376747,1.0123283084506753,-0.00021923759758376747,0.00021923759758376747,hist_gradient_boosting,Histogram Gradient Boosting
2014-07-05,39,39,0,0.0002233127653132574,1.0123283084506753,-0.0002233127653132574,0.0002233127653132574,hist_gradient_boosting,Histogram Gradient Boosting
2014-07-17,23,16,0,0.002338724110383328,1.0123283084506753,-0.002338724110383328,0.002338724110383328,hist_gradient_boosting,Histogram Gradient Boosting
2014-08-22,4,61,0,8.585510877729541e-05,1.0123283084506753,-8.585510877729541e-05,8.585510877729541e-05,hist_gradient_boosting,Histogram Gradient Boosting
2014-07-29,41,42,0,1.7792624899025665e-05,1.0123283084506753,-1.7792624899025665e-05,1.7792624899025665e-05,hist_gradient_boosting,Histogram Gradient Boosting
2014-08-29,13,46,0,0.00011272641301641633,1.0123283084506753,-0.00011272641301641633,0.00011272641301641633,hist_gradient_boosting,Histogram Gradient Boosting
2014-08-08,20,71,0,8.560935762680007e-05,1.0123283084506753,-8.560935762680007e-05,8.560935762680007e-05,hist_gradient_boosting,Histogram Gradient Boosting
2014-09-17,27,107,0,0.0,1.0123283084506753,0.0,0.0,hist_gradient_boosting,Histogram Gradient Boosting
2014-07-10,39,40,0,3.4452712745320024e-06,1.0123283084506753,-3.4452712745320024e-06,3.4452712745320024e-06,hist_gradient_boosting,Histogram Gradient Boosting
2014-07-07,22,51,0,0.0002062017738435009,1.0123283084506753,-0.0002062017738435009,0.0002062017738435009,hist_gradient_boosting,Histogram Gradient Boosting
2014-10-31,43,104,0,0.0,1.0123283084506753,0.0,0.0,hist_gradient_boosting,Histogram Gradient Boosting
2014-08-07,28,42,0,3.5048048212948944e-06,1.0123283084506753,-3.5048048212948944e-06,3.5048048212948944e-06,hist_gradient_boosting,Histogram Gradient Boosting
2014-09-06,26,80,0,0.0002514380652773479,1.0123283084506753,-0.0002514380652773479,0.0002514380652773479,hist_gradient_boosting,Histogram Gradient Boosting
2014-10-06,17,59,0,0.00021911914971911069,1.0123283084506753,-0.00021911914971911069,0.00021911914971911069,hist_gradient_boosting,Histogram Gradient Boosting
2014-10-12,10,35,0,0.00016603399478369197,1.0123283084506753,-0.00016603399478369197,0.00016603399478369197,hist_gradient_boosting,Histogram Gradient Boosting
2014-08-10,4,67,0,0.0003429575116586051,1.0123283084506753,-0.0003429575116586051,0.0003429575116586051,hist_gradient_boosting,Histogram Gradient Boosting
2014-10-06,17,90,0,0.00021921880117829992,1.0123283084506753,-0.00021921880117829992,0.00021921880117829992,hist_gradient_boosting,Histogram Gradient Boosting
2014-09-18,40,50,0,0.0,1.0123283084506753,0.0,0.0,hist_gradient_boosting,Histogram Gradient Boosting
2014-10-06,31,16,0,0.0,1.0123283084506753,0.0,0.0,hist_gradient_boosting,Histogram Gradient Boosting
2014-08-18,37,47,0,0.00022830923837367206,1.0123283084506753,-0.00022830923837367206,0.00022830923837367206,hist_gradient_boosting,Histogram Gradient Boosting
2014-10-08,16,97,0,0.0,1.0123283084506753,0.0,0.0,hist_gradient_boosting,Histogram Gradient Boosting
2014-10-29,15,37,0,0.0,1.0123283084506753,0.0,0.0,hist_gradient_boosting,Histogram Gradient Boosting
2014-07-30,41,28,0,0.0,1.0123283084506753,0.0,0.0,hist_gradient_boosting,Histogram Gradient Boosting
2014-09-07,16,70,0,0.00039434388178695315,1.0123283084506753,-0.00039434388178695315,0.00039434388178695315,hist_gradient_boosting,Histogram Gradient Boosting
2014-10-21,3,42,0,4.346635936906237e-06,1.0123283084506753,-4.346635936906237e-06,4.346635936906237e-06,hist_gradient_boosting,Histogram Gradient Boosting
2014-09-28,31,17,0,0.00019966883721077617,1.0123283084506753,-0.00019966883721077617,0.00019966883721077617,hist_gradient_boosting,Histogram Gradient Boosting
2014-08-23,45,22,2,1.8321693144399605,1.223333340883255,0.16783068556003955,0.16783068556003955,hist_gradient_boosting,Histogram Gradient Boosting
2014-09-22,32,62,0,0.00019557496985160103,1.0123283084506753,-0.00019557496985160103,0.00019557496985160103,hist_gradient_boosting,Histogram Gradient Boosting
2014-07-14,43,99,0,0.0001880860188115713,1.0123283084506753,-0.0001880860188115713,0.0001880860188115713,hist_gradient_boosting,Histogram Gradient Boosting
2014-09-20,25,2,0,0.0,1.0123283084506753,0.0,0.0,hist_gradient_boosting,Histogram Gradient Boosting
2014-08-09,32,47,0,0.00029911665645785166,1.0123283084506753,-0.00029911665645785166,0.00029911665645785166,hist_gradient_boosting,Histogram Gradient Boosting
2014-10-09,24,39,0,0.0,1.0123283084506753,0.0,0.0,hist_gradient_boosting,Histogram Gradient Boosting
2014-08-27,43,44,0,0.0006022601565363104,1.0123283084506753,-0.0006022601565363104,0.0006022601565363104,hist_gradient_boosting,Histogram Gradient Boosting
2014-09-18,21,57,0,0.0,1.0123283084506753,0.0,0.0,hist_gradient_boosting,Histogram Gradient Boosting
2014-10-23,39,63,0,0.0,1.0123283084506753,0.0,0.0,hist_gradient_boosting,Histogram Gradient Boosting
2014-10-03,44,92,0,0.0,1.0123283084506753,0.0,0.0,hist_gradient_boosting,Histogram Gradient Boosting
2014-10-06,8,32,0,0.0002257345773233129,1.0123283084506753,-0.0002257345773233129,0.0002257345773233129,hist_gradient_boosting,Histogram Gradient Boosting
2014-08-28,8,98,0,0.0,1.0123283084506753,0.0,0.0,hist_gradient_boosting,Histogram Gradient Boosting
2014-10-23,41,94,0,0.0,1.0123283084506753,0.0,0.0,hist_gradient_boosting,Histogram Gradient Boosting
2014-10-11,14,6,0,0.00023555025525010686,1.0123283084506753,-0.00023555025525010686,0.00023555025525010686,hist_gradient_boosting,Histogram Gradient Boosting
2014-07-05,21,82,0,0.00019795722260366336,1.0123283084506753,-0.00019795722260366336,0.00019795722260366336,hist_gradient_boosting,Histogram Gradient Boosting
2014-10-09,25,86,0,0.00013330049699514357,1.0123283084506753,-0.00013330049699514357,0.00013330049699514357,hist_gradient_boosting,Histogram Gradient Boosting
2014-10-23,11,12,0,0.0,1.0123283084506753,0.0,0.0,hist_gradient_boosting,Histogram Gradient Boosting
2014-08-29,35,21,0,0.00015773083646151065,1.0123283084506753,-0.00015773083646151065,0.00015773083646151065,hist_gradient_boosting,Histogram Gradient Boosting
2014-08-29,18,63,0,0.0001324275061269097,1.0123283084506753,-0.0001324275061269097,0.0001324275061269097,hist_gradient_boosting,Histogram Gradient Boosting
2014-09-11,10,92,0,0.0,1.0123283084506753,0.0,0.0,hist_gradient_boosting,Histogram Gradient Boosting
2014-10-21,17,73,0,0.0,1.0123283084506753,0.0,0.0,hist_gradient_boosting,Histogram Gradient Boosting
2014-09-12,15,78,0,0.0003621364667997967,1.0123283084506753,-0.0003621364667997967,0.0003621364667997967,hist_gradient_boosting,Histogram Gradient Boosting
2014-07-25,27,40,0,0.0001389427168832167,1.0123283084506753,-0.0001389427168832167,0.0001389427168832167,hist_gradient_boosting,Histogram Gradient Boosting
2014-09-29,39,104,0,0.0,1.0123283084506753,0.0,0.0,hist_gradient_boosting,Histogram Gradient Boosting
2014-08-12,13,51,0,0.0,1.0123283084506753,0.0,0.0,hist_gradient_boosting,Histogram Gradient Boosting
2014-07-25,6,74,0,0.0003041560513348439,1.0123283084506753,-0.0003041560513348439,0.0003041560513348439,hist_gradient_boosting,Histogram Gradient Boosting
2014-08-23,9,86,0,0.00028875341851665844,1.0123283084506753,-0.00028875341851665844,0.00028875341851665844,hist_gradient_boosting,Histogram Gradient Boosting
2014-08-21,2,34,0,0.0,1.0123283084506753,0.0,0.0,hist_gradient_boosting,Histogram Gradient Boosting
2014-07-29,14,81,0,0.0,1.0123283084506753,0.0,0.0,hist_gradient_boosting,Histogram Gradient Boosting
2014-08-15,26,14,0,0.0001634271745022794,1.0123283084506753,-0.0001634271745022794,0.0001634271745022794,hist_gradient_boosting,Histogram Gradient Boosting
2014-10-07,16,53,0,3.5048048212948944e-06,1.0123283084506753,-3.5048048212948944e-06,3.5048048212948944e-06,hist_gradient_boosting,Histogram Gradient Boosting
2014-09-20,37,16,0,0.0,1.0123283084506753,0.0,0.0,hist_gradient_boosting,Histogram Gradient Boosting
2014-10-21,37,77,0,0.0,1.0123283084506753,0.0,0.0,hist_gradient_boosting,Histogram Gradient Boosting
2014-09-20,4,11,0,0.00023337665420931659,1.0123283084506753,-0.00023337665420931659,0.00023337665420931659,hist_gradient_boosting,Histogram Gradient Boosting
2014-07-03,37,21,0,0.0,1.0123283084506753,0.0,0.0,hist_gradient_boosting,Histogram Gradient Boosting
2014-07-15,45,36,0,0.0024412853921129277,1.0123283084506753,-0.0024412853921129277,0.0024412853921129277,hist_gradient_boosting,Histogram Gradient Boosting
2014-09-09,13,8,0,0.0,1.0123283084506753,0.0,0.0,hist_gradient_boosting,Histogram Gradient Boosting
2014-09-15,23,52,0,0.00015133982841803015,1.0123283084506753,-0.00015133982841803015,0.00015133982841803015,hist_gradient_boosting,Histogram Gradient Boosting
2014-09-18,9,108,0,0.0,1.0123283084506753,0.0,0.0,hist_gradient_boosting,Histogram Gradient Boosting
2014-08-23,20,57,0,0.00023979286906460797,1.0123283084506753,-0.00023979286906460797,0.00023979286906460797,hist_gradient_boosting,Histogram Gradient Boosting
2014-07-29,44,61,0,0.00011811704065332231,1.0123283084506753,-0.00011811704065332231,0.00011811704065332231,hist_gradient_boosting,Histogram Gradient Boosting
2014-08-31,19,53,0,0.0002597921843544902,1.0123283084506753,-0.0002597921843544902,0.0002597921843544902,hist_gradient_boosting,Histogram Gradient Boosting
2014-07-18,33,36,0,0.005160653007889579,1.0123283084506753,-0.005160653007889579,0.005160653007889579,hist_gradient_boosting,Histogram Gradient Boosting
2014-09-05,32,67,0,0.0,1.0123283084506753,0.0,0.0,hist_gradient_boosting,Histogram Gradient Boosting
2014-10-11,40,62,0,0.0002794122798237159,1.0123283084506753,-0.0002794122798237159,0.0002794122798237159,hist_gradient_boosting,Histogram Gradient Boosting
2014-07-06,16,90,0,0.00033018104445229024,1.0123283084506753,-0.00033018104445229024,0.00033018104445229024,hist_gradient_boosting,Histogram Gradient Boosting
2014-08-05,16,103,0,9.731280517697131e-05,1.0123283084506753,-9.731280517697131e-05,9.731280517697131e-05,hist_gradient_boosting,Histogram Gradient Boosting
2014-10-07,19,3,0,3.323745135261582e-05,1.0123283084506753,-3.323745135261582e-05,3.323745135261582e-05,hist_gradient_boosting,Histogram Gradient Boosting
2014-08-25,36,105,0,0.0005124815439530123,1.0123283084506753,-0.0005124815439530123,0.0005124815439530123,hist_gradient_boosting,Histogram Gradient Boosting
2014-10-27,45,11,0,0.00020209059197246688,1.0123283084506753,-0.00020209059197246688,0.00020209059197246688,hist_gradient_boosting,Histogram Gradient Boosting
2014-09-18,1,90,0,1.7792624899025665e-05,1.0123283084506753,-1.7792624899025665e-05,1.7792624899025665e-05,hist_gradient_boosting,Histogram Gradient Boosting
2014-08-09,45,93,0,0.0033156466623510865,1.0123283084506753,-0.0033156466623510865,0.0033156466623510865,hist_gradient_boosting,Histogram Gradient Boosting
2014-08-29,34,93,0,0.01804596518111837,1.0123283084506753,-0.01804596518111837,0.01804596518111837,hist_gradient_boosting,Histogram Gradient Boosting
2014-10-13,41,37,0,0.0003815186331025251,1.0123283084506753,-0.0003815186331025251,0.0003815186331025251,hist_gradient_boosting,Histogram Gradient Boosting
2014-10-01,35,78,0,0.0,1.0123283084506753,0.0,0.0,hist_gradient_boosting,Histogram Gradient Boosting
2014-10-06,20,16,0,0.0001066769876624112,1.0123283084506753,-0.0001066769876624112,0.0001066769876624112,hist_gradient_boosting,Histogram Gradient Boosting
2014-08-25,2,108,0,0.0004852560441932624,1.0123283084506753,-0.0004852560441932624,0.0004852560441932624,hist_gradient_boosting,Histogram Gradient Boosting
2014-10-30,7,84,0,0.0,1.0123283084506753,0.0,0.0,hist_gradient_boosting,Histogram Gradient Boosting
2014-07-24,28,63,0,6.07889383444324e-06,1.0123283084506753,-6.07889383444324e-06,6.07889383444324e-06,hist_gradient_boosting,Histogram Gradient Boosting
2014-10-06,28,93,0,0.0007072089244843164,1.0123283084506753,-0.0007072089244843164,0.0007072089244843164,hist_gradient_boosting,Histogram Gradient Boosting
2014-10-29,22,89,0,0.0,1.0123283084506753,0.0,0.0,hist_gradient_boosting,Histogram Gradient Boosting
2014-07-01,16,51,0,0.00018848486386347245,1.0123283084506753,-0.00018848486386347245,0.00018848486386347245,hist_gradient_boosting,Histogram Gradient Boosting
2014-10-05,36,111,0,0.00026353740154206213,1.0123283084506753,-0.00026353740154206213,0.00026353740154206213,hist_gradient_boosting,Histogram Gradient Boosting
2014-10-15,10,24,0,0.0,1.0123283084506753,0.0,0.0,hist_gradient_boosting,Histogram Gradient Boosting
2014-10-03,35,11,0,0.00015053513641950686,1.0123283084506753,-0.00015053513641950686,0.00015053513641950686,hist_gradient_boosting,Histogram Gradient Boosting
2014-10-07,24,58,0,0.0,1.0123283084506753,0.0,0.0,hist_gradient_boosting,Histogram Gradient Boosting
2014-07-22,28,111,0,4.346635936906237e-06,1.0123283084506753,-4.346635936906237e-06,4.346635936906237e-06,hist_gradient_boosting,Histogram Gradient Boosting
2014-09-25,29,76,0,0.0,1.0123283084506753,0.0,0.0,hist_gradient_boosting,Histogram Gradient Boosting
2014-10-10,25,96,0,6.107876723494779e-05,1.0123283084506753,-6.107876723494779e-05,6.107876723494779e-05,hist_gradient_boosting,Histogram Gradient Boosting
2014-09-09,36,38,0,0.0,1.0123283084506753,0.0,0.0,hist_gradient_boosting,Histogram Gradient Boosting
2014-09-16,34,57,0,0.0,1.0123283084506753,0.0,0.0,hist_gradient_boosting,Histogram Gradient Boosting
2014-08-19,6,26,0,6.978189297279983e-06,1.0123283084506753,-6.978189297279983e-06,6.978189297279983e-06,hist_gradient_boosting,Histogram Gradient Boosting
2014-07-25,45,18,0,7.424021747629475e-05,1.0123283084506753,-7.424021747629475e-05,7.424021747629475e-05,hist_gradient_boosting,Histogram Gradient Boosting
2014-07-09,15,8,0,0.00022673554469524365,1.0123283084506753,-0.00022673554469524365,0.00022673554469524365,hist_gradient_boosting,Histogram Gradient Boosting
2014-10-04,6,34,0,0.00026353740154206213,1.0123283084506753,-0.00026353740154206213,0.00026353740154206213,hist_gradient_boosting,Histogram Gradient Boosting
2014-08-18,31,43,0,0.0001369821792658715,1.0123283084506753,-0.0001369821792658715,0.0001369821792658715,hist_gradient_boosting,Histogram Gradient Boosting
2014-10-22,39,3,0,0.00021012581133733176,1.0123283084506753,-0.00021012581133733176,0.00021012581133733176,hist_gradient_boosting,Histogram Gradient Boosting
2014-07-29,3,54,0,0.0,1.0123283084506753,0.0,0.0,hist_gradient_boosting,Histogram Gradient Boosting
2014-10-03,1,87,0,0.00013653128512487804,1.0123283084506753,-0.00013653128512487804,0.00013653128512487804,hist_gradient_boosting,Histogram Gradient Boosting
2014-07-16,45,78,0,0.0,1.0123283084506753,0.0,0.0,hist_gradient_boosting,Histogram Gradient Boosting
2014-08-31,17,62,0,0.00023989252258351228,1.0123283084506753,-0.00023989252258351228,0.00023989252258351228,hist_gradient_boosting,Histogram Gradient Boosting
2014-08-10,11,67,0,0.0003916328186765632,1.0123283084506753,-0.0003916328186765632,0.0003916328186765632,hist_gradient_boosting,Histogram Gradient Boosting
2014-08-11,25,6,0,6.603491482256625e-05,1.0123283084506753,-6.603491482256625e-05,6.603491482256625e-05,hist_gradient_boosting,Histogram Gradient Boosting
2014-07-22,15,78,0,2.269656900209198e-05,1.0123283084506753,-2.269656900209198e-05,2.269656900209198e-05,hist_gradient_boosting,Histogram Gradient Boosting
2014-08-03,29,13,0,0.0001322244289928426,1.0123283084506753,-0.0001322244289928426,0.0001322244289928426,hist_gradient_boosting,Histogram Gradient Boosting
2014-08-26,37,20,0,0.0,1.0123283084506753,0.0,0.0,hist_gradient_boosting,Histogram Gradient Boosting
2014-08-02,5,7,0,0.00019231124080777427,1.0123283084506753,-0.00019231124080777427,0.00019231124080777427,hist_gradient_boosting,Histogram Gradient Boosting
2014-07-24,15,31,0,0.0,1.0123283084506753,0.0,0.0,hist_gradient_boosting,Histogram Gradient Boosting
2014-07-16,33,16,0,0.0014420704416732743,1.0123283084506753,-0.0014420704416732743,0.0014420704416732743,hist_gradient_boosting,Histogram Gradient Boosting
2014-07-05,30,28,0,0.00021929925436856075,1.0123283084506753,-0.00021929925436856075,0.00021929925436856075,hist_gradient_boosting,Histogram Gradient Boosting
2014-10-29,8,73,0,0.0,1.0123283084506753,0.0,0.0,hist_gradient_boosting,Histogram Gradient Boosting
2014-10-25,20,3,0,0.000534940253944483,1.0123283084506753,-0.000534940253944483,0.000534940253944483,hist_gradient_boosting,Histogram Gradient Boosting
2014-07-06,5,96,0,0.00021852963085943505,1.0123283084506753,-0.00021852963085943505,0.00021852963085943505,hist_gradient_boosting,Histogram Gradient Boosting
2014-07-02,39,5,0,0.0,1.0123283084506753,0.0,0.0,hist_gradient_boosting,Histogram Gradient Boosting
2014-10-05,17,97,0,9.252205988354052e-05,1.0123283084506753,-9.252205988354052e-05,9.252205988354052e-05,hist_gradient_boosting,Histogram Gradient Boosting
2014-08-09,2,107,0,0.00023725828425049666,1.0123283084506753,-0.00023725828425049666,0.00023725828425049666,hist_gradient_boosting,Histogram Gradient Boosting
2014-10-04,10,80,0,0.00031944672016048363,1.0123283084506753,-0.00031944672016048363,0.00031944672016048363,hist_gradient_boosting,Histogram Gradient Boosting
2014-08-31,8,20,0,0.00023989252258351228,1.0123283084506753,-0.00023989252258351228,0.00023989252258351228,hist_gradient_boosting,Histogram Gradient Boosting
2014-09-23,30,14,0,0.0,1.0123283084506753,0.0,0.0,hist_gradient_boosting,Histogram Gradient Boosting
2014-08-04,1,70,0,0.0002052139881926117,1.0123283084506753,-0.0002052139881926117,0.0002052139881926117,hist_gradient_boosting,Histogram Gradient Boosting
2014-10-21,29,51,0,0.0,1.0123283084506753,0.0,0.0,hist_gradient_boosting,Histogram Gradient Boosting
2014-10-17,33,11,0,0.00015065800426942985,1.0123283084506753,-0.00015065800426942985,0.00015065800426942985,hist_gradient_boosting,Histogram Gradient Boosting
2014-09-19,17,48,0,0.0001372102288326719,1.0123283084506753,-0.0001372102288326719,0.0001372102288326719,hist_gradient_boosting,Histogram Gradient Boosting
2014-10-24,4,23,0,0.0001372102288326719,1.0123283084506753,-0.0001372102288326719,0.0001372102288326719,hist_gradient_boosting,Histogram Gradient Boosting
2014-10-29,30,28,0,1.1441643805577967e-05,1.0123283084506753,-1.1441643805577967e-05,1.1441643805577967e-05,hist_gradient_boosting,Histogram Gradient Boosting
2014-07-10,13,32,0,0.0,1.0123283084506753,0.0,0.0,hist_gradient_boosting,Histogram Gradient Boosting
2014-08-27,15,89,0,1.7792624899025665e-05,1.0123283084506753,-1.7792624899025665e-05,1.7792624899025665e-05,hist_gradient_boosting,Histogram Gradient Boosting
2014-10-04,5,43,0,0.0,1.0123283084506753,0.0,0.0,hist_gradient_boosting,Histogram Gradient Boosting
2014-10-12,5,101,0,0.00016603399478369197,1.0123283084506753,-0.00016603399478369197,0.00016603399478369197,hist_gradient_boosting,Histogram Gradient Boosting
2014-09-03,27,76,0,4.633631362029894e-05,1.0123283084506753,-4.633631362029894e-05,4.633631362029894e-05,hist_gradient_boosting,Histogram Gradient Boosting
2014-07-22,6,83,0,3.056009880679307e-05,1.0123283084506753,-3.056009880679307e-05,3.056009880679307e-05,hist_gradient_boosting,Histogram Gradient Boosting
2014-09-27,15,109,0,0.0010240980951629472,1.0123283084506753,-0.0010240980951629472,0.0010240980951629472,hist_gradient_boosting,Histogram Gradient Boosting
2014-10-03,5,53,0,6.515118051599417e-05,1.0123283084506753,-6.515118051599417e-05,6.515118051599417e-05,hist_gradient_boosting,Histogram Gradient Boosting
2014-07-17,22,38,0,6.07889383444324e-06,1.0123283084506753,-6.07889383444324e-06,6.07889383444324e-06,hist_gradient_boosting,Histogram Gradient Boosting
2014-10-09,12,67,0,0.0,1.0123283084506753,0.0,0.0,hist_gradient_boosting,Histogram Gradient Boosting
2014-09-11,8,95,0,0.0,1.0123283084506753,0.0,0.0,hist_gradient_boosting,Histogram Gradient Boosting
2014-10-17,30,73,0,0.00010621137304112551,1.0123283084506753,-0.00010621137304112551,0.00010621137304112551,hist_gradient_boosting,Histogram Gradient Boosting
2014-09-03,45,54,0,2.9718245623968948e-05,1.0123283084506753,-2.9718245623968948e-05,2.9718245623968948e-05,hist_gradient_boosting,Histogram Gradient Boosting
2014-07-25,33,42,0,0.00011272641301641633,1.0123283084506753,-0.00011272641301641633,0.00011272641301641633,hist_gradient_boosting,Histogram Gradient Boosting
2014-09-16,25,19,0,0.0,1.0123283084506753,0.0,0.0,hist_gradient_boosting,Histogram Gradient Boosting
2014-09-17,2,50,0,4.346635936906237e-06,1.0123283084506753,-4.346635936906237e-06,4.346635936906237e-06,hist_gradient_boosting,Histogram Gradient Boosting
2014-07-06,13,86,0,0.00019368389565318041,1.0123283084506753,-0.00019368389565318041,0.00019368389565318041,hist_gradient_boosting,Histogram Gradient Boosting
2014-08-24,14,67,0,0.00018695129344044182,1.0123283084506753,-0.00018695129344044182,0.00018695129344044182,hist_gradient_boosting,Histogram Gradient Boosting
2014-10-20,31,94,0,0.00018157048792077533,1.0123283084506753,-0.00018157048792077533,0.00018157048792077533,hist_gradient_boosting,Histogram Gradient Boosting
2014-10-29,12,83,0,0.0,1.0123283084506753,0.0,0.0,hist_gradient_boosting,Histogram Gradient Boosting
2014-08-07,20,85,0,2.9718245623968948e-05,1.0123283084506753,-2.9718245623968948e-05,2.9718245623968948e-05,hist_gradient_boosting,Histogram Gradient Boosting
2014-08-01,3,74,0,0.00021713880301322283,1.0123283084506753,-0.00021713880301322283,0.00021713880301322283,hist_gradient_boosting,Histogram Gradient Boosting
2014-07-18,35,79,0,9.471008009551952e-05,1.0123283084506753,-9.471008009551952e-05,9.471008009551952e-05,hist_gradient_boosting,Histogram Gradient Boosting
2014-07-10,14,63,0,0.0,1.0123283084506753,0.0,0.0,hist_gradient_boosting,Histogram Gradient Boosting
2014-08-22,26,79,0,0.0001389427168832167,1.0123283084506753,-0.0001389427168832167,0.0001389427168832167,hist_gradient_boosting,Histogram Gradient Boosting
2014-07-22,42,12,0,4.346635936906237e-06,1.0123283084506753,-4.346635936906237e-06,4.346635936906237e-06,hist_gradient_boosting,Histogram Gradient Boosting
2014-07-16,14,30,0,0.0,1.0123283084506753,0.0,0.0,hist_gradient_boosting,Histogram Gradient Boosting
2014-07-23,16,13,0,8.951473158120444e-05,1.0123283084506753,-8.951473158120444e-05,8.951473158120444e-05,hist_gradient_boosting,Histogram Gradient Boosting
2014-09-17,29,30,0,3.056009880679307e-05,1.0123283084506753,-3.056009880679307e-05,3.056009880679307e-05,hist_gradient_boosting,Histogram Gradient Boosting
2014-10-25,33,58,0,0.0005475625382705616,1.0123283084506753,-0.0005475625382705616,0.0005475625382705616,hist_gradient_boosting,Histogram Gradient Boosting
2014-08-05,30,65,1,0.7001598598491743,0.19388889372348786,0.2998401401508257,0.2998401401508257,hist_gradient_boosting,Histogram Gradient Boosting
2014-09-05,24,72,0,0.0001743007737946326,1.0123283084506753,-0.0001743007737946326,0.0001743007737946326,hist_gradient_boosting,Histogram Gradient Boosting
2014-07-25,30,23,0,0.00010621137304112551,1.0123283084506753,-0.00010621137304112551,0.00010621137304112551,hist_gradient_boosting,Histogram Gradient Boosting
2014-09-11,45,82,0,0.0,1.0123283084506753,0.0,0.0,hist_gradient_boosting,Histogram Gradient Boosting
2014-10-25,44,105,0,0.04134385012218167,0.008888889104127887,-0.04134385012218167,0.04134385012218167,hist_gradient_boosting,Histogram Gradient Boosting
2014-08-13,4,20,0,0.0,1.0123283084506753,0.0,0.0,hist_gradient_boosting,Histogram Gradient Boosting
2014-07-24,17,52,0,0.0,1.0123283084506753,0.0,0.0,hist_gradient_boosting,Histogram Gradient Boosting
2014-10-31,9,6,0,4.044625100085317e-05,1.0123283084506753,-4.044625100085317e-05,4.044625100085317e-05,hist_gradient_boosting,Histogram Gradient Boosting
2014-08-17,23,51,0,0.0,1.0123283084506753,0.0,0.0,hist_gradient_boosting,Histogram Gradient Boosting
2014-08-12,20,27,0,0.0,1.0123283084506753,0.0,0.0,hist_gradient_boosting,Histogram Gradient Boosting
2014-10-06,40,19,0,0.0002257345773233129,1.0123283084506753,-0.0002257345773233129,0.0002257345773233129,hist_gradient_boosting,Histogram Gradient Boosting
2014-08-30,2,5,38,46.55852625515679,62.897776985168456,-8.558526255156792,8.558526255156792,hist_gradient_boosting,Histogram Gradient Boosting
2014-10-26,22,31,0,0.00017518349237925345,1.0123283084506753,-0.00017518349237925345,0.00017518349237925345,hist_gradient_boosting,Histogram Gradient Boosting
2014-07-05,38,72,0,0.0002880249093705965,1.0123283084506753,-0.0002880249093705965,0.0002880249093705965,hist_gradient_boosting,Histogram Gradient Boosting
2014-07-04,12,94,0,0.0001223646329348196,1.0123283084506753,-0.0001223646329348196,0.0001223646329348196,hist_gradient_boosting,Histogram Gradient Boosting
2014-08-24,27,99,0,0.00034040904110213907,1.0123283084506753,-0.00034040904110213907,0.00034040904110213907,hist_gradient_boosting,Histogram Gradient Boosting
2014-07-15,18,109,0,0.00013410901104759395,1.0123283084506753,-0.00013410901104759395,0.00013410901104759395,hist_gradient_boosting,Histogram Gradient Boosting
2014-07-27,24,30,0,0.00029753328234979323,1.0123283084506753,-0.00029753328234979323,0.00029753328234979323,hist_gradient_boosting,Histogram Gradient Boosting
2014-10-24,26,76,0,0.00011534230579930284,1.0123283084506753,-0.00011534230579930284,0.00011534230579930284,hist_gradient_boosting,Histogram Gradient Boosting
2014-09-01,11,40,0,0.00045651717080501947,1.0123283084506753,-0.00045651717080501947,0.00045651717080501947,hist_gradient_boosting,Histogram Gradient Boosting
2014-07-17,39,16,0,0.0017286157694478802,1.0123283084506753,-0.0017286157694478802,0.0017286157694478802,hist_gradient_boosting,Histogram Gradient Boosting
2014-08-25,27,90,0,0.00020974265906014482,1.0123283084506753,-0.00020974265906014482,0.00020974265906014482,hist_gradient_boosting,Histogram Gradient Boosting
2014-09-22,12,75,0,0.00015535306666662914,1.0123283084506753,-0.00015535306666662914,0.00015535306666662914,hist_gradient_boosting,Histogram Gradient Boosting
2014-07-29,17,101,0,0.0,1.0123283084506753,0.0,0.0,hist_gradient_boosting,Histogram Gradient Boosting
2014-09-12,23,57,0,0.0,1.0123283084506753,0.0,0.0,hist_gradient_boosting,Histogram Gradient Boosting
2014-07-04,9,84,0,2.74362916384499e-05,1.0123283084506753,-2.74362916384499e-05,2.74362916384499e-05,hist_gradient_boosting,Histogram Gradient Boosting
2014-10-30,37,1,0,0.0,1.0123283084506753,0.0,0.0,hist_gradient_boosting,Histogram Gradient Boosting
2014-08-06,42,82,1,0.6388442680702789,0.15833333730697632,0.36115573192972106,0.36115573192972106,hist_gradient_boosting,Histogram Gradient Boosting
2014-09-02,30,69,0,0.0,1.0123283084506753,0.0,0.0,hist_gradient_boosting,Histogram Gradient Boosting
2014-07-25,3,103,0,0.00039586656550190386,1.0123283084506753,-0.00039586656550190386,0.00039586656550190386,hist_gradient_boosting,Histogram Gradient Boosting
2014-09-25,10,32,0,1.7792624899025665e-05,1.0123283084506753,-1.7792624899025665e-05,1.7792624899025665e-05,hist_gradient_boosting,Histogram Gradient Boosting
2014-09-29,30,4,0,0.00028421658792841684,1.0123283084506753,-0.00028421658792841684,0.00028421658792841684,hist_gradient_boosting,Histogram Gradient Boosting
2014-10-19,7,27,0,0.0002418212486144687,1.0123283084506753,-0.0002418212486144687,0.0002418212486144687,hist_gradient_boosting,Histogram Gradient Boosting
2014-10-03,8,108,0,0.0,1.0123283084506753,0.0,0.0,hist_gradient_boosting,Histogram Gradient Boosting
2014-09-02,37,65,0,2.9718245623968948e-05,1.0123283084506753,-2.9718245623968948e-05,2.9718245623968948e-05,hist_gradient_boosting,Histogram Gradient Boosting
2014-09-23,26,75,0,0.0,1.0123283084506753,0.0,0.0,hist_gradient_boosting,Histogram Gradient Boosting
2014-08-30,27,108,0,0.0005897296113051951,1.0123283084506753,-0.0005897296113051951,0.0005897296113051951,hist_gradient_boosting,Histogram Gradient Boosting
2014-09-03,19,73,0,3.5048048212948944e-06,1.0123283084506753,-3.5048048212948944e-06,3.5048048212948944e-06,hist_gradient_boosting,Histogram Gradient Boosting
2014-07-08,40,39,0,0.0,1.0123283084506753,0.0,0.0,hist_gradient_boosting,Histogram Gradient Boosting
2014-08-13,7,10,0,4.197819278281899e-05,1.0123283084506753,-4.197819278281899e-05,4.197819278281899e-05,hist_gradient_boosting,Histogram Gradient Boosting
2014-10-23,7,23,26,21.30330436961748,25.787500286102297,4.696695630382521,4.696695630382521,hist_gradient_boosting,Histogram Gradient Boosting
2014-09-25,13,57,0,0.0,1.0123283084506753,0.0,0.0,hist_gradient_boosting,Histogram Gradient Boosting
2014-07-25,43,102,0,0.00010621137304112551,1.0123283084506753,-0.00010621137304112551,0.00010621137304112551,hist_gradient_boosting,Histogram Gradient Boosting
2014-09-11,21,39,0,0.0,1.0123283084506753,0.0,0.0,hist_gradient_boosting,Histogram Gradient Boosting
2014-07-20,14,14,0,0.00019581843005853604,1.0123283084506753,-0.00019581843005853604,0.00019581843005853604,hist_gradient_boosting,Histogram Gradient Boosting
2014-07-13,30,66,0,0.0004405522610877306,1.0123283084506753,-0.0004405522610877306,0.0004405522610877306,hist_gradient_boosting,Histogram Gradient Boosting
2014-07-25,7,56,0,0.0008940755919208036,1.0123283084506753,-0.0008940755919208036,0.0008940755919208036,hist_gradient_boosting,Histogram Gradient Boosting
2014-10-30,45,100,0,0.0,1.0123283084506753,0.0,0.0,hist_gradient_boosting,Histogram Gradient Boosting
2014-07-18,45,82,0,0.00022142424806796215,1.0123283084506753,-0.00022142424806796215,0.00022142424806796215,hist_gradient_boosting,Histogram Gradient Boosting
2014-09-26,36,88,0,0.00011272641301641633,1.0123283084506753,-0.00011272641301641633,0.00011272641301641633,hist_gradient_boosting,Histogram Gradient Boosting
2014-10-25,5,14,0,0.00023933638791378932,1.0123283084506753,-0.00023933638791378932,0.00023933638791378932,hist_gradient_boosting,Histogram Gradient Boosting
2014-10-11,4,17,0,0.00012831530136988794,1.0123283084506753,-0.00012831530136988794,0.00012831530136988794,hist_gradient_boosting,Histogram Gradient Boosting
2014-10-25,33,47,0,0.00029059973076125316,1.0123283084506753,-0.00029059973076125316,0.00029059973076125316,hist_gradient_boosting,Histogram Gradient Boosting
2014-10-04,44,79,0,0.0003456684428588261,1.0123283084506753,-0.0003456684428588261,0.0003456684428588261,hist_gradient_boosting,Histogram Gradient Boosting
2014-10-05,19,28,0,0.00033018104445229024,1.0123283084506753,-0.00033018104445229024,0.00033018104445229024,hist_gradient_boosting,Histogram Gradient Boosting
2014-07-13,30,43,0,0.0,1.0123283084506753,0.0,0.0,hist_gradient_boosting,Histogram Gradient Boosting
2014-07-24,21,19,0,4.346635936906237e-06,1.0123283084506753,-4.346635936906237e-06,4.346635936906237e-06,hist_gradient_boosting,Histogram Gradient Boosting
2014-08-26,23,104,0,0.00021923759758376747,1.0123283084506753,-0.00021923759758376747,0.00021923759758376747,hist_gradient_boosting,Histogram Gradient Boosting
2014-08-07,29,88,0,2.1471458827233492e-05,1.0123283084506753,-2.1471458827233492e-05,2.1471458827233492e-05,hist_gradient_boosting,Histogram Gradient Boosting
2014-09-15,20,77,0,0.00020209059197246688,1.0123283084506753,-0.00020209059197246688,0.00020209059197246688,hist_gradient_boosting,Histogram Gradient Boosting
2014-08-07,3,54,0,2.9718245623968948e-05,1.0123283084506753,-2.9718245623968948e-05,2.9718245623968948e-05,hist_gradient_boosting,Histogram Gradient Boosting
2014-08-07,17,109,0,0.0,1.0123283084506753,0.0,0.0,hist_gradient_boosting,Histogram Gradient Boosting
2014-10-22,17,16,0,0.00020302020294799737,1.0123283084506753,-0.00020302020294799737,0.00020302020294799737,hist_gradient_boosting,Histogram Gradient Boosting
2014-07-23,19,55,0,0.0,1.0123283084506753,0.0,0.0,hist_gradient_boosting,Histogram Gradient Boosting
2014-09-25,24,25,0,0.0,1.0123283084506753,0.0,0.0,hist_gradient_boosting,Histogram Gradient Boosting
2014-09-18,15,64,0,6.07889383444324e-06,1.0123283084506753,-6.07889383444324e-06,6.07889383444324e-06,hist_gradient_boosting,Histogram Gradient Boosting
2014-09-12,20,83,0,9.9727449536383e-05,1.0123283084506753,-9.9727449536383e-05,9.9727449536383e-05,hist_gradient_boosting,Histogram Gradient Boosting
2014-10-05,16,74,0,0.0002383768985765301,1.0123283084506753,-0.0002383768985765301,0.0002383768985765301,hist_gradient_boosting,Histogram Gradient Boosting
2014-07-25,13,16,0,0.0022809706223904784,1.0123283084506753,-0.0022809706223904784,0.0022809706223904784,hist_gradient_boosting,Histogram Gradient Boosting
2014-08-31,8,75,0,0.00023989252258351228,1.0123283084506753,-0.00023989252258351228,0.00023989252258351228,hist_gradient_boosting,Histogram Gradient Boosting
2014-10-17,4,24,0,0.0001768753024502672,1.0123283084506753,-0.0001768753024502672,0.0001768753024502672,hist_gradient_boosting,Histogram Gradient Boosting
2014-08-13,30,56,0,0.0002618840791475279,1.0123283084506753,-0.0002618840791475279,0.0002618840791475279,hist_gradient_boosting,Histogram Gradient Boosting
2014-10-28,14,97,0,0.0,1.0123283084506753,0.0,0.0,hist_gradient_boosting,Histogram Gradient Boosting
2014-08-21,44,20,0,0.0,1.0123283084506753,0.0,0.0,hist_gradient_boosting,Histogram Gradient Boosting
2014-10-27,11,110,5,7.36440060043354,11.417499923706057,-2.36440060043354,2.36440060043354,hist_gradient_boosting,Histogram Gradient Boosting
2014-08-19,7,58,0,0.0,1.0123283084506753,0.0,0.0,hist_gradient_boosting,Histogram Gradient Boosting
2014-08-09,42,98,0,0.00023725828425049666,1.0123283084506753,-0.00023725828425049666,0.00023725828425049666,hist_gradient_boosting,Histogram Gradient Boosting
2014-07-28,3,27,0,0.00010731767784391223,1.0123283084506753,-0.00010731767784391223,0.00010731767784391223,hist_gradient_boosting,Histogram Gradient Boosting
2014-07-04,32,51,0,0.03788310626244269,0.008888889104127887,-0.03788310626244269,0.03788310626244269,hist_gradient_boosting,Histogram Gradient Boosting
2014-08-22,6,67,0,0.0006106947418039061,1.0123283084506753,-0.0006106947418039061,0.0006106947418039061,hist_gradient_boosting,Histogram Gradient Boosting
2014-10-06,19,14,0,0.00021172967310539818,1.0123283084506753,-0.00021172967310539818,0.00021172967310539818,hist_gradient_boosting,Histogram Gradient Boosting
2014-08-28,28,68,0,2.4045594087986417e-05,1.0123283084506753,-2.4045594087986417e-05,2.4045594087986417e-05,hist_gradient_boosting,Histogram Gradient Boosting
2014-08-21,32,109,0,0.0,1.0123283084506753,0.0,0.0,hist_gradient_boosting,Histogram Gradient Boosting
2014-09-20,36,53,0,0.00023989252258351228,1.0123283084506753,-0.00023989252258351228,0.00023989252258351228,hist_gradient_boosting,Histogram Gradient Boosting
2014-10-28,8,1,0,0.0,1.0123283084506753,0.0,0.0,hist_gradient_boosting,Histogram Gradient Boosting
2014-07-09,32,53,0,0.0,1.0123283084506753,0.0,0.0,hist_gradient_boosting,Histogram Gradient Boosting
2014-08-01,43,58,0,0.0002571829090824145,1.0123283084506753,-0.0002571829090824145,0.0002571829090824145,hist_gradient_boosting,Histogram Gradient Boosting
2014-10-27,22,42,0,0.00022657659551820575,1.0123283084506753,-0.00022657659551820575,0.00022657659551820575,hist_gradient_boosting,Histogram Gradient Boosting
2014-09-09,21,31,0,0.0,1.0123283084506753,0.0,0.0,hist_gradient_boosting,Histogram Gradient Boosting
2014-10-20,34,17,0,0.00015535306666662914,1.0123283084506753,-0.00015535306666662914,0.00015535306666662914,hist_gradient_boosting,Histogram Gradient Boosting
2014-09-09,14,45,0,0.0,1.0123283084506753,0.0,0.0,hist_gradient_boosting,Histogram Gradient Boosting
2014-08-08,25,20,0,8.560935762680007e-05,1.0123283084506753,-8.560935762680007e-05,8.560935762680007e-05,hist_gradient_boosting,Histogram Gradient Boosting
2014-10-27,22,98,0,0.00022657659551820575,1.0123283084506753,-0.00022657659551820575,0.00022657659551820575,hist_gradient_boosting,Histogram Gradient Boosting
2014-09-01,11,20,0,0.00015530250607231094,1.0123283084506753,-0.00015530250607231094,0.00015530250607231094,hist_gradient_boosting,Histogram Gradient Boosting
2014-10-26,26,48,0,0.0002643794515604371,1.0123283084506753,-0.0002643794515604371,0.0002643794515604371,hist_gradient_boosting,Histogram Gradient Boosting
2014-07-21,17,39,0,0.00022657659551820575,1.0123283084506753,-0.00022657659551820575,0.00022657659551820575,hist_gradient_boosting,Histogram Gradient Boosting
2014-09-12,29,49,0,7.351217360612332e-05,1.0123283084506753,-7.351217360612332e-05,7.351217360612332e-05,hist_gradient_boosting,Histogram Gradient Boosting
2014-08-09,21,41,0,0.00023247508310827452,1.0123283084506753,-0.00023247508310827452,0.00023247508310827452,hist_gradient_boosting,Histogram Gradient Boosting
2014-07-14,39,68,0,0.00016360095753273455,1.0123283084506753,-0.00016360095753273455,0.00016360095753273455,hist_gradient_boosting,Histogram Gradient Boosting
2014-09-24,34,94,0,0.0,1.0123283084506753,0.0,0.0,hist_gradient_boosting,Histogram Gradient Boosting
2014-08-24,35,53,0,0.00027646317562559004,1.0123283084506753,-0.00027646317562559004,0.00027646317562559004,hist_gradient_boosting,Histogram Gradient Boosting
2014-10-22,7,25,0,0.00021272186376206624,1.0123283084506753,-0.00021272186376206624,0.00021272186376206624,hist_gradient_boosting,Histogram Gradient Boosting
2014-09-27,28,81,0,0.00023989252258351228,1.0123283084506753,-0.00023989252258351228,0.00023989252258351228,hist_gradient_boosting,Histogram Gradient Boosting
2014-07-20,7,11,0,0.0002418212486144687,1.0123283084506753,-0.0002418212486144687,0.0002418212486144687,hist_gradient_boosting,Histogram Gradient Boosting
2014-08-19,16,44,0,0.0,1.0123283084506753,0.0,0.0,hist_gradient_boosting,Histogram Gradient Boosting
2014-08-20,40,107,0,0.0,1.0123283084506753,0.0,0.0,hist_gradient_boosting,Histogram Gradient Boosting
2014-09-10,4,5,0,0.0,1.0123283084506753,0.0,0.0,hist_gradient_boosting,Histogram Gradient Boosting
2014-09-28,34,106,0,0.00019966883721077617,1.0123283084506753,-0.00019966883721077617,0.00019966883721077617,hist_gradient_boosting,Histogram Gradient Boosting
2014-08-07,16,12,0,0.0,1.0123283084506753,0.0,0.0,hist_gradient_boosting,Histogram Gradient Boosting
2014-08-09,2,31,0,0.00023725828425049666,1.0123283084506753,-0.00023725828425049666,0.00023725828425049666,hist_gradient_boosting,Histogram Gradient Boosting
2014-10-30,24,92,0,0.0,1.0123283084506753,0.0,0.0,hist_gradient_boosting,Histogram Gradient Boosting
2014-10-06,45,43,0,0.0004994116391545862,1.0123283084506753,-0.0004994116391545862,0.0004994116391545862,hist_gradient_boosting,Histogram Gradient Boosting
2014-10-21,26,6,0,0.0,1.0123283084506753,0.0,0.0,hist_gradient_boosting,Histogram Gradient Boosting
2014-07-04,39,77,0,8.963383164031134e-05,1.0123283084506753,-8.963383164031134e-05,8.963383164031134e-05,hist_gradient_boosting,Histogram Gradient Boosting
2014-10-04,39,64,0,0.0002250454025149527,1.0123283084506753,-0.0002250454025149527,0.0002250454025149527,hist_gradient_boosting,Histogram Gradient Boosting
2014-08-02,12,14,0,0.00032382761769210016,1.0123283084506753,-0.00032382761769210016,0.00032382761769210016,hist_gradient_boosting,Histogram Gradient Boosting
2014-08-15,8,26,0,0.00019229828964518819,1.0123283084506753,-0.00019229828964518819,0.00019229828964518819,hist_gradient_boosting,Histogram Gradient Boosting
2014-07-24,3,30,0,6.07889383444324e-06,1.0123283084506753,-6.07889383444324e-06,6.07889383444324e-06,hist_gradient_boosting,Histogram Gradient Boosting
2014-08-13,43,60,0,0.0,1.0123283084506753,0.0,0.0,hist_gradient_boosting,Histogram Gradient Boosting
2014-08-12,22,13,0,3.7916321166897514e-05,1.0123283084506753,-3.7916321166897514e-05,3.7916321166897514e-05,hist_gradient_boosting,Histogram Gradient Boosting
2014-10-02,20,27,0,4.1432253591877504e-05,1.0123283084506753,-4.1432253591877504e-05,4.1432253591877504e-05,hist_gradient_boosting,Histogram Gradient Boosting
2014-10-15,11,105,0,0.0,1.0123283084506753,0.0,0.0,hist_gradient_boosting,Histogram Gradient Boosting
2014-07-14,23,91,0,0.00017125273015465637,1.0123283084506753,-0.00017125273015465637,0.00017125273015465637,hist_gradient_boosting,Histogram Gradient Boosting
2014-08-04,22,32,0,0.0002571544314017542,1.0123283084506753,-0.0002571544314017542,0.0002571544314017542,hist_gradient_boosting,Histogram Gradient Boosting
2014-07-05,20,64,0,0.0003142458083980487,1.0123283084506753,-0.0003142458083980487,0.0003142458083980487,hist_gradient_boosting,Histogram Gradient Boosting
2014-07-19,25,2,0,0.000982381892231142,1.0123283084506753,-0.000982381892231142,0.000982381892231142,hist_gradient_boosting,Histogram Gradient Boosting
2014-08-24,3,80,0,0.0003065345901280382,1.0123283084506753,-0.0003065345901280382,0.0003065345901280382,hist_gradient_boosting,Histogram Gradient Boosting
2014-08-22,34,3,0,0.0001639139588004131,1.0123283084506753,-0.0001639139588004131,0.0001639139588004131,hist_gradient_boosting,Histogram Gradient Boosting
2014-10-26,11,3,0,0.0005368695489051974,1.0123283084506753,-0.0005368695489051974,0.0005368695489051974,hist_gradient_boosting,Histogram Gradient Boosting
2014-10-20,24,101,0,0.00024002557256892074,1.0123283084506753,-0.00024002557256892074,0.00024002557256892074,hist_gradient_boosting,Histogram Gradient Boosting
2014-09-07,34,25,0,3.1350603726998905e-05,1.0123283084506753,-3.1350603726998905e-05,3.1350603726998905e-05,hist_gradient_boosting,Histogram Gradient Boosting
2014-07-12,12,100,0,0.00019016693614017126,1.0123283084506753,-0.00019016693614017126,0.00019016693614017126,hist_gradient_boosting,Histogram Gradient Boosting
2014-07-24,23,100,0,0.0,1.0123283084506753,0.0,0.0,hist_gradient_boosting,Histogram Gradient Boosting
2014-10-15,42,51,0,0.0,1.0123283084506753,0.0,0.0,hist_gradient_boosting,Histogram Gradient Boosting
2014-10-05,28,91,0,0.0002897576586699272,1.0123283084506753,-0.0002897576586699272,0.0002897576586699272,hist_gradient_boosting,Histogram Gradient Boosting
2014-10-17,27,103,0,0.0,1.0123283084506753,0.0,0.0,hist_gradient_boosting,Histogram Gradient Boosting
2014-07-12,36,34,0,0.00021277201921213776,1.0123283084506753,-0.00021277201921213776,0.00021277201921213776,hist_gradient_boosting,Histogram Gradient Boosting
2014-07-04,16,97,0,6.06837501455718e-05,1.0123283084506753,-6.06837501455718e-05,6.06837501455718e-05,hist_gradient_boosting,Histogram Gradient Boosting
2014-10-30,9,68,0,0.0,1.0123283084506753,0.0,0.0,hist_gradient_boosting,Histogram Gradient Boosting
2014-08-17,25,2,0,0.000248687554261223,1.0123283084506753,-0.000248687554261223,0.000248687554261223,hist_gradient_boosting,Histogram Gradient Boosting
2014-07-03,15,53,0,3.5048048212948944e-06,1.0123283084506753,-3.5048048212948944e-06,3.5048048212948944e-06,hist_gradient_boosting,Histogram Gradient Boosting
2014-10-01,17,23,0,0.0002080173213537071,1.0123283084506753,-0.0002080173213537071,0.0002080173213537071,hist_gradient_boosting,Histogram Gradient Boosting
2014-08-14,28,15,0,0.0,1.0123283084506753,0.0,0.0,hist_gradient_boosting,Histogram Gradient Boosting
2014-10-15,44,16,0,0.0009941392922604073,1.0123283084506753,-0.0009941392922604073,0.0009941392922604073,hist_gradient_boosting,Histogram Gradient Boosting
2014-08-22,29,33,0,0.00011272641301641633,1.0123283084506753,-0.00011272641301641633,0.00011272641301641633,hist_gradient_boosting,Histogram Gradient Boosting
2014-07-14,30,82,0,0.0004197610001766526,1.0123283084506753,-0.0004197610001766526,0.0004197610001766526,hist_gradient_boosting,Histogram Gradient Boosting
2014-10-18,7,21,0,0.00013411142400579002,1.0123283084506753,-0.00013411142400579002,0.00013411142400579002,hist_gradient_boosting,Histogram Gradient Boosting
2014-07-21,19,49,0,0.00011763477605659902,1.0123283084506753,-0.00011763477605659902,0.00011763477605659902,hist_gradient_boosting,Histogram Gradient Boosting
2014-07-19,34,39,0,0.00019966883721077617,1.0123283084506753,-0.00019966883721077617,0.00019966883721077617,hist_gradient_boosting,Histogram Gradient Boosting
2014-07-24,45,65,0,2.0243898846437523e-05,1.0123283084506753,-2.0243898846437523e-05,2.0243898846437523e-05,hist_gradient_boosting,Histogram Gradient Boosting
2014-09-20,23,20,0,0.00019966883721077617,1.0123283084506753,-0.00019966883721077617,0.00019966883721077617,hist_gradient_boosting,Histogram Gradient Boosting
2014-08-06,4,15,0,0.003477824855219335,1.0123283084506753,-0.003477824855219335,0.003477824855219335,hist_gradient_boosting,Histogram Gradient Boosting
2014-07-01,10,87,0,0.0,1.0123283084506753,0.0,0.0,hist_gradient_boosting,Histogram Gradient Boosting
2014-07-03,11,41,0,2.320374638925122e-05,1.0123283084506753,-2.320374638925122e-05,2.320374638925122e-05,hist_gradient_boosting,Histogram Gradient Boosting
2014-10-16,27,97,0,0.0,1.0123283084506753,0.0,0.0,hist_gradient_boosting,Histogram Gradient Boosting
2014-08-12,17,53,0,0.0,1.0123283084506753,0.0,0.0,hist_gradient_boosting,Histogram Gradient Boosting
2014-07-26,11,92,0,0.000610717331908302,1.0123283084506753,-0.000610717331908302,0.000610717331908302,hist_gradient_boosting,Histogram Gradient Boosting
2014-10-28,38,11,0,0.0,1.0123283084506753,0.0,0.0,hist_gradient_boosting,Histogram Gradient Boosting
2014-10-23,8,53,0,0.0,1.0123283084506753,0.0,0.0,hist_gradient_boosting,Histogram Gradient Boosting
2014-07-22,9,102,0,0.0,1.0123283084506753,0.0,0.0,hist_gradient_boosting,Histogram Gradient Boosting
2014-08-02,41,6,0,7.29733830534795e-05,1.0123283084506753,-7.29733830534795e-05,7.29733830534795e-05,hist_gradient_boosting,Histogram Gradient Boosting
2014-09-13,17,65,0,0.00022689190626218366,1.0123283084506753,-0.00022689190626218366,0.00022689190626218366,hist_gradient_boosting,Histogram Gradient Boosting
2014-10-01,19,76,0,0.0,1.0123283084506753,0.0,0.0,hist_gradient_boosting,Histogram Gradient Boosting
2014-10-19,22,7,0,0.0002540608395465965,1.0123283084506753,-0.0002540608395465965,0.0002540608395465965,hist_gradient_boosting,Histogram Gradient Boosting
2014-10-20,42,74,0,0.0003288183652885652,1.0123283084506753,-0.0003288183652885652,0.0003288183652885652,hist_gradient_boosting,Histogram Gradient Boosting
2014-07-12,7,79,0,0.0003301214914574002,1.0123283084506753,-0.0003301214914574002,0.0003301214914574002,hist_gradient_boosting,Histogram Gradient Boosting
2014-10-18,23,16,0,0.0029611679885031606,1.0123283084506753,-0.0029611679885031606,0.0029611679885031606,hist_gradient_boosting,Histogram Gradient Boosting
2014-09-22,34,78,0,0.00013598678794253728,1.0123283084506753,-0.00013598678794253728,0.00013598678794253728,hist_gradient_boosting,Histogram Gradient Boosting
2014-08-27,5,38,0,2.0243898846437523e-05,1.0123283084506753,-2.0243898846437523e-05,2.0243898846437523e-05,hist_gradient_boosting,Histogram Gradient Boosting
2014-08-17,35,52,0,0.0003065345901280382,1.0123283084506753,-0.0003065345901280382,0.0003065345901280382,hist_gradient_boosting,Histogram Gradient Boosting
2014-08-06,44,35,0,3.5048048212948944e-06,1.0123283084506753,-3.5048048212948944e-06,3.5048048212948944e-06,hist_gradient_boosting,Histogram Gradient Boosting
2014-10-06,2,26,0,0.00027734060636019133,1.0123283084506753,-0.00027734060636019133,0.00027734060636019133,hist_gradient_boosting,Histogram Gradient Boosting
2014-07-04,31,58,0,0.0,1.0123283084506753,0.0,0.0,hist_gradient_boosting,Histogram Gradient Boosting
2014-08-23,5,1,0,0.00016520251687099173,1.0123283084506753,-0.00016520251687099173,0.00016520251687099173,hist_gradient_boosting,Histogram Gradient Boosting
2014-08-12,21,63,0,1.6891248116964794e-05,1.0123283084506753,-1.6891248116964794e-05,1.6891248116964794e-05,hist_gradient_boosting,Histogram Gradient Boosting
2014-08-06,17,111,0,3.5048048212948944e-06,1.0123283084506753,-3.5048048212948944e-06,3.5048048212948944e-06,hist_gradient_boosting,Histogram Gradient Boosting
2014-07-21,35,68,0,0.00018407264921824153,1.0123283084506753,-0.00018407264921824153,0.00018407264921824153,hist_gradient_boosting,Histogram Gradient Boosting
2014-09-06,31,38,0,0.00027765800524108964,1.0123283084506753,-0.00027765800524108964,0.00027765800524108964,hist_gradient_boosting,Histogram Gradient Boosting
2014-07-26,32,43,0,0.0014767294424475573,1.0123283084506753,-0.0014767294424475573,0.0014767294424475573,hist_gradient_boosting,Histogram Gradient Boosting
2014-08-23,35,42,0,0.00027646317562559004,1.0123283084506753,-0.00027646317562559004,0.00027646317562559004,hist_gradient_boosting,Histogram Gradient Boosting
2014-07-27,36,5,0,0.001993522209810289,1.0123283084506753,-0.001993522209810289,0.001993522209810289,hist_gradient_boosting,Histogram Gradient Boosting
2014-08-23,25,8,0,0.00023068089556398544,1.0123283084506753,-0.00023068089556398544,0.00023068089556398544,hist_gradient_boosting,Histogram Gradient Boosting
2014-09-19,32,93,0,0.0011638304135682992,1.0123283084506753,-0.0011638304135682992,0.0011638304135682992,hist_gradient_boosting,Histogram Gradient Boosting
2014-10-29,5,89,0,0.0,1.0123283084506753,0.0,0.0,hist_gradient_boosting,Histogram Gradient Boosting
2014-07-19,40,59,0,0.0005897296113051951,1.0123283084506753,-0.0005897296113051951,0.0005897296113051951,hist_gradient_boosting,Histogram Gradient Boosting
2014-10-30,16,83,0,3.765529265938172e-05,1.0123283084506753,-3.765529265938172e-05,3.765529265938172e-05,hist_gradient_boosting,Histogram Gradient Boosting
2014-09-27,23,41,0,0.00022588742012967877,1.0123283084506753,-0.00022588742012967877,0.00022588742012967877,hist_gradient_boosting,Histogram Gradient Boosting
2014-07-04,30,13,0,0.008560727021828895,0.12888889312744145,-0.008560727021828895,0.008560727021828895,hist_gradient_boosting,Histogram Gradient Boosting
2014-10-20,41,93,0,0.0,1.0123283084506753,0.0,0.0,hist_gradient_boosting,Histogram Gradient Boosting
2014-10-05,42,87,0,0.0003142458083980487,1.0123283084506753,-0.0003142458083980487,0.0003142458083980487,hist_gradient_boosting,Histogram Gradient Boosting
2014-08-29,31,56,0,0.0004406510584397275,1.0123283084506753,-0.0004406510584397275,0.0004406510584397275,hist_gradient_boosting,Histogram Gradient Boosting
2014-10-20,8,101,0,0.00016186842676801734,1.0123283084506753,-0.00016186842676801734,0.00016186842676801734,hist_gradient_boosting,Histogram Gradient Boosting
2014-09-13,8,108,0,0.0,1.0123283084506753,0.0,0.0,hist_gradient_boosting,Histogram Gradient Boosting
2014-07-01,28,52,0,0.0,1.0123283084506753,0.0,0.0,hist_gradient_boosting,Histogram Gradient Boosting
2014-08-22,40,1,0,3.153134957976049e-05,1.0123283084506753,-3.153134957976049e-05,3.153134957976049e-05,hist_gradient_boosting,Histogram Gradient Boosting
2014-08-09,19,69,0,0.000252636151811355,1.0123283084506753,-0.000252636151811355,0.000252636151811355,hist_gradient_boosting,Histogram Gradient Boosting
2014-07-20,13,92,0,0.000479326291666224,1.0123283084506753,-0.000479326291666224,0.000479326291666224,hist_gradient_boosting,Histogram Gradient Boosting
2014-10-04,30,54,0,0.0003148266160266327,1.0123283084506753,-0.0003148266160266327,0.0003148266160266327,hist_gradient_boosting,Histogram Gradient Boosting
2014-07-13,35,36,0,0.0,1.0123283084506753,0.0,0.0,hist_gradient_boosting,Histogram Gradient Boosting
2014-10-16,38,59,0,0.0,1.0123283084506753,0.0,0.0,hist_gradient_boosting,Histogram Gradient Boosting
2014-07-15,21,65,0,4.400644023331287e-05,1.0123283084506753,-4.400644023331287e-05,4.400644023331287e-05,hist_gradient_boosting,Histogram Gradient Boosting
2014-07-04,16,20,0,0.0001922704964218964,1.0123283084506753,-0.0001922704964218964,0.0001922704964218964,hist_gradient_boosting,Histogram Gradient Boosting
2014-10-30,27,96,0,0.0,1.0123283084506753,0.0,0.0,hist_gradient_boosting,Histogram Gradient Boosting
2014-10-15,42,56,0,0.0,1.0123283084506753,0.0,0.0,hist_gradient_boosting,Histogram Gradient Boosting
2014-08-15,2,44,105,134.30906983178895,137.88916397094727,-29.309069831788946,29.309069831788946,hist_gradient_boosting,Histogram Gradient Boosting
2014-08-09,16,5,0,0.0016069821666318416,1.0123283084506753,-0.0016069821666318416,0.0016069821666318416,hist_gradient_boosting,Histogram Gradient Boosting
2014-10-01,13,65,0,0.0,1.0123283084506753,0.0,0.0,hist_gradient_boosting,Histogram Gradient Boosting
2014-07-08,36,10,0,2.7812879910674478e-05,1.0123283084506753,-2.7812879910674478e-05,2.7812879910674478e-05,hist_gradient_boosting,Histogram Gradient Boosting
2014-10-16,43,31,0,0.0,1.0123283084506753,0.0,0.0,hist_gradient_boosting,Histogram Gradient Boosting
2014-07-23,16,94,0,2.4045594087986417e-05,1.0123283084506753,-2.4045594087986417e-05,2.4045594087986417e-05,hist_gradient_boosting,Histogram Gradient Boosting
2014-09-07,15,68,0,0.0003564030485332209,1.0123283084506753,-0.0003564030485332209,0.0003564030485332209,hist_gradient_boosting,Histogram Gradient Boosting
2014-10-05,45,17,0,0.00026353740154206213,1.0123283084506753,-0.00026353740154206213,0.00026353740154206213,hist_gradient_boosting,Histogram Gradient Boosting
2014-07-07,24,13,0,0.0003354101959170183,1.0123283084506753,-0.0003354101959170183,0.0003354101959170183,hist_gradient_boosting,Histogram Gradient Boosting
2014-08-02,30,25,0,0.0002759103942555439,1.0123283084506753,-0.0002759103942555439,0.0002759103942555439,hist_gradient_boosting,Histogram Gradient Boosting
2014-09-14,1,35,0,0.0003002318053103832,1.0123283084506753,-0.0003002318053103832,0.0003002318053103832,hist_gradient_boosting,Histogram Gradient Boosting
2014-08-12,40,45,47,42.0140997985576,40.66472263336182,4.985900201442398,4.985900201442398,hist_gradient_boosting,Histogram Gradient Boosting
2014-10-12,5,65,0,0.0001922516960207338,1.0123283084506753,-0.0001922516960207338,0.0001922516960207338,hist_gradient_boosting,Histogram Gradient Boosting
2014-08-15,28,80,0,0.00011272641301641633,1.0123283084506753,-0.00011272641301641633,0.00011272641301641633,hist_gradient_boosting,Histogram Gradient Boosting
2014-07-16,7,9,0,0.0016314242261762284,1.0123283084506753,-0.0016314242261762284,0.0016314242261762284,hist_gradient_boosting,Histogram Gradient Boosting
2014-09-10,29,36,0,0.0,1.0123283084506753,0.0,0.0,hist_gradient_boosting,Histogram Gradient Boosting
2014-09-02,41,21,0,0.0,1.0123283084506753,0.0,0.0,hist_gradient_boosting,Histogram Gradient Boosting
2014-08-21,13,81,0,0.0,1.0123283084506753,0.0,0.0,hist_gradient_boosting,Histogram Gradient Boosting
2014-09-19,6,81,0,0.0001372102288326719,1.0123283084506753,-0.0001372102288326719,0.0001372102288326719,hist_gradient_boosting,Histogram Gradient Boosting
2014-10-13,11,108,0,0.0,1.0123283084506753,0.0,0.0,hist_gradient_boosting,Histogram Gradient Boosting
2014-07-01,38,30,0,0.0,1.0123283084506753,0.0,0.0,hist_gradient_boosting,Histogram Gradient Boosting
2014-10-09,15,73,0,0.0,1.0123283084506753,0.0,0.0,hist_gradient_boosting,Histogram Gradient Boosting
2014-10-03,25,90,0,9.213576293919532e-05,1.0123283084506753,-9.213576293919532e-05,9.213576293919532e-05,hist_gradient_boosting,Histogram Gradient Boosting
2014-09-11,11,8,0,0.0,1.0123283084506753,0.0,0.0,hist_gradient_boosting,Histogram Gradient Boosting
2014-09-18,31,62,0,0.0,1.0123283084506753,0.0,0.0,hist_gradient_boosting,Histogram Gradient Boosting
2014-07-02,36,17,0,3.5048048212948944e-06,1.0123283084506753,-3.5048048212948944e-06,3.5048048212948944e-06,hist_gradient_boosting,Histogram Gradient Boosting
2014-10-09,10,83,0,0.0,1.0123283084506753,0.0,0.0,hist_gradient_boosting,Histogram Gradient Boosting
2014-07-16,21,107,0,0.0,1.0123283084506753,0.0,0.0,hist_gradient_boosting,Histogram Gradient Boosting
2014-07-10,16,11,0,0.0,1.0123283084506753,0.0,0.0,hist_gradient_boosting,Histogram Gradient Boosting
2014-10-08,24,70,0,0.0,1.0123283084506753,0.0,0.0,hist_gradient_boosting,Histogram Gradient Boosting
2014-10-10,1,21,0,0.00016067959060237446,1.0123283084506753,-0.00016067959060237446,0.00016067959060237446,hist_gradient_boosting,Histogram Gradient Boosting
2014-08-09,22,73,0,0.00021277201921213776,1.0123283084506753,-0.00021277201921213776,0.00021277201921213776,hist_gradient_boosting,Histogram Gradient Boosting
2014-08-07,6,64,0,2.9718245623968948e-05,1.0123283084506753,-2.9718245623968948e-05,2.9718245623968948e-05,hist_gradient_boosting,Histogram Gradient Boosting
2014-09-13,22,1,0,0.00013808403864435192,1.0123283084506753,-0.00013808403864435192,0.00013808403864435192,hist_gradient_boosting,Histogram Gradient Boosting
2014-07-15,21,104,0,0.00032188756327142064,1.0123283084506753,-0.00032188756327142064,0.00032188756327142064,hist_gradient_boosting,Histogram Gradient Boosting
2014-09-20,2,11,0,0.9762203252033336,1.1677777782082557,-0.9762203252033336,0.9762203252033336,hist_gradient_boosting,Histogram Gradient Boosting
2014-07-07,32,99,0,0.0002833745212105958,1.0123283084506753,-0.0002833745212105958,0.0002833745212105958,hist_gradient_boosting,Histogram Gradient Boosting
2014-07-26,10,47,0,0.0002595961207229878,1.0123283084506753,-0.0002595961207229878,0.0002595961207229878,hist_gradient_boosting,Histogram Gradient Boosting
2014-10-22,21,22,0,2.4045594087986417e-05,1.0123283084506753,-2.4045594087986417e-05,2.4045594087986417e-05,hist_gradient_boosting,Histogram Gradient Boosting
2014-08-29,10,22,0,7.424021747629475e-05,1.0123283084506753,-7.424021747629475e-05,7.424021747629475e-05,hist_gradient_boosting,Histogram Gradient Boosting
2014-07-02,30,57,0,0.0,1.0123283084506753,0.0,0.0,hist_gradient_boosting,Histogram Gradient Boosting
2014-10-26,25,49,0,0.0002593672585402665,1.0123283084506753,-0.0002593672585402665,0.0002593672585402665,hist_gradient_boosting,Histogram Gradient Boosting
2014-07-23,24,12,0,0.0,1.0123283084506753,0.0,0.0,hist_gradient_boosting,Histogram Gradient Boosting
2014-08-07,7,87,0,6.935829592282125e-05,1.0123283084506753,-6.935829592282125e-05,6.935829592282125e-05,hist_gradient_boosting,Histogram Gradient Boosting
2014-09-02,17,109,0,0.0,1.0123283084506753,0.0,0.0,hist_gradient_boosting,Histogram Gradient Boosting
2014-08-07,36,73,0,3.5048048212948944e-06,1.0123283084506753,-3.5048048212948944e-06,3.5048048212948944e-06,hist_gradient_boosting,Histogram Gradient Boosting
2014-08-14,27,71,0,0.0,1.0123283084506753,0.0,0.0,hist_gradient_boosting,Histogram Gradient Boosting
2014-08-16,18,107,0,0.00023989252258351228,1.0123283084506753,-0.00023989252258351228,0.00023989252258351228,hist_gradient_boosting,Histogram Gradient Boosting
2014-07-22,14,14,0,0.0,1.0123283084506753,0.0,0.0,hist_gradient_boosting,Histogram Gradient Boosting
2014-09-10,23,7,0,0.0,1.0123283084506753,0.0,0.0,hist_gradient_boosting,Histogram Gradient Boosting
2014-07-28,10,72,0,0.00020209059197246688,1.0123283084506753,-0.00020209059197246688,0.00020209059197246688,hist_gradient_boosting,Histogram Gradient Boosting
2014-10-19,15,85,0,0.00026804093648923966,1.0123283084506753,-0.00026804093648923966,0.00026804093648923966,hist_gradient_boosting,Histogram Gradient Boosting
2014-09-26,36,33,0,0.00011272641301641633,1.0123283084506753,-0.00011272641301641633,0.00011272641301641633,hist_gradient_boosting,Histogram Gradient Boosting
2014-09-05,14,43,0,0.0,1.0123283084506753,0.0,0.0,hist_gradient_boosting,Histogram Gradient Boosting
2014-10-30,16,72,0,1.1441643805577967e-05,1.0123283084506753,-1.1441643805577967e-05,1.1441643805577967e-05,hist_gradient_boosting,Histogram Gradient Boosting
2014-10-18,43,77,0,0.00023989252258351228,1.0123283084506753,-0.00023989252258351228,0.00023989252258351228,hist_gradient_boosting,Histogram Gradient Boosting
2014-07-11,39,45,0,0.0,1.0123283084506753,0.0,0.0,hist_gradient_boosting,Histogram Gradient Boosting
2014-10-06,38,8,0,0.00024100943755852417,1.0123283084506753,-0.00024100943755852417,0.00024100943755852417,hist_gradient_boosting,Histogram Gradient Boosting
2014-07-26,18,26,0,0.0005502952055705604,1.0123283084506753,-0.0005502952055705604,0.0005502952055705604,hist_gradient_boosting,Histogram Gradient Boosting
2014-10-03,36,79,0,0.00020051869173163717,1.0123283084506753,-0.00020051869173163717,0.00020051869173163717,hist_gradient_boosting,Histogram Gradient Boosting
2014-09-02,42,107,0,0.0,1.0123283084506753,0.0,0.0,hist_gradient_boosting,Histogram Gradient Boosting
2014-08-12,35,94,0,0.0,1.0123283084506753,0.0,0.0,hist_gradient_boosting,Histogram Gradient Boosting
2014-07-03,26,92,0,0.0,1.0123283084506753,0.0,0.0,hist_gradient_boosting,Histogram Gradient Boosting
2014-09-09,29,39,0,0.0,1.0123283084506753,0.0,0.0,hist_gradient_boosting,Histogram Gradient Boosting
2014-07-21,20,28,0,0.00022657659551820575,1.0123283084506753,-0.00022657659551820575,0.00022657659551820575,hist_gradient_boosting,Histogram Gradient Boosting
2014-07-26,43,29,0,0.00023989252258351228,1.0123283084506753,-0.00023989252258351228,0.00023989252258351228,hist_gradient_boosting,Histogram Gradient Boosting
2014-07-28,5,71,0,0.00020209059197246688,1.0123283084506753,-0.00020209059197246688,0.00020209059197246688,hist_gradient_boosting,Histogram Gradient Boosting
2014-09-02,1,86,0,0.0,1.0123283084506753,0.0,0.0,hist_gradient_boosting,Histogram Gradient Boosting
2014-10-25,40,56,0,0.0006016019793640739,1.0123283084506753,-0.0006016019793640739,0.0006016019793640739,hist_gradient_boosting,Histogram Gradient Boosting
2014-08-06,12,48,0,3.5048048212948944e-06,1.0123283084506753,-3.5048048212948944e-06,3.5048048212948944e-06,hist_gradient_boosting,Histogram Gradient Boosting
2014-08-26,17,66,0,0.000214108974882593,1.0123283084506753,-0.000214108974882593,0.000214108974882593,hist_gradient_boosting,Histogram Gradient Boosting
2014-07-06,5,40,0,0.00021852963085943505,1.0123283084506753,-0.00021852963085943505,0.00021852963085943505,hist_gradient_boosting,Histogram Gradient Boosting
2014-08-10,43,5,0,0.001659217440547962,1.0123283084506753,-0.001659217440547962,0.001659217440547962,hist_gradient_boosting,Histogram Gradient Boosting
2014-08-24,4,96,0,0.0002595961207229878,1.0123283084506753,-0.0002595961207229878,0.0002595961207229878,hist_gradient_boosting,Histogram Gradient Boosting
2014-10-18,11,84,0,0.0003065345901280382,1.0123283084506753,-0.0003065345901280382,0.0003065345901280382,hist_gradient_boosting,Histogram Gradient Boosting
2014-10-27,19,62,0,0.00020209059197246688,1.0123283084506753,-0.00020209059197246688,0.00020209059197246688,hist_gradient_boosting,Histogram Gradient Boosting
2014-10-09,2,52,0,0.0,1.0123283084506753,0.0,0.0,hist_gradient_boosting,Histogram Gradient Boosting
2014-08-17,29,60,0,0.00017518349237925345,1.0123283084506753,-0.00017518349237925345,0.00017518349237925345,hist_gradient_boosting,Histogram Gradient Boosting
2014-09-06,36,60,0,0.0002711899387298464,1.0123283084506753,-0.0002711899387298464,0.0002711899387298464,hist_gradient_boosting,Histogram Gradient Boosting
2014-09-30,16,69,0,1.1997190180298058e-05,1.0123283084506753,-1.1997190180298058e-05,1.1997190180298058e-05,hist_gradient_boosting,Histogram Gradient Boosting
2014-10-03,5,45,0,0.0023434858272555785,1.0123283084506753,-0.0023434858272555785,0.0023434858272555785,hist_gradient_boosting,Histogram Gradient Boosting
2014-08-04,15,84,0,0.00026367045467266706,1.0123283084506753,-0.00026367045467266706,0.00026367045467266706,hist_gradient_boosting,Histogram Gradient Boosting
2014-08-23,29,84,0,0.00023989252258351228,1.0123283084506753,-0.00023989252258351228,0.00023989252258351228,hist_gradient_boosting,Histogram Gradient Boosting
2014-08-28,32,20,0,0.0,1.0123283084506753,0.0,0.0,hist_gradient_boosting,Histogram Gradient Boosting
2014-10-24,30,31,0,0.0001372102288326719,1.0123283084506753,-0.0001372102288326719,0.0001372102288326719,hist_gradient_boosting,Histogram Gradient Boosting
2014-07-07,43,4,0,0.00018072850761325962,1.0123283084506753,-0.00018072850761325962,0.00018072850761325962,hist_gradient_boosting,Histogram Gradient Boosting
2014-07-23,35,23,0,0.0,1.0123283084506753,0.0,0.0,hist_gradient_boosting,Histogram Gradient Boosting
2014-09-15,19,1,0,5.6400407658532164e-05,1.0123283084506753,-5.6400407658532164e-05,5.6400407658532164e-05,hist_gradient_boosting,Histogram Gradient Boosting
2014-09-05,24,25,0,5.1826652809135194e-05,1.0123283084506753,-5.1826652809135194e-05,5.1826652809135194e-05,hist_gradient_boosting,Histogram Gradient Boosting
2014-07-24,30,39,0,0.0,1.0123283084506753,0.0,0.0,hist_gradient_boosting,Histogram Gradient Boosting
2014-10-13,38,42,0,0.00023087548180481595,1.0123283084506753,-0.00023087548180481595,0.00023087548180481595,hist_gradient_boosting,Histogram Gradient Boosting
2014-10-07,17,76,0,4.633631362029894e-05,1.0123283084506753,-4.633631362029894e-05,4.633631362029894e-05,hist_gradient_boosting,Histogram Gradient Boosting
2014-09-28,9,4,0,0.00022588742012967877,1.0123283084506753,-0.00022588742012967877,0.00022588742012967877,hist_gradient_boosting,Histogram Gradient Boosting
2014-10-30,7,30,0,0.0,1.0123283084506753,0.0,0.0,hist_gradient_boosting,Histogram Gradient Boosting
2014-10-03,19,105,0,0.0,1.0123283084506753,0.0,0.0,hist_gradient_boosting,Histogram Gradient Boosting
2014-07-04,15,57,0,0.0,1.0123283084506753,0.0,0.0,hist_gradient_boosting,Histogram Gradient Boosting
2014-10-23,28,75,0,4.346635936906237e-06,1.0123283084506753,-4.346635936906237e-06,4.346635936906237e-06,hist_gradient_boosting,Histogram Gradient Boosting
2014-09-29,14,18,0,0.0002669643835177151,1.0123283084506753,-0.0002669643835177151,0.0002669643835177151,hist_gradient_boosting,Histogram Gradient Boosting
2014-07-19,23,101,0,0.00019966883721077617,1.0123283084506753,-0.00019966883721077617,0.00019966883721077617,hist_gradient_boosting,Histogram Gradient Boosting
2014-10-11,22,25,0,0.00016894355359580257,1.0123283084506753,-0.00016894355359580257,0.00016894355359580257,hist_gradient_boosting,Histogram Gradient Boosting
2014-09-11,44,74,0,0.0,1.0123283084506753,0.0,0.0,hist_gradient_boosting,Histogram Gradient Boosting
2014-09-08,16,107,0,0.0001307368833653095,1.0123283084506753,-0.0001307368833653095,0.0001307368833653095,hist_gradient_boosting,Histogram Gradient Boosting
2014-09-16,11,90,0,0.0,1.0123283084506753,0.0,0.0,hist_gradient_boosting,Histogram Gradient Boosting
2014-10-20,32,100,0,0.00022830923837367206,1.0123283084506753,-0.00022830923837367206,0.00022830923837367206,hist_gradient_boosting,Histogram Gradient Boosting
2014-08-20,9,53,0,0.0,1.0123283084506753,0.0,0.0,hist_gradient_boosting,Histogram Gradient Boosting
2014-10-09,16,8,0,0.0,1.0123283084506753,0.0,0.0,hist_gradient_boosting,Histogram Gradient Boosting
2014-10-22,15,87,0,6.07889383444324e-06,1.0123283084506753,-6.07889383444324e-06,6.07889383444324e-06,hist_gradient_boosting,Histogram Gradient Boosting
2014-09-13,35,34,0,0.0002493416806775683,1.0123283084506753,-0.0002493416806775683,0.0002493416806775683,hist_gradient_boosting,Histogram Gradient Boosting
2014-10-05,6,105,0,0.0,1.0123283084506753,0.0,0.0,hist_gradient_boosting,Histogram Gradient Boosting
2014-08-30,3,99,0,0.0003327559743562107,1.0123283084506753,-0.0003327559743562107,0.0003327559743562107,hist_gradient_boosting,Histogram Gradient Boosting
2014-10-09,32,74,0,0.0,1.0123283084506753,0.0,0.0,hist_gradient_boosting,Histogram Gradient Boosting
2014-08-19,20,21,0,5.492836816416472e-05,1.0123283084506753,-5.492836816416472e-05,5.492836816416472e-05,hist_gradient_boosting,Histogram Gradient Boosting
2014-07-29,14,47,0,6.07889383444324e-06,1.0123283084506753,-6.07889383444324e-06,6.07889383444324e-06,hist_gradient_boosting,Histogram Gradient Boosting
2014-07-03,36,105,0,0.0,1.0123283084506753,0.0,0.0,hist_gradient_boosting,Histogram Gradient Boosting
2014-10-24,10,101,0,6.219120881805142e-05,1.0123283084506753,-6.219120881805142e-05,6.219120881805142e-05,hist_gradient_boosting,Histogram Gradient Boosting
2014-08-24,32,104,0,0.00026270201591628177,1.0123283084506753,-0.00026270201591628177,0.00026270201591628177,hist_gradient_boosting,Histogram Gradient Boosting
2014-09-20,18,52,0,0.00019966883721077617,1.0123283084506753,-0.00019966883721077617,0.00019966883721077617,hist_gradient_boosting,Histogram Gradient Boosting
2014-09-21,27,108,0,0.00016157706480301822,1.0123283084506753,-0.00016157706480301822,0.00016157706480301822,hist_gradient_boosting,Histogram Gradient Boosting
2014-08-30,45,28,0,0.0002201412671460175,1.0123283084506753,-0.0002201412671460175,0.0002201412671460175,hist_gradient_boosting,Histogram Gradient Boosting
2014-07-19,26,42,0,0.00019966883721077617,1.0123283084506753,-0.00019966883721077617,0.00019966883721077617,hist_gradient_boosting,Histogram Gradient Boosting
2014-08-19,17,87,0,6.07889383444324e-06,1.0123283084506753,-6.07889383444324e-06,6.07889383444324e-06,hist_gradient_boosting,Histogram Gradient Boosting
2014-07-06,5,72,0,0.00019231124080777427,1.0123283084506753,-0.00019231124080777427,0.00019231124080777427,hist_gradient_boosting,Histogram Gradient Boosting
2014-07-03,21,105,0,0.0,1.0123283084506753,0.0,0.0,hist_gradient_boosting,Histogram Gradient Boosting
2014-07-13,30,23,0,0.00020625632750919016,1.0123283084506753,-0.00020625632750919016,0.00020625632750919016,hist_gradient_boosting,Histogram Gradient Boosting
2014-07-04,12,52,0,9.614876362372719e-05,1.0123283084506753,-9.614876362372719e-05,9.614876362372719e-05,hist_gradient_boosting,Histogram Gradient Boosting
2014-10-21,18,9,0,0.0,1.0123283084506753,0.0,0.0,hist_gradient_boosting,Histogram Gradient Boosting
2014-10-06,10,100,0,0.00018724403301910276,1.0123283084506753,-0.00018724403301910276,0.00018724403301910276,hist_gradient_boosting,Histogram Gradient Boosting
2014-10-23,9,65,0,0.0,1.0123283084506753,0.0,0.0,hist_gradient_boosting,Histogram Gradient Boosting
2014-10-27,14,95,0,0.0,1.0123283084506753,0.0,0.0,hist_gradient_boosting,Histogram Gradient Boosting
2014-07-12,43,74,0,0.00028874341005228867,1.0123283084506753,-0.00028874341005228867,0.00028874341005228867,hist_gradient_boosting,Histogram Gradient Boosting
2014-07-13,7,33,0,0.0002794122798237159,1.0123283084506753,-0.0002794122798237159,0.0002794122798237159,hist_gradient_boosting,Histogram Gradient Boosting
2014-07-29,41,38,0,4.400644023331287e-05,1.0123283084506753,-4.400644023331287e-05,4.400644023331287e-05,hist_gradient_boosting,Histogram Gradient Boosting
2014-09-09,16,29,0,0.0,1.0123283084506753,0.0,0.0,hist_gradient_boosting,Histogram Gradient Boosting
2014-07-01,42,93,0,0.0,1.0123283084506753,0.0,0.0,hist_gradient_boosting,Histogram Gradient Boosting
2014-07-16,31,89,0,0.0,1.0123283084506753,0.0,0.0,hist_gradient_boosting,Histogram Gradient Boosting
2014-07-14,12,103,0,0.0004450224917624646,1.0123283084506753,-0.0004450224917624646,0.0004450224917624646,hist_gradient_boosting,Histogram Gradient Boosting
2014-07-24,5,38,0,6.07889383444324e-06,1.0123283084506753,-6.07889383444324e-06,6.07889383444324e-06,hist_gradient_boosting,Histogram Gradient Boosting
2014-09-19,22,44,0,0.0009559239682874316,1.0123283084506753,-0.0009559239682874316,0.0009559239682874316,hist_gradient_boosting,Histogram Gradient Boosting
2014-08-21,45,103,0,0.0,1.0123283084506753,0.0,0.0,hist_gradient_boosting,Histogram Gradient Boosting
2014-10-31,20,9,0,0.0005331178280227758,1.0123283084506753,-0.0005331178280227758,0.0005331178280227758,hist_gradient_boosting,Histogram Gradient Boosting
2014-07-16,21,96,0,0.0,1.0123283084506753,0.0,0.0,hist_gradient_boosting,Histogram Gradient Boosting
2014-10-10,35,11,0,8.560935762680007e-05,1.0123283084506753,-8.560935762680007e-05,8.560935762680007e-05,hist_gradient_boosting,Histogram Gradient Boosting
2014-08-16,22,41,0,0.0002661121598999148,1.0123283084506753,-0.0002661121598999148,0.0002661121598999148,hist_gradient_boosting,Histogram Gradient Boosting
2014-09-28,42,70,0,0.0002014014334552683,1.0123283084506753,-0.0002014014334552683,0.0002014014334552683,hist_gradient_boosting,Histogram Gradient Boosting
2014-08-12,11,30,0,0.0,1.0123283084506753,0.0,0.0,hist_gradient_boosting,Histogram Gradient Boosting
2014-08-06,5,64,0,2.9718245623968948e-05,1.0123283084506753,-2.9718245623968948e-05,2.9718245623968948e-05,hist_gradient_boosting,Histogram Gradient Boosting
2014-10-29,36,12,0,0.0,1.0123283084506753,0.0,0.0,hist_gradient_boosting,Histogram Gradient Boosting
2014-09-22,45,98,0,0.00020209059197246688,1.0123283084506753,-0.00020209059197246688,0.00020209059197246688,hist_gradient_boosting,Histogram Gradient Boosting
2014-10-14,39,46,0,1.7792624899025665e-05,1.0123283084506753,-1.7792624899025665e-05,1.7792624899025665e-05,hist_gradient_boosting,Histogram Gradient Boosting
2014-08-06,43,39,0,3.5048048212948944e-06,1.0123283084506753,-3.5048048212948944e-06,3.5048048212948944e-06,hist_gradient_boosting,Histogram Gradient Boosting
2014-08-03,31,103,0,0.00032365779938871276,1.0123283084506753,-0.00032365779938871276,0.00032365779938871276,hist_gradient_boosting,Histogram Gradient Boosting
2014-10-17,43,61,0,0.0,1.0123283084506753,0.0,0.0,hist_gradient_boosting,Histogram Gradient Boosting
2014-07-28,41,72,0,0.00020209059197246688,1.0123283084506753,-0.00020209059197246688,0.00020209059197246688,hist_gradient_boosting,Histogram Gradient Boosting
2014-10-06,7,76,0,0.0002685756045254132,1.0123283084506753,-0.0002685756045254132,0.0002685756045254132,hist_gradient_boosting,Histogram Gradient Boosting
2014-10-06,33,80,0,0.0002257345773233129,1.0123283084506753,-0.0002257345773233129,0.0002257345773233129,hist_gradient_boosting,Histogram Gradient Boosting
2014-09-02,2,2,0,0.0,1.0123283084506753,0.0,0.0,hist_gradient_boosting,Histogram Gradient Boosting
2014-07-18,45,45,0,0.0038383195203601506,1.0123283084506753,-0.0038383195203601506,0.0038383195203601506,hist_gradient_boosting,Histogram Gradient Boosting
2014-09-03,7,57,0,0.0,1.0123283084506753,0.0,0.0,hist_gradient_boosting,Histogram Gradient Boosting
2014-09-07,1,101,0,0.0002968872753242248,1.0123283084506753,-0.0002968872753242248,0.0002968872753242248,hist_gradient_boosting,Histogram Gradient Boosting
2014-09-20,25,104,0,0.00018355920112488568,1.0123283084506753,-0.00018355920112488568,0.00018355920112488568,hist_gradient_boosting,Histogram Gradient Boosting
2014-09-06,19,15,0,0.00187434000975513,1.0123283084506753,-0.00187434000975513,0.00187434000975513,hist_gradient_boosting,Histogram Gradient Boosting
2014-07-21,26,82,0,0.0004197610001766526,1.0123283084506753,-0.0004197610001766526,0.0004197610001766526,hist_gradient_boosting,Histogram Gradient Boosting
2014-08-26,19,35,0,0.0,1.0123283084506753,0.0,0.0,hist_gradient_boosting,Histogram Gradient Boosting
2014-08-24,8,16,0,0.0018565198375323363,1.0123283084506753,-0.0018565198375323363,0.0018565198375323363,hist_gradient_boosting,Histogram Gradient Boosting
2014-08-03,4,107,0,0.00021679700494466804,1.0123283084506753,-0.00021679700494466804,0.00021679700494466804,hist_gradient_boosting,Histogram Gradient Boosting
2014-10-21,12,54,0,3.7906322310001485e-06,1.0123283084506753,-3.7906322310001485e-06,3.7906322310001485e-06,hist_gradient_boosting,Histogram Gradient Boosting
2014-09-08,37,99,0,0.00020118904907145323,1.0123283084506753,-0.00020118904907145323,0.00020118904907145323,hist_gradient_boosting,Histogram Gradient Boosting
2014-10-08,40,3,0,0.0,1.0123283084506753,0.0,0.0,hist_gradient_boosting,Histogram Gradient Boosting
2014-07-01,38,77,0,0.00024595252673509805,1.0123283084506753,-0.00024595252673509805,0.00024595252673509805,hist_gradient_boosting,Histogram Gradient Boosting
2014-10-24,9,16,0,0.0,1.0123283084506753,0.0,0.0,hist_gradient_boosting,Histogram Gradient Boosting
2014-10-21,17,60,0,0.0,1.0123283084506753,0.0,0.0,hist_gradient_boosting,Histogram Gradient Boosting
2014-09-09,7,8,0,0.0,1.0123283084506753,0.0,0.0,hist_gradient_boosting,Histogram Gradient Boosting
2014-10-19,4,66,0,0.00019093436469720047,1.0123283084506753,-0.00019093436469720047,0.00019093436469720047,hist_gradient_boosting,Histogram Gradient Boosting
2014-07-26,23,73,0,0.00023989252258351228,1.0123283084506753,-0.00023989252258351228,0.00023989252258351228,hist_gradient_boosting,Histogram Gradient Boosting
2014-09-12,25,87,0,0.0003455131510582091,1.0123283084506753,-0.0003455131510582091,0.0003455131510582091,hist_gradient_boosting,Histogram Gradient Boosting
2014-07-02,22,110,0,0.0,1.0123283084506753,0.0,0.0,hist_gradient_boosting,Histogram Gradient Boosting
2014-09-01,19,50,0,0.00011508222240574116,1.0123283084506753,-0.00011508222240574116,0.00011508222240574116,hist_gradient_boosting,Histogram Gradient Boosting
2014-08-09,5,38,0,0.00023899094560932222,1.0123283084506753,-0.00023899094560932222,0.00023899094560932222,hist_gradient_boosting,Histogram Gradient Boosting
2014-08-26,15,11,0,0.0,1.0123283084506753,0.0,0.0,hist_gradient_boosting,Histogram Gradient Boosting
2014-10-10,5,105,0,0.0005586817590338131,1.0123283084506753,-0.0005586817590338131,0.0005586817590338131,hist_gradient_boosting,Histogram Gradient Boosting
2014-10-10,1,31,0,8.560935762680007e-05,1.0123283084506753,-8.560935762680007e-05,8.560935762680007e-05,hist_gradient_boosting,Histogram Gradient Boosting
2014-10-30,30,44,71,49.938646111808445,64.62027626037599,21.061353888191555,21.061353888191555,hist_gradient_boosting,Histogram Gradient Boosting
2014-10-31,41,6,0,0.00013943948510801403,1.0123283084506753,-0.00013943948510801403,0.00013943948510801403,hist_gradient_boosting,Histogram Gradient Boosting
2014-09-14,27,12,0,0.0003065345901280382,1.0123283084506753,-0.0003065345901280382,0.0003065345901280382,hist_gradient_boosting,Histogram Gradient Boosting
2014-08-10,37,87,0,0.00019668252303122312,1.0123283084506753,-0.00019668252303122312,0.00019668252303122312,hist_gradient_boosting,Histogram Gradient Boosting
2014-08-04,22,2,0,8.31671423660213e-05,1.0123283084506753,-8.31671423660213e-05,8.31671423660213e-05,hist_gradient_boosting,Histogram Gradient Boosting
2014-10-17,41,94,0,0.00011217034905121444,1.0123283084506753,-0.00011217034905121444,0.00011217034905121444,hist_gradient_boosting,Histogram Gradient Boosting
2014-09-29,37,69,0,0.00023350970332799674,1.0123283084506753,-0.00023350970332799674,0.00023350970332799674,hist_gradient_boosting,Histogram Gradient Boosting
2014-07-06,22,12,0,0.0002880249093705965,1.0123283084506753,-0.0002880249093705965,0.0002880249093705965,hist_gradient_boosting,Histogram Gradient Boosting
2014-07-15,30,86,0,0.00013427654294784905,1.0123283084506753,-0.00013427654294784905,0.00013427654294784905,hist_gradient_boosting,Histogram Gradient Boosting
2014-10-24,9,62,0,7.250784150648426e-05,1.0123283084506753,-7.250784150648426e-05,7.250784150648426e-05,hist_gradient_boosting,Histogram Gradient Boosting
2014-09-25,11,81,0,1.7792624899025665e-05,1.0123283084506753,-1.7792624899025665e-05,1.7792624899025665e-05,hist_gradient_boosting,Histogram Gradient Boosting
2014-07-19,30,71,0,0.00023989252258351228,1.0123283084506753,-0.00023989252258351228,0.00023989252258351228,hist_gradient_boosting,Histogram Gradient Boosting
2014-10-23,38,3,0,0.000274837102229128,1.0123283084506753,-0.000274837102229128,0.000274837102229128,hist_gradient_boosting,Histogram Gradient Boosting
2014-08-12,35,91,0,0.0,1.0123283084506753,0.0,0.0,hist_gradient_boosting,Histogram Gradient Boosting
2014-09-07,15,94,0,0.0003564030485332209,1.0123283084506753,-0.0003564030485332209,0.0003564030485332209,hist_gradient_boosting,Histogram Gradient Boosting
2014-08-22,4,108,0,8.585510877729541e-05,1.0123283084506753,-8.585510877729541e-05,8.585510877729541e-05,hist_gradient_boosting,Histogram Gradient Boosting
2014-07-07,8,5,19,19.31840508200856,28.22111101150513,-0.3184050820085602,0.3184050820085602,hist_gradient_boosting,Histogram Gradient Boosting
2014-09-25,11,12,0,1.7792624899025665e-05,1.0123283084506753,-1.7792624899025665e-05,1.7792624899025665e-05,hist_gradient_boosting,Histogram Gradient Boosting
2014-07-27,3,50,0,0.0003065345901280382,1.0123283084506753,-0.0003065345901280382,0.0003065345901280382,hist_gradient_boosting,Histogram Gradient Boosting
2014-07-13,37,22,0,0.00019668252303122312,1.0123283084506753,-0.00019668252303122312,0.00019668252303122312,hist_gradient_boosting,Histogram Gradient Boosting
2014-08-15,39,22,0,7.424021747629475e-05,1.0123283084506753,-7.424021747629475e-05,7.424021747629475e-05,hist_gradient_boosting,Histogram Gradient Boosting
2014-09-03,22,34,0,3.5048048212948944e-06,1.0123283084506753,-3.5048048212948944e-06,3.5048048212948944e-06,hist_gradient_boosting,Histogram Gradient Boosting
2014-07-28,45,102,0,0.00022006081388802883,1.0123283084506753,-0.00022006081388802883,0.00022006081388802883,hist_gradient_boosting,Histogram Gradient Boosting
2014-10-26,32,77,0,0.00032601062361019485,1.0123283084506753,-0.00032601062361019485,0.00032601062361019485,hist_gradient_boosting,Histogram Gradient Boosting
2014-10-05,42,90,0,0.0002880249093705965,1.0123283084506753,-0.0002880249093705965,0.0002880249093705965,hist_gradient_boosting,Histogram Gradient Boosting
2014-08-03,30,81,0,0.00025702137913789807,1.0123283084506753,-0.00025702137913789807,0.00025702137913789807,hist_gradient_boosting,Histogram Gradient Boosting
2014-08-13,17,100,0,0.0,1.0123283084506753,0.0,0.0,hist_gradient_boosting,Histogram Gradient Boosting
2014-09-30,1,35,0,1.1997190180298058e-05,1.0123283084506753,-1.1997190180298058e-05,1.1997190180298058e-05,hist_gradient_boosting,Histogram Gradient Boosting
2014-08-10,12,63,0,0.0002409196699018007,1.0123283084506753,-0.0002409196699018007,0.0002409196699018007,hist_gradient_boosting,Histogram Gradient Boosting
2014-08-07,11,48,0,0.0,1.0123283084506753,0.0,0.0,hist_gradient_boosting,Histogram Gradient Boosting
2014-10-11,12,23,0,0.00023918700520194768,1.0123283084506753,-0.00023918700520194768,0.00023918700520194768,hist_gradient_boosting,Histogram Gradient Boosting
2014-08-28,28,13,0,8.951473158120444e-05,1.0123283084506753,-8.951473158120444e-05,8.951473158120444e-05,hist_gradient_boosting,Histogram Gradient Boosting
2014-08-07,27,62,0,0.0,1.0123283084506753,0.0,0.0,hist_gradient_boosting,Histogram Gradient Boosting
2014-07-13,2,42,0,0.00021277201921213776,1.0123283084506753,-0.00021277201921213776,0.00021277201921213776,hist_gradient_boosting,Histogram Gradient Boosting
2014-08-03,29,102,0,0.0002233127653132574,1.0123283084506753,-0.0002233127653132574,0.0002233127653132574,hist_gradient_boosting,Histogram Gradient Boosting
2014-07-10,40,37,0,0.0,1.0123283084506753,0.0,0.0,hist_gradient_boosting,Histogram Gradient Boosting
2014-10-23,20,102,0,4.346635936906237e-06,1.0123283084506753,-4.346635936906237e-06,4.346635936906237e-06,hist_gradient_boosting,Histogram Gradient Boosting
2014-07-19,13,74,0,0.00040528557602895833,1.0123283084506753,-0.00040528557602895833,0.00040528557602895833,hist_gradient_boosting,Histogram Gradient Boosting
2014-08-17,39,52,0,0.00023989252258351228,1.0123283084506753,-0.00023989252258351228,0.00023989252258351228,hist_gradient_boosting,Histogram Gradient Boosting
2014-07-08,39,4,0,3.4452712745320024e-06,1.0123283084506753,-3.4452712745320024e-06,3.4452712745320024e-06,hist_gradient_boosting,Histogram Gradient Boosting
2014-08-23,27,77,0,0.0003000182876270459,1.0123283084506753,-0.0003000182876270459,0.0003000182876270459,hist_gradient_boosting,Histogram Gradient Boosting
2014-07-15,39,77,0,0.0,1.0123283084506753,0.0,0.0,hist_gradient_boosting,Histogram Gradient Boosting
2014-10-28,12,87,0,0.0,1.0123283084506753,0.0,0.0,hist_gradient_boosting,Histogram Gradient Boosting
2014-10-26,27,72,0,0.0002418212486144687,1.0123283084506753,-0.0002418212486144687,0.0002418212486144687,hist_gradient_boosting,Histogram Gradient Boosting
2014-08-21,34,58,0,0.0,1.0123283084506753,0.0,0.0,hist_gradient_boosting,Histogram Gradient Boosting
2014-07-22,9,49,0,0.0,1.0123283084506753,0.0,0.0,hist_gradient_boosting,Histogram Gradient Boosting
2014-08-22,21,26,0,0.00017926321638165056,1.0123283084506753,-0.00017926321638165056,0.00017926321638165056,hist_gradient_boosting,Histogram Gradient Boosting
2014-10-10,19,28,0,2.0910308542126664e-05,1.0123283084506753,-2.0910308542126664e-05,2.0910308542126664e-05,hist_gradient_boosting,Histogram Gradient Boosting
2014-10-24,12,98,0,6.219120881805142e-05,1.0123283084506753,-6.219120881805142e-05,6.219120881805142e-05,hist_gradient_boosting,Histogram Gradient Boosting
2014-09-27,30,30,0,0.00018165093808277305,1.0123283084506753,-0.00018165093808277305,0.00018165093808277305,hist_gradient_boosting,Histogram Gradient Boosting
2014-07-16,18,69,0,0.0,1.0123283084506753,0.0,0.0,hist_gradient_boosting,Histogram Gradient Boosting
2014-08-25,35,72,0,0.00019578846524113155,1.0123283084506753,-0.00019578846524113155,0.00019578846524113155,hist_gradient_boosting,Histogram Gradient Boosting
2014-07-18,30,87,0,9.471008009551952e-05,1.0123283084506753,-9.471008009551952e-05,9.471008009551952e-05,hist_gradient_boosting,Histogram Gradient Boosting
2014-08-22,31,90,0,0.00011272641301641633,1.0123283084506753,-0.00011272641301641633,0.00011272641301641633,hist_gradient_boosting,Histogram Gradient Boosting
2014-08-29,31,108,0,0.0003893496810651205,1.0123283084506753,-0.0003893496810651205,0.0003893496810651205,hist_gradient_boosting,Histogram Gradient Boosting
2014-07-20,26,20,0,0.0002643794515604371,1.0123283084506753,-0.0002643794515604371,0.0002643794515604371,hist_gradient_boosting,Histogram Gradient Boosting
2014-10-14,11,51,0,0.0,1.0123283084506753,0.0,0.0,hist_gradient_boosting,Histogram Gradient Boosting
2014-08-09,20,69,0,0.00020625632750919016,1.0123283084506753,-0.00020625632750919016,0.00020625632750919016,hist_gradient_boosting,Histogram Gradient Boosting
2014-08-05,8,105,0,6.634091906494468e-05,1.0123283084506753,-6.634091906494468e-05,6.634091906494468e-05,hist_gradient_boosting,Histogram Gradient Boosting
2014-08-18,23,37,0,0.00016638636643190804,1.0123283084506753,-0.00016638636643190804,0.00016638636643190804,hist_gradient_boosting,Histogram Gradient Boosting
2014-09-22,45,84,0,0.00020209059197246688,1.0123283084506753,-0.00020209059197246688,0.00020209059197246688,hist_gradient_boosting,Histogram Gradient Boosting
2014-08-10,40,38,0,0.00019668252303122312,1.0123283084506753,-0.00019668252303122312,0.00019668252303122312,hist_gradient_boosting,Histogram Gradient Boosting
2014-07-17,45,20,0,0.0,1.0123283084506753,0.0,0.0,hist_gradient_boosting,Histogram Gradient Boosting
2014-10-09,6,81,0,0.0,1.0123283084506753,0.0,0.0,hist_gradient_boosting,Histogram Gradient Boosting
2014-07-11,13,15,0,0.0,1.0123283084506753,0.0,0.0,hist_gradient_boosting,Histogram Gradient Boosting
2014-07-04,41,86,0,2.456403513699468e-06,1.0123283084506753,-2.456403513699468e-06,2.456403513699468e-06,hist_gradient_boosting,Histogram Gradient Boosting
2014-10-09,37,99,0,0.0,1.0123283084506753,0.0,0.0,hist_gradient_boosting,Histogram Gradient Boosting
2014-07-31,10,58,0,3.996942058890209e-05,1.0123283084506753,-3.996942058890209e-05,3.996942058890209e-05,hist_gradient_boosting,Histogram Gradient Boosting
2014-07-25,22,1,0,0.0003212645745072035,1.0123283084506753,-0.0003212645745072035,0.0003212645745072035,hist_gradient_boosting,Histogram Gradient Boosting
2014-09-28,36,79,0,0.0002661121598999148,1.0123283084506753,-0.0002661121598999148,0.0002661121598999148,hist_gradient_boosting,Histogram Gradient Boosting
2014-10-23,17,72,0,0.0,1.0123283084506753,0.0,0.0,hist_gradient_boosting,Histogram Gradient Boosting
2014-08-24,24,89,0,0.00023337665420931659,1.0123283084506753,-0.00023337665420931659,0.00023337665420931659,hist_gradient_boosting,Histogram Gradient Boosting
2014-09-02,42,6,0,0.0,1.0123283084506753,0.0,0.0,hist_gradient_boosting,Histogram Gradient Boosting
2014-07-04,35,41,0,0.00020051869173163717,1.0123283084506753,-0.00020051869173163717,0.00020051869173163717,hist_gradient_boosting,Histogram Gradient Boosting
2014-07-07,7,26,0,0.00034967410539643584,1.0123283084506753,-0.00034967410539643584,0.00034967410539643584,hist_gradient_boosting,Histogram Gradient Boosting
2014-10-13,45,107,0,6.603491482256625e-05,1.0123283084506753,-6.603491482256625e-05,6.603491482256625e-05,hist_gradient_boosting,Histogram Gradient Boosting
2014-10-27,20,51,0,0.00018255825022174603,1.0123283084506753,-0.00018255825022174603,0.00018255825022174603,hist_gradient_boosting,Histogram Gradient Boosting
2014-09-12,33,15,0,0.0,1.0123283084506753,0.0,0.0,hist_gradient_boosting,Histogram Gradient Boosting
2014-07-14,23,70,0,0.00017125273015465637,1.0123283084506753,-0.00017125273015465637,0.00017125273015465637,hist_gradient_boosting,Histogram Gradient Boosting
2014-10-15,13,103,0,0.0,1.0123283084506753,0.0,0.0,hist_gradient_boosting,Histogram Gradient Boosting
2014-09-25,30,32,0,0.0,1.0123283084506753,0.0,0.0,hist_gradient_boosting,Histogram Gradient Boosting
2014-07-20,18,83,0,0.00029059973076125316,1.0123283084506753,-0.00029059973076125316,0.00029059973076125316,hist_gradient_boosting,Histogram Gradient Boosting
2014-10-27,23,2,0,0.0,1.0123283084506753,0.0,0.0,hist_gradient_boosting,Histogram Gradient Boosting
2014-09-11,4,19,0,0.0,1.0123283084506753,0.0,0.0,hist_gradient_boosting,Histogram Gradient Boosting
2014-09-01,41,100,0,0.00011681467212503858,1.0123283084506753,-0.00011681467212503858,0.00011681467212503858,hist_gradient_boosting,Histogram Gradient Boosting
2014-08-15,31,80,0,0.0001372102288326719,1.0123283084506753,-0.0001372102288326719,0.0001372102288326719,hist_gradient_boosting,Histogram Gradient Boosting
2014-07-06,35,11,0,0.00033018104445229024,1.0123283084506753,-0.00033018104445229024,0.00033018104445229024,hist_gradient_boosting,Histogram Gradient Boosting
2014-08-18,43,108,0,0.00019547532074803772,1.0123283084506753,-0.00019547532074803772,0.00019547532074803772,hist_gradient_boosting,Histogram Gradient Boosting
2014-08-20,18,88,0,0.0,1.0123283084506753,0.0,0.0,hist_gradient_boosting,Histogram Gradient Boosting
2014-08-22,36,55,0,0.00011272641301641633,1.0123283084506753,-0.00011272641301641633,0.00011272641301641633,hist_gradient_boosting,Histogram Gradient Boosting
2014-10-06,35,31,0,0.0001814981020361083,1.0123283084506753,-0.0001814981020361083,0.0001814981020361083,hist_gradient_boosting,Histogram Gradient Boosting
2014-07-21,20,23,0,0.00022657659551820575,1.0123283084506753,-0.00022657659551820575,0.00022657659551820575,hist_gradient_boosting,Histogram Gradient Boosting
2014-10-16,27,52,0,0.0,1.0123283084506753,0.0,0.0,hist_gradient_boosting,Histogram Gradient Boosting
2014-09-27,18,47,0,0.00022588742012967877,1.0123283084506753,-0.00022588742012967877,0.00022588742012967877,hist_gradient_boosting,Histogram Gradient Boosting
2014-10-11,44,107,0,0.0001480647435284544,1.0123283084506753,-0.0001480647435284544,0.0001480647435284544,hist_gradient_boosting,Histogram Gradient Boosting
2014-07-21,3,73,0,0.00022657659551820575,1.0123283084506753,-0.00022657659551820575,0.00022657659551820575,hist_gradient_boosting,Histogram Gradient Boosting
2014-09-23,6,46,0,0.0,1.0123283084506753,0.0,0.0,hist_gradient_boosting,Histogram Gradient Boosting
2014-07-19,15,37,0,0.00027082663624887504,1.0123283084506753,-0.00027082663624887504,0.00027082663624887504,hist_gradient_boosting,Histogram Gradient Boosting
2014-10-14,42,84,0,1.7792624899025665e-05,1.0123283084506753,-1.7792624899025665e-05,1.7792624899025665e-05,hist_gradient_boosting,Histogram Gradient Boosting
2014-09-24,6,58,0,0.0,1.0123283084506753,0.0,0.0,hist_gradient_boosting,Histogram Gradient Boosting
2014-08-25,8,19,0,0.00013738400730781126,1.0123283084506753,-0.00013738400730781126,0.00013738400730781126,hist_gradient_boosting,Histogram Gradient Boosting
2014-09-15,11,44,0,0.0,1.0123283084506753,0.0,0.0,hist_gradient_boosting,Histogram Gradient Boosting
2014-07-21,43,86,0,0.00018623989578431182,1.0123283084506753,-0.00018623989578431182,0.00018623989578431182,hist_gradient_boosting,Histogram Gradient Boosting
2014-09-05,14,6,0,0.0,1.0123283084506753,0.0,0.0,hist_gradient_boosting,Histogram Gradient Boosting
2014-09-02,24,61,0,0.0,1.0123283084506753,0.0,0.0,hist_gradient_boosting,Histogram Gradient Boosting
2014-07-16,11,95,0,0.0006505810544009537,1.0123283084506753,-0.0006505810544009537,0.0006505810544009537,hist_gradient_boosting,Histogram Gradient Boosting
2014-07-19,16,74,0,0.000389029942626732,1.0123283084506753,-0.000389029942626732,0.000389029942626732,hist_gradient_boosting,Histogram Gradient Boosting
2014-07-25,31,107,0,0.00011272641301641633,1.0123283084506753,-0.00011272641301641633,0.00011272641301641633,hist_gradient_boosting,Histogram Gradient Boosting
2014-10-11,15,5,74,50.162994487776004,35.6063892364502,23.837005512223996,23.837005512223996,hist_gradient_boosting,Histogram Gradient Boosting
2014-07-06,15,45,77,80.99572329388785,74.98111228942872,-3.995723293887849,3.995723293887849,hist_gradient_boosting,Histogram Gradient Boosting
2014-08-23,25,50,0,0.00023989252258351228,1.0123283084506753,-0.00023989252258351228,0.00023989252258351228,hist_gradient_boosting,Histogram Gradient Boosting
2014-07-15,25,42,0,0.0,1.0123283084506753,0.0,0.0,hist_gradient_boosting,Histogram Gradient Boosting
2014-07-20,18,91,0,0.00029059973076125316,1.0123283084506753,-0.00029059973076125316,0.00029059973076125316,hist_gradient_boosting,Histogram Gradient Boosting
2014-09-19,9,21,0,0.0,1.0123283084506753,0.0,0.0,hist_gradient_boosting,Histogram Gradient Boosting
2014-07-12,25,109,0,0.0,1.0123283084506753,0.0,0.0,hist_gradient_boosting,Histogram Gradient Boosting
2014-08-07,5,87,0,0.0,1.0123283084506753,0.0,0.0,hist_gradient_boosting,Histogram Gradient Boosting
2014-10-04,14,43,0,0.0,1.0123283084506753,0.0,0.0,hist_gradient_boosting,Histogram Gradient Boosting
2014-07-16,21,3,0,0.00020361013687259104,1.0123283084506753,-0.00020361013687259104,0.00020361013687259104,hist_gradient_boosting,Histogram Gradient Boosting
2014-08-06,3,1,0,0.0002055045052006646,1.0123283084506753,-0.0002055045052006646,0.0002055045052006646,hist_gradient_boosting,Histogram Gradient Boosting
2014-10-23,23,98,0,0.0,1.0123283084506753,0.0,0.0,hist_gradient_boosting,Histogram Gradient Boosting
2014-10-10,6,26,0,0.0006548479470306651,1.0123283084506753,-0.0006548479470306651,0.0006548479470306651,hist_gradient_boosting,Histogram Gradient Boosting
2014-10-01,13,100,0,0.0,1.0123283084506753,0.0,0.0,hist_gradient_boosting,Histogram Gradient Boosting
2014-09-20,24,5,0,0.0,1.0123283084506753,0.0,0.0,hist_gradient_boosting,Histogram Gradient Boosting
2014-08-03,30,60,0,0.00025702137913789807,1.0123283084506753,-0.00025702137913789807,0.00025702137913789807,hist_gradient_boosting,Histogram Gradient Boosting
2014-07-29,39,97,0,2.7353539741171683e-05,1.0123283084506753,-2.7353539741171683e-05,2.7353539741171683e-05,hist_gradient_boosting,Histogram Gradient Boosting
2014-07-07,13,93,0,0.0,1.0123283084506753,0.0,0.0,hist_gradient_boosting,Histogram Gradient Boosting
2014-10-03,11,72,0,0.00012985309188316376,1.0123283084506753,-0.00012985309188316376,0.00012985309188316376,hist_gradient_boosting,Histogram Gradient Boosting
2014-08-03,38,97,0,0.00031103833970524166,1.0123283084506753,-0.00031103833970524166,0.00031103833970524166,hist_gradient_boosting,Histogram Gradient Boosting
2014-07-30,5,47,0,0.0,1.0123283084506753,0.0,0.0,hist_gradient_boosting,Histogram Gradient Boosting
2014-09-08,40,58,0,0.0,1.0123283084506753,0.0,0.0,hist_gradient_boosting,Histogram Gradient Boosting
2014-07-26,32,52,0,0.0003000182876270459,1.0123283084506753,-0.0003000182876270459,0.0003000182876270459,hist_gradient_boosting,Histogram Gradient Boosting
2014-08-30,13,16,0,0.0017133096657856637,1.0123283084506753,-0.0017133096657856637,0.0017133096657856637,hist_gradient_boosting,Histogram Gradient Boosting
2014-10-26,2,37,0,0.00020418694762700123,1.0123283084506753,-0.00020418694762700123,0.00020418694762700123,hist_gradient_boosting,Histogram Gradient Boosting
2014-08-23,15,40,0,0.0003327559743562107,1.0123283084506753,-0.0003327559743562107,0.0003327559743562107,hist_gradient_boosting,Histogram Gradient Boosting
2014-07-25,20,79,0,0.0001389427168832167,1.0123283084506753,-0.0001389427168832167,0.0001389427168832167,hist_gradient_boosting,Histogram Gradient Boosting
2014-10-05,37,64,0,0.00039434388178695315,1.0123283084506753,-0.00039434388178695315,0.00039434388178695315,hist_gradient_boosting,Histogram Gradient Boosting
2014-10-22,21,38,0,2.4045594087986417e-05,1.0123283084506753,-2.4045594087986417e-05,2.4045594087986417e-05,hist_gradient_boosting,Histogram Gradient Boosting
2014-09-15,37,24,0,0.00018407264921824153,1.0123283084506753,-0.00018407264921824153,0.00018407264921824153,hist_gradient_boosting,Histogram Gradient Boosting
2014-10-31,2,100,0,0.00010887634056107957,1.0123283084506753,-0.00010887634056107957,0.00010887634056107957,hist_gradient_boosting,Histogram Gradient Boosting
2014-07-21,3,55,0,0.00022657659551820575,1.0123283084506753,-0.00022657659551820575,0.00022657659551820575,hist_gradient_boosting,Histogram Gradient Boosting
2014-08-16,6,42,0,0.00023337665420931659,1.0123283084506753,-0.00023337665420931659,0.00023337665420931659,hist_gradient_boosting,Histogram Gradient Boosting
2014-08-04,39,106,0,0.0001855114612987303,1.0123283084506753,-0.0001855114612987303,0.0001855114612987303,hist_gradient_boosting,Histogram Gradient Boosting
2014-08-24,8,84,0,0.00017518349237925345,1.0123283084506753,-0.00017518349237925345,0.00017518349237925345,hist_gradient_boosting,Histogram Gradient Boosting
2014-10-29,4,23,0,1.1441643805577967e-05,1.0123283084506753,-1.1441643805577967e-05,1.1441643805577967e-05,hist_gradient_boosting,Histogram Gradient Boosting
2014-07-01,15,75,0,0.0,1.0123283084506753,0.0,0.0,hist_gradient_boosting,Histogram Gradient Boosting
2014-07-26,23,90,0,0.00023989252258351228,1.0123283084506753,-0.00023989252258351228,0.00023989252258351228,hist_gradient_boosting,Histogram Gradient Boosting
2014-08-09,19,47,0,0.0002788561231809571,1.0123283084506753,-0.0002788561231809571,0.0002788561231809571,hist_gradient_boosting,Histogram Gradient Boosting
2014-08-28,39,45,0,0.0017908719679044082,1.0123283084506753,-0.0017908719679044082,0.0017908719679044082,hist_gradient_boosting,Histogram Gradient Boosting
2014-10-18,20,26,0,0.0,1.0123283084506753,0.0,0.0,hist_gradient_boosting,Histogram Gradient Boosting
2014-08-21,26,62,0,0.0,1.0123283084506753,0.0,0.0,hist_gradient_boosting,Histogram Gradient Boosting
2014-09-09,19,60,0,0.0,1.0123283084506753,0.0,0.0,hist_gradient_boosting,Histogram Gradient Boosting
2014-09-24,7,49,0,0.0,1.0123283084506753,0.0,0.0,hist_gradient_boosting,Histogram Gradient Boosting
2014-08-19,29,4,0,6.07889383444324e-06,1.0123283084506753,-6.07889383444324e-06,6.07889383444324e-06,hist_gradient_boosting,Histogram Gradient Boosting
2014-08-25,15,19,0,0.00020974265906014482,1.0123283084506753,-0.00020974265906014482,0.00020974265906014482,hist_gradient_boosting,Histogram Gradient Boosting
2014-09-08,8,67,0,0.0,1.0123283084506753,0.0,0.0,hist_gradient_boosting,Histogram Gradient Boosting
2014-08-24,41,35,0,0.0002540608395465965,1.0123283084506753,-0.0002540608395465965,0.0002540608395465965,hist_gradient_boosting,Histogram Gradient Boosting
2014-07-17,36,87,0,2.4045594087986417e-05,1.0123283084506753,-2.4045594087986417e-05,2.4045594087986417e-05,hist_gradient_boosting,Histogram Gradient Boosting
2014-10-31,27,9,7,26.075697700915953,27.01805591583252,-19.075697700915953,19.075697700915953,hist_gradient_boosting,Histogram Gradient Boosting
2014-07-27,44,19,0,0.00023989252258351228,1.0123283084506753,-0.00023989252258351228,0.00023989252258351228,hist_gradient_boosting,Histogram Gradient Boosting
2014-09-29,35,90,0,0.00024002557256892074,1.0123283084506753,-0.00024002557256892074,0.00024002557256892074,hist_gradient_boosting,Histogram Gradient Boosting
2014-07-02,5,67,0,0.0,1.0123283084506753,0.0,0.0,hist_gradient_boosting,Histogram Gradient Boosting
2014-10-13,27,72,0,0.0001749711135625984,1.0123283084506753,-0.0001749711135625984,0.0001749711135625984,hist_gradient_boosting,Histogram Gradient Boosting
2014-10-17,37,86,0,0.0,1.0123283084506753,0.0,0.0,hist_gradient_boosting,Histogram Gradient Boosting
2014-10-31,45,100,0,8.840618798791088e-05,1.0123283084506753,-8.840618798791088e-05,8.840618798791088e-05,hist_gradient_boosting,Histogram Gradient Boosting
2014-07-25,11,104,0,0.0004562822227445036,1.0123283084506753,-0.0004562822227445036,0.0004562822227445036,hist_gradient_boosting,Histogram Gradient Boosting
2014-09-10,45,17,0,0.0,1.0123283084506753,0.0,0.0,hist_gradient_boosting,Histogram Gradient Boosting
2014-07-17,19,101,0,0.0,1.0123283084506753,0.0,0.0,hist_gradient_boosting,Histogram Gradient Boosting
2014-09-29,35,96,0,0.00026624521337300895,1.0123283084506753,-0.00026624521337300895,0.00026624521337300895,hist_gradient_boosting,Histogram Gradient Boosting
2014-09-06,7,16,0,0.001088086676319785,1.0123283084506753,-0.001088086676319785,0.001088086676319785,hist_gradient_boosting,Histogram Gradient Boosting
2014-09-15,22,102,0,0.00015133982841803015,1.0123283084506753,-0.00015133982841803015,0.00015133982841803015,hist_gradient_boosting,Histogram Gradient Boosting
2014-08-28,27,111,0,0.0,1.0123283084506753,0.0,0.0,hist_gradient_boosting,Histogram Gradient Boosting
2014-10-29,18,35,0,0.0,1.0123283084506753,0.0,0.0,hist_gradient_boosting,Histogram Gradient Boosting
2014-07-05,20,72,0,0.0002880249093705965,1.0123283084506753,-0.0002880249093705965,0.0002880249093705965,hist_gradient_boosting,Histogram Gradient Boosting
2014-10-27,3,98,0,0.00020209059197246688,1.0123283084506753,-0.00020209059197246688,0.00020209059197246688,hist_gradient_boosting,Histogram Gradient Boosting
2014-08-13,42,66,0,0.00018698917060630318,1.0123283084506753,-0.00018698917060630318,0.00018698917060630318,hist_gradient_boosting,Histogram Gradient Boosting
2014-09-27,42,44,0,0.0012835850511315092,1.0123283084506753,-0.0012835850511315092,0.0012835850511315092,hist_gradient_boosting,Histogram Gradient Boosting
2014-07-07,5,10,0,0.00023610235711684347,1.0123283084506753,-0.00023610235711684347,0.00023610235711684347,hist_gradient_boosting,Histogram Gradient Boosting
2014-09-26,6,98,0,0.00011272641301641633,1.0123283084506753,-0.00011272641301641633,0.00011272641301641633,hist_gradient_boosting,Histogram Gradient Boosting
2014-09-08,26,18,0,0.0001609669201216845,1.0123283084506753,-0.0001609669201216845,0.0001609669201216845,hist_gradient_boosting,Histogram Gradient Boosting
2014-08-15,37,5,41,28.03770104952914,23.08222236633301,12.96229895047086,12.96229895047086,hist_gradient_boosting,Histogram Gradient Boosting
2014-09-15,31,37,0,0.000115637414528062,1.0123283084506753,-0.000115637414528062,0.000115637414528062,hist_gradient_boosting,Histogram Gradient Boosting
2014-08-03,12,57,0,0.00044470781725846394,1.0123283084506753,-0.00044470781725846394,0.00044470781725846394,hist_gradient_boosting,Histogram Gradient Boosting
2014-07-26,15,41,0,0.00032623950104110724,1.0123283084506753,-0.00032623950104110724,0.00032623950104110724,hist_gradient_boosting,Histogram Gradient Boosting
2014-08-30,7,74,0,0.00043327559672513735,1.0123283084506753,-0.00043327559672513735,0.00043327559672513735,hist_gradient_boosting,Histogram Gradient Boosting
2014-08-14,43,95,0,0.0,1.0123283084506753,0.0,0.0,hist_gradient_boosting,Histogram Gradient Boosting
2014-07-31,41,45,0,0.0013445222471999596,1.0123283084506753,-0.0013445222471999596,0.0013445222471999596,hist_gradient_boosting,Histogram Gradient Boosting
2014-09-12,26,34,0,7.351217360612332e-05,1.0123283084506753,-7.351217360612332e-05,7.351217360612332e-05,hist_gradient_boosting,Histogram Gradient Boosting
2014-07-13,45,100,0,0.00023247508310827452,1.0123283084506753,-0.00023247508310827452,0.00023247508310827452,hist_gradient_boosting,Histogram Gradient Boosting
2014-08-22,42,34,0,0.00011272641301641633,1.0123283084506753,-0.00011272641301641633,0.00011272641301641633,hist_gradient_boosting,Histogram Gradient Boosting
2014-10-08,27,84,0,0.0,1.0123283084506753,0.0,0.0,hist_gradient_boosting,Histogram Gradient Boosting
2014-09-17,26,3,0,0.0,1.0123283084506753,0.0,0.0,hist_gradient_boosting,Histogram Gradient Boosting
2014-10-18,15,12,0,0.0003065345901280382,1.0123283084506753,-0.0003065345901280382,0.0003065345901280382,hist_gradient_boosting,Histogram Gradient Boosting
2014-10-01,39,14,0,0.00019401266520826667,1.0123283084506753,-0.00019401266520826667,0.00019401266520826667,hist_gradient_boosting,Histogram Gradient Boosting
2014-09-26,17,18,0,7.424021747629475e-05,1.0123283084506753,-7.424021747629475e-05,7.424021747629475e-05,hist_gradient_boosting,Histogram Gradient Boosting
2014-07-09,43,28,0,0.0,1.0123283084506753,0.0,0.0,hist_gradient_boosting,Histogram Gradient Boosting
2014-08-04,38,55,0,0.00016102646304623765,1.0123283084506753,-0.00016102646304623765,0.00016102646304623765,hist_gradient_boosting,Histogram Gradient Boosting
2014-07-19,25,90,0,0.00023989252258351228,1.0123283084506753,-0.00023989252258351228,0.00023989252258351228,hist_gradient_boosting,Histogram Gradient Boosting
2014-10-12,37,5,42,47.94785368305876,43.95666694641113,-5.94785368305876,5.94785368305876,hist_gradient_boosting,Histogram Gradient Boosting
2014-10-27,43,5,0,0.0,1.0123283084506753,0.0,0.0,hist_gradient_boosting,Histogram Gradient Boosting
2014-09-30,30,40,0,6.848857371205586e-05,1.0123283084506753,-6.848857371205586e-05,6.848857371205586e-05,hist_gradient_boosting,Histogram Gradient Boosting
2014-07-02,27,59,0,0.0,1.0123283084506753,0.0,0.0,hist_gradient_boosting,Histogram Gradient Boosting
2014-07-16,40,55,0,1.265703143207307,1.3366666734218597,-1.265703143207307,1.265703143207307,hist_gradient_boosting,Histogram Gradient Boosting
2014-09-25,31,93,0,0.0013053350223471759,1.0123283084506753,-0.0013053350223471759,0.0013053350223471759,hist_gradient_boosting,Histogram Gradient Boosting
2014-09-05,35,99,0,0.00011835152705610054,1.0123283084506753,-0.00011835152705610054,0.00011835152705610054,hist_gradient_boosting,Histogram Gradient Boosting
2014-08-18,14,54,0,0.00026624521337300895,1.0123283084506753,-0.00026624521337300895,0.00026624521337300895,hist_gradient_boosting,Histogram Gradient Boosting
2014-09-16,33,5,0,0.0,1.0123283084506753,0.0,0.0,hist_gradient_boosting,Histogram Gradient Boosting
2014-08-25,6,51,0,0.00018255825022174603,1.0123283084506753,-0.00018255825022174603,0.00018255825022174603,hist_gradient_boosting,Histogram Gradient Boosting
2014-08-09,45,53,0,0.0001480647435284544,1.0123283084506753,-0.0001480647435284544,0.0001480647435284544,hist_gradient_boosting,Histogram Gradient Boosting
2014-08-21,31,15,0,0.001648671095810893,1.0123283084506753,-0.001648671095810893,0.001648671095810893,hist_gradient_boosting,Histogram Gradient Boosting
2014-07-11,45,44,0,0.0004321639114562102,1.0123283084506753,-0.0004321639114562102,0.0004321639114562102,hist_gradient_boosting,Histogram Gradient Boosting
2014-07-05,28,15,0,0.0,1.0123283084506753,0.0,0.0,hist_gradient_boosting,Histogram Gradient Boosting
2014-09-23,23,9,0,0.0,1.0123283084506753,0.0,0.0,hist_gradient_boosting,Histogram Gradient Boosting
2014-10-04,28,90,0,0.00026353740154206213,1.0123283084506753,-0.00026353740154206213,0.00026353740154206213,hist_gradient_boosting,Histogram Gradient Boosting
2014-08-31,36,17,0,0.00023989252258351228,1.0123283084506753,-0.00023989252258351228,0.00023989252258351228,hist_gradient_boosting,Histogram Gradient Boosting
2014-09-22,12,15,0,0.0,1.0123283084506753,0.0,0.0,hist_gradient_boosting,Histogram Gradient Boosting
2014-07-07,4,45,0,0.0,1.0123283084506753,0.0,0.0,hist_gradient_boosting,Histogram Gradient Boosting
2014-10-05,13,8,0,9.602801603694568e-05,1.0123283084506753,-9.602801603694568e-05,9.602801603694568e-05,hist_gradient_boosting,Histogram Gradient Boosting
2014-10-27,31,1,0,0.0001274034090092032,1.0123283084506753,-0.0001274034090092032,0.0001274034090092032,hist_gradient_boosting,Histogram Gradient Boosting
2014-09-16,36,101,0,0.0,1.0123283084506753,0.0,0.0,hist_gradient_boosting,Histogram Gradient Boosting
2014-08-14,40,32,0,0.0,1.0123283084506753,0.0,0.0,hist_gradient_boosting,Histogram Gradient Boosting
2014-10-13,41,42,0,0.0001749711135625984,1.0123283084506753,-0.0001749711135625984,0.0001749711135625984,hist_gradient_boosting,Histogram Gradient Boosting
2014-08-06,39,94,0,0.0,1.0123283084506753,0.0,0.0,hist_gradient_boosting,Histogram Gradient Boosting
2014-10-18,36,96,0,0.0002661121598999148,1.0123283084506753,-0.0002661121598999148,0.0002661121598999148,hist_gradient_boosting,Histogram Gradient Boosting
2014-07-19,30,19,0,0.00023989252258351228,1.0123283084506753,-0.00023989252258351228,0.00023989252258351228,hist_gradient_boosting,Histogram Gradient Boosting
2014-09-16,16,32,0,0.0,1.0123283084506753,0.0,0.0,hist_gradient_boosting,Histogram Gradient Boosting
2014-08-29,28,81,0,0.00011272641301641633,1.0123283084506753,-0.00011272641301641633,0.00011272641301641633,hist_gradient_boosting,Histogram Gradient Boosting
2014-09-02,4,44,0,0.0004901914318816054,1.0123283084506753,-0.0004901914318816054,0.0004901914318816054,hist_gradient_boosting,Histogram Gradient Boosting
2014-08-04,24,46,0,0.00017519366287798433,1.0123283084506753,-0.00017519366287798433,0.00017519366287798433,hist_gradient_boosting,Histogram Gradient Boosting
2014-08-26,28,42,0,0.0,1.0123283084506753,0.0,0.0,hist_gradient_boosting,Histogram Gradient Boosting
2014-09-27,42,66,0,0.00019093436469720047,1.0123283084506753,-0.00019093436469720047,0.00019093436469720047,hist_gradient_boosting,Histogram Gradient Boosting
2014-07-27,5,53,0,0.00023989252258351228,1.0123283084506753,-0.00023989252258351228,0.00023989252258351228,hist_gradient_boosting,Histogram Gradient Boosting
2014-09-18,29,88,0,0.0,1.0123283084506753,0.0,0.0,hist_gradient_boosting,Histogram Gradient Boosting
2014-07-06,35,86,0,0.00019624321180461996,1.0123283084506753,-0.00019624321180461996,0.00019624321180461996,hist_gradient_boosting,Histogram Gradient Boosting
2014-09-28,19,25,0,0.0002871895032936937,1.0123283084506753,-0.0002871895032936937,0.0002871895032936937,hist_gradient_boosting,Histogram Gradient Boosting
2014-08-13,37,84,0,0.0,1.0123283084506753,0.0,0.0,hist_gradient_boosting,Histogram Gradient Boosting
2014-07-18,24,26,0,0.00046252188168373045,1.0123283084506753,-0.00046252188168373045,0.00046252188168373045,hist_gradient_boosting,Histogram Gradient Boosting
2014-09-17,17,105,0,0.0,1.0123283084506753,0.0,0.0,hist_gradient_boosting,Histogram Gradient Boosting
2014-07-05,9,92,0,5.7401788075003545e-05,1.0123283084506753,-5.7401788075003545e-05,5.7401788075003545e-05,hist_gradient_boosting,Histogram Gradient Boosting
2014-08-31,10,53,0,0.00013094925278919455,1.0123283084506753,-0.00013094925278919455,0.00013094925278919455,hist_gradient_boosting,Histogram Gradient Boosting
2014-09-26,23,12,0,3.7969937912340677e-06,1.0123283084506753,-3.7969937912340677e-06,3.7969937912340677e-06,hist_gradient_boosting,Histogram Gradient Boosting
2014-10-22,20,58,0,0.0002809399269966827,1.0123283084506753,-0.0002809399269966827,0.0002809399269966827,hist_gradient_boosting,Histogram Gradient Boosting
2014-09-11,8,59,0,1.0416313708843141,0.34638887941837315,-1.0416313708843141,1.0416313708843141,hist_gradient_boosting,Histogram Gradient Boosting
2014-10-15,42,59,0,0.0,1.0123283084506753,0.0,0.0,hist_gradient_boosting,Histogram Gradient Boosting
2014-07-04,3,89,0,9.213576293919532e-05,1.0123283084506753,-9.213576293919532e-05,9.213576293919532e-05,hist_gradient_boosting,Histogram Gradient Boosting
2014-10-13,24,54,0,0.00023332727806738994,1.0123283084506753,-0.00023332727806738994,0.00023332727806738994,hist_gradient_boosting,Histogram Gradient Boosting
2014-07-08,43,22,0,0.0,1.0123283084506753,0.0,0.0,hist_gradient_boosting,Histogram Gradient Boosting
2014-07-18,27,24,0,0.0001389427168832167,1.0123283084506753,-0.0001389427168832167,0.0001389427168832167,hist_gradient_boosting,Histogram Gradient Boosting
2014-10-28,27,75,0,0.0,1.0123283084506753,0.0,0.0,hist_gradient_boosting,Histogram Gradient Boosting
2014-07-19,45,7,0,0.00015543351471981393,1.0123283084506753,-0.00015543351471981393,0.00015543351471981393,hist_gradient_boosting,Histogram Gradient Boosting
2014-09-25,27,44,0,0.00010309955389094919,1.0123283084506753,-0.00010309955389094919,0.00010309955389094919,hist_gradient_boosting,Histogram Gradient Boosting
2014-08-08,39,28,0,0.00010357748677166107,1.0123283084506753,-0.00010357748677166107,0.00010357748677166107,hist_gradient_boosting,Histogram Gradient Boosting
2014-09-08,14,55,0,0.0001307368833653095,1.0123283084506753,-0.0001307368833653095,0.0001307368833653095,hist_gradient_boosting,Histogram Gradient Boosting
2014-08-24,12,16,27,30.754522641665844,31.881944370269775,-3.7545226416658437,3.7545226416658437,hist_gradient_boosting,Histogram Gradient Boosting
2014-07-21,9,50,0,0.00020209059197246688,1.0123283084506753,-0.00020209059197246688,0.00020209059197246688,hist_gradient_boosting,Histogram Gradient Boosting
2014-10-21,35,15,0,0.0011629280148499354,1.0123283084506753,-0.0011629280148499354,0.0011629280148499354,hist_gradient_boosting,Histogram Gradient Boosting
2014-07-26,25,31,0,0.00023337665420931659,1.0123283084506753,-0.00023337665420931659,0.00023337665420931659,hist_gradient_boosting,Histogram Gradient Boosting
2014-07-10,37,43,0,0.00140179809377961,1.0123283084506753,-0.00140179809377961,0.00140179809377961,hist_gradient_boosting,Histogram Gradient Boosting
2014-08-08,13,64,0,0.00011182495066476557,1.0123283084506753,-0.00011182495066476557,0.00011182495066476557,hist_gradient_boosting,Histogram Gradient Boosting
2014-10-12,39,56,0,0.00017780168819427137,1.0123283084506753,-0.00017780168819427137,0.00017780168819427137,hist_gradient_boosting,Histogram Gradient Boosting
2014-08-14,21,31,0,0.0,1.0123283084506753,0.0,0.0,hist_gradient_boosting,Histogram Gradient Boosting
2014-08-30,6,73,0,0.00017518349237925345,1.0123283084506753,-0.00017518349237925345,0.00017518349237925345,hist_gradient_boosting,Histogram Gradient Boosting
2014-08-21,34,43,0,0.0,1.0123283084506753,0.0,0.0,hist_gradient_boosting,Histogram Gradient Boosting
2014-08-08,11,80,0,8.560935762680007e-05,1.0123283084506753,-8.560935762680007e-05,8.560935762680007e-05,hist_gradient_boosting,Histogram Gradient Boosting
2014-07-13,40,70,0,0.00019668252303122312,1.0123283084506753,-0.00019668252303122312,0.00019668252303122312,hist_gradient_boosting,Histogram Gradient Boosting
2014-07-01,10,101,0,0.0002080173213537071,1.0123283084506753,-0.0002080173213537071,0.0002080173213537071,hist_gradient_boosting,Histogram Gradient Boosting
2014-10-29,25,30,0,0.0,1.0123283084506753,0.0,0.0,hist_gradient_boosting,Histogram Gradient Boosting
2014-07-06,5,81,0,0.00019231124080777427,1.0123283084506753,-0.00019231124080777427,0.00019231124080777427,hist_gradient_boosting,Histogram Gradient Boosting
2014-10-30,17,62,0,0.0,1.0123283084506753,0.0,0.0,hist_gradient_boosting,Histogram Gradient Boosting
2014-09-26,16,42,0,8.266082481403352e-05,1.0123283084506753,-8.266082481403352e-05,8.266082481403352e-05,hist_gradient_boosting,Histogram Gradient Boosting
2014-08-27,33,82,0,0.00019748811895795254,1.0123283084506753,-0.00019748811895795254,0.00019748811895795254,hist_gradient_boosting,Histogram Gradient Boosting
2014-08-16,4,97,0,0.000470212136066654,1.0123283084506753,-0.000470212136066654,0.000470212136066654,hist_gradient_boosting,Histogram Gradient Boosting
2014-10-19,38,32,0,0.00023989252258351228,1.0123283084506753,-0.00023989252258351228,0.00023989252258351228,hist_gradient_boosting,Histogram Gradient Boosting
2014-07-15,29,31,0,1.7792624899025665e-05,1.0123283084506753,-1.7792624899025665e-05,1.7792624899025665e-05,hist_gradient_boosting,Histogram Gradient Boosting
2014-08-17,6,104,0,0.0005440549992089234,1.0123283084506753,-0.0005440549992089234,0.0005440549992089234,hist_gradient_boosting,Histogram Gradient Boosting
2014-09-08,14,62,0,0.0001307368833653095,1.0123283084506753,-0.0001307368833653095,0.0001307368833653095,hist_gradient_boosting,Histogram Gradient Boosting
2014-10-27,6,88,0,0.00020209059197246688,1.0123283084506753,-0.00020209059197246688,0.00020209059197246688,hist_gradient_boosting,Histogram Gradient Boosting
2014-08-01,13,45,0,0.003027401620667427,1.0123283084506753,-0.003027401620667427,0.003027401620667427,hist_gradient_boosting,Histogram Gradient Boosting
2014-07-07,17,104,0,0.0005298927486658352,1.0123283084506753,-0.0005298927486658352,0.0005298927486658352,hist_gradient_boosting,Histogram Gradient Boosting
2014-09-22,34,62,0,9.315143945637037e-05,1.0123283084506753,-9.315143945637037e-05,9.315143945637037e-05,hist_gradient_boosting,Histogram Gradient Boosting
2014-09-21,15,80,0,0.0002802658449150257,1.0123283084506753,-0.0002802658449150257,0.0002802658449150257,hist_gradient_boosting,Histogram Gradient Boosting
2014-07-24,43,21,0,5.492836816416472e-05,1.0123283084506753,-5.492836816416472e-05,5.492836816416472e-05,hist_gradient_boosting,Histogram Gradient Boosting
2014-08-06,17,6,0,0.0,1.0123283084506753,0.0,0.0,hist_gradient_boosting,Histogram Gradient Boosting
2014-07-05,22,97,0,8.60071515255813e-05,1.0123283084506753,-8.60071515255813e-05,8.60071515255813e-05,hist_gradient_boosting,Histogram Gradient Boosting
2014-10-22,37,69,0,0.0,1.0123283084506753,0.0,0.0,hist_gradient_boosting,Histogram Gradient Boosting
2014-10-28,5,46,0,0.0,1.0123283084506753,0.0,0.0,hist_gradient_boosting,Histogram Gradient Boosting
2014-08-17,15,8,0,0.0005806144499546741,1.0123283084506753,-0.0005806144499546741,0.0005806144499546741,hist_gradient_boosting,Histogram Gradient Boosting
2014-09-17,43,32,0,0.0,1.0123283084506753,0.0,0.0,hist_gradient_boosting,Histogram Gradient Boosting
2014-09-06,1,62,0,0.00034815356771662753,1.0123283084506753,-0.00034815356771662753,0.00034815356771662753,hist_gradient_boosting,Histogram Gradient Boosting
2014-10-23,15,25,0,0.0002839494779871425,1.0123283084506753,-0.0002839494779871425,0.0002839494779871425,hist_gradient_boosting,Histogram Gradient Boosting
2014-09-07,24,65,0,0.0002897576586699272,1.0123283084506753,-0.0002897576586699272,0.0002897576586699272,hist_gradient_boosting,Histogram Gradient Boosting
2014-09-16,3,32,0,0.0,1.0123283084506753,0.0,0.0,hist_gradient_boosting,Histogram Gradient Boosting
2014-08-17,20,87,0,0.0002661121598999148,1.0123283084506753,-0.0002661121598999148,0.0002661121598999148,hist_gradient_boosting,Histogram Gradient Boosting
2014-10-21,32,90,0,0.0,1.0123283084506753,0.0,0.0,hist_gradient_boosting,Histogram Gradient Boosting
2014-09-09,8,107,0,0.0,1.0123283084506753,0.0,0.0,hist_gradient_boosting,Histogram Gradient Boosting
2014-08-30,44,99,0,0.0002014014334552683,1.0123283084506753,-0.0002014014334552683,0.0002014014334552683,hist_gradient_boosting,Histogram Gradient Boosting
2014-10-18,23,50,0,0.00014511602657969709,1.0123283084506753,-0.00014511602657969709,0.00014511602657969709,hist_gradient_boosting,Histogram Gradient Boosting
2014-07-24,8,24,0,0.0,1.0123283084506753,0.0,0.0,hist_gradient_boosting,Histogram Gradient Boosting
2014-09-26,7,5,19,32.50369192346346,43.47111129760742,-13.503691923463457,13.503691923463457,hist_gradient_boosting,Histogram Gradient Boosting
2014-08-03,15,98,0,0.00016572380995833274,1.0123283084506753,-0.00016572380995833274,0.00016572380995833274,hist_gradient_boosting,Histogram Gradient Boosting
2014-07-23,37,50,0,0.0,1.0123283084506753,0.0,0.0,hist_gradient_boosting,Histogram Gradient Boosting
2014-07-05,31,34,0,0.00021929925436856075,1.0123283084506753,-0.00021929925436856075,0.00021929925436856075,hist_gradient_boosting,Histogram Gradient Boosting
2014-10-30,40,2,0,0.0,1.0123283084506753,0.0,0.0,hist_gradient_boosting,Histogram Gradient Boosting
2014-10-12,32,73,0,0.00031083382006711117,1.0123283084506753,-0.00031083382006711117,0.00031083382006711117,hist_gradient_boosting,Histogram Gradient Boosting
2014-09-15,30,60,0,0.00012456712873210642,1.0123283084506753,-0.00012456712873210642,0.00012456712873210642,hist_gradient_boosting,Histogram Gradient Boosting
2014-07-07,24,35,0,0.00024370522404069025,1.0123283084506753,-0.00024370522404069025,0.00024370522404069025,hist_gradient_boosting,Histogram Gradient Boosting
2014-07-03,31,7,0,0.0,1.0123283084506753,0.0,0.0,hist_gradient_boosting,Histogram Gradient Boosting
2014-09-18,15,94,0,6.07889383444324e-06,1.0123283084506753,-6.07889383444324e-06,6.07889383444324e-06,hist_gradient_boosting,Histogram Gradient Boosting
2014-08-21,32,8,0,0.0,1.0123283084506753,0.0,0.0,hist_gradient_boosting,Histogram Gradient Boosting
2014-08-27,2,55,0,0.0,1.0123283084506753,0.0,0.0,hist_gradient_boosting,Histogram Gradient Boosting
2014-08-09,33,78,0,0.00024909652043138606,1.0123283084506753,-0.00024909652043138606,0.00024909652043138606,hist_gradient_boosting,Histogram Gradient Boosting
2014-08-25,43,84,0,0.0002342288499365678,1.0123283084506753,-0.0002342288499365678,0.0002342288499365678,hist_gradient_boosting,Histogram Gradient Boosting
2014-08-08,22,3,0,0.0006840450577167702,1.0123283084506753,-0.0006840450577167702,0.0006840450577167702,hist_gradient_boosting,Histogram Gradient Boosting
2014-09-28,3,45,48,57.85185149492976,56.23888893127442,-9.851851494929761,9.851851494929761,hist_gradient_boosting,Histogram Gradient Boosting
2014-08-16,20,42,0,0.00023989252258351228,1.0123283084506753,-0.00023989252258351228,0.00023989252258351228,hist_gradient_boosting,Histogram Gradient Boosting
2014-08-17,9,48,0,0.00019966883721077617,1.0123283084506753,-0.00019966883721077617,0.00019966883721077617,hist_gradient_boosting,Histogram Gradient Boosting
2014-08-10,22,104,0,0.021963591851200465,0.02000000029802323,-0.021963591851200465,0.021963591851200465,hist_gradient_boosting,Histogram Gradient Boosting
2014-07-27,43,72,0,0.0002643794515604371,1.0123283084506753,-0.0002643794515604371,0.0002643794515604371,hist_gradient_boosting,Histogram Gradient Boosting
2014-07-28,17,74,0,0.00040770782864455943,1.0123283084506753,-0.00040770782864455943,0.00040770782864455943,hist_gradient_boosting,Histogram Gradient Boosting
2014-08-04,14,62,0,0.0001855114612987303,1.0123283084506753,-0.0001855114612987303,0.0001855114612987303,hist_gradient_boosting,Histogram Gradient Boosting
2014-08-10,8,27,0,0.0001480647435284544,1.0123283084506753,-0.0001480647435284544,0.0001480647435284544,hist_gradient_boosting,Histogram Gradient Boosting
2014-07-27,4,63,0,0.00029753328234979323,1.0123283084506753,-0.00029753328234979323,0.00029753328234979323,hist_gradient_boosting,Histogram Gradient Boosting
2014-10-01,35,75,0,0.0,1.0123283084506753,0.0,0.0,hist_gradient_boosting,Histogram Gradient Boosting
2014-08-27,21,53,0,0.0,1.0123283084506753,0.0,0.0,hist_gradient_boosting,Histogram Gradient Boosting
2014-08-16,3,15,0,0.0,1.0123283084506753,0.0,0.0,hist_gradient_boosting,Histogram Gradient Boosting
2014-07-20,16,44,0,0.0009880105121046544,1.0123283084506753,-0.0009880105121046544,0.0009880105121046544,hist_gradient_boosting,Histogram Gradient Boosting
2014-07-21,11,40,0,0.00022830923837367206,1.0123283084506753,-0.00022830923837367206,0.00022830923837367206,hist_gradient_boosting,Histogram Gradient Boosting
2014-08-12,25,86,0,1.5994890527074887e-06,1.0123283084506753,-1.5994890527074887e-06,1.5994890527074887e-06,hist_gradient_boosting,Histogram Gradient Boosting
2014-10-23,20,62,0,4.346635936906237e-06,1.0123283084506753,-4.346635936906237e-06,4.346635936906237e-06,hist_gradient_boosting,Histogram Gradient Boosting
2014-10-08,42,30,0,0.0,1.0123283084506753,0.0,0.0,hist_gradient_boosting,Histogram Gradient Boosting
2014-10-17,1,46,0,0.0001372102288326719,1.0123283084506753,-0.0001372102288326719,0.0001372102288326719,hist_gradient_boosting,Histogram Gradient Boosting
2014-10-20,10,24,0,0.00016360095753273455,1.0123283084506753,-0.00016360095753273455,0.00016360095753273455,hist_gradient_boosting,Histogram Gradient Boosting
2014-07-24,40,88,0,0.0,1.0123283084506753,0.0,0.0,hist_gradient_boosting,Histogram Gradient Boosting
2014-10-25,5,88,0,0.00021311745246164253,1.0123283084506753,-0.00021311745246164253,0.00021311745246164253,hist_gradient_boosting,Histogram Gradient Boosting
2014-10-19,8,21,0,0.00010612977329448685,1.0123283084506753,-0.00010612977329448685,0.00010612977329448685,hist_gradient_boosting,Histogram Gradient Boosting
2014-09-28,37,14,0,0.00038866916191826267,1.0123283084506753,-0.00038866916191826267,0.00038866916191826267,hist_gradient_boosting,Histogram Gradient Boosting
2014-10-30,17,26,0,0.0,1.0123283084506753,0.0,0.0,hist_gradient_boosting,Histogram Gradient Boosting
2014-09-23,31,84,0,0.0,1.0123283084506753,0.0,0.0,hist_gradient_boosting,Histogram Gradient Boosting
2014-09-10,6,25,0,0.0,1.0123283084506753,0.0,0.0,hist_gradient_boosting,Histogram Gradient Boosting
2014-10-10,19,43,0,0.0005694827435930882,1.0123283084506753,-0.0005694827435930882,0.0005694827435930882,hist_gradient_boosting,Histogram Gradient Boosting
2014-10-18,42,104,0,4.792717902178516e-05,1.0123283084506753,-4.792717902178516e-05,4.792717902178516e-05,hist_gradient_boosting,Histogram Gradient Boosting
2014-10-20,23,29,0,0.00015535306666662914,1.0123283084506753,-0.00015535306666662914,0.00015535306666662914,hist_gradient_boosting,Histogram Gradient Boosting
2014-07-18,11,4,0,0.0001389427168832167,1.0123283084506753,-0.0001389427168832167,0.0001389427168832167,hist_gradient_boosting,Histogram Gradient Boosting
2014-07-02,39,53,0,0.0,1.0123283084506753,0.0,0.0,hist_gradient_boosting,Histogram Gradient Boosting
2014-10-10,6,10,0,0.00021658316002579986,1.0123283084506753,-0.00021658316002579986,0.00021658316002579986,hist_gradient_boosting,Histogram Gradient Boosting
2014-08-05,42,90,0,3.5048048212948944e-06,1.0123283084506753,-3.5048048212948944e-06,3.5048048212948944e-06,hist_gradient_boosting,Histogram Gradient Boosting
2014-09-29,35,5,0,0.0006807039312479694,1.0123283084506753,-0.0006807039312479694,0.0006807039312479694,hist_gradient_boosting,Histogram Gradient Boosting
2014-10-29,29,66,0,0.0,1.0123283084506753,0.0,0.0,hist_gradient_boosting,Histogram Gradient Boosting
2014-10-13,10,101,0,0.0001749711135625984,1.0123283084506753,-0.0001749711135625984,0.0001749711135625984,hist_gradient_boosting,Histogram Gradient Boosting
2014-08-01,36,71,0,9.807639073625604e-05,1.0123283084506753,-9.807639073625604e-05,9.807639073625604e-05,hist_gradient_boosting,Histogram Gradient Boosting
2014-10-04,7,63,0,0.0003564030485332209,1.0123283084506753,-0.0003564030485332209,0.0003564030485332209,hist_gradient_boosting,Histogram Gradient Boosting
2014-10-20,3,28,0,0.00020209059197246688,1.0123283084506753,-0.00020209059197246688,0.00020209059197246688,hist_gradient_boosting,Histogram Gradient Boosting
2014-09-11,34,58,0,0.0,1.0123283084506753,0.0,0.0,hist_gradient_boosting,Histogram Gradient Boosting
2014-08-09,22,74,0,0.00040422080706611625,1.0123283084506753,-0.00040422080706611625,0.00040422080706611625,hist_gradient_boosting,Histogram Gradient Boosting
2014-09-10,24,60,4,1.0099389786846447,0.8802777737379074,2.9900610213153556,2.9900610213153556,hist_gradient_boosting,Histogram Gradient Boosting
2014-09-20,6,96,0,0.00029059973076125316,1.0123283084506753,-0.00029059973076125316,0.00029059973076125316,hist_gradient_boosting,Histogram Gradient Boosting
2014-10-04,3,8,0,0.00013817605960222702,1.0123283084506753,-0.00013817605960222702,0.00013817605960222702,hist_gradient_boosting,Histogram Gradient Boosting
2014-09-10,25,51,0,0.0,1.0123283084506753,0.0,0.0,hist_gradient_boosting,Histogram Gradient Boosting
2014-07-15,7,27,0,0.0,1.0123283084506753,0.0,0.0,hist_gradient_boosting,Histogram Gradient Boosting
2014-08-28,43,37,5,8.234211657631093,9.419722318649292,-3.234211657631093,3.234211657631093,hist_gradient_boosting,Histogram Gradient Boosting
2014-08-31,8,60,0,0.00023989252258351228,1.0123283084506753,-0.00023989252258351228,0.00023989252258351228,hist_gradient_boosting,Histogram Gradient Boosting
2014-10-04,20,26,0,0.0,1.0123283084506753,0.0,0.0,hist_gradient_boosting,Histogram Gradient Boosting
2014-07-04,44,34,0,0.00013636828586884028,1.0123283084506753,-0.00013636828586884028,0.00013636828586884028,hist_gradient_boosting,Histogram Gradient Boosting
2014-09-02,6,46,0,0.0,1.0123283084506753,0.0,0.0,hist_gradient_boosting,Histogram Gradient Boosting
2014-08-19,45,68,0,0.0,1.0123283084506753,0.0,0.0,hist_gradient_boosting,Histogram Gradient Boosting
2014-09-21,33,51,0,0.0,1.0123283084506753,0.0,0.0,hist_gradient_boosting,Histogram Gradient Boosting
2014-08-20,18,34,0,0.0,1.0123283084506753,0.0,0.0,hist_gradient_boosting,Histogram Gradient Boosting
2014-07-03,40,27,0,3.5048048212948944e-06,1.0123283084506753,-3.5048048212948944e-06,3.5048048212948944e-06,hist_gradient_boosting,Histogram Gradient Boosting
2014-09-14,23,32,0,0.00015543351471981393,1.0123283084506753,-0.00015543351471981393,0.00015543351471981393,hist_gradient_boosting,Histogram Gradient Boosting
2014-08-15,23,88,0,0.0001372102288326719,1.0123283084506753,-0.0001372102288326719,0.0001372102288326719,hist_gradient_boosting,Histogram Gradient Boosting
2014-07-20,36,55,0,0.0002643794515604371,1.0123283084506753,-0.0002643794515604371,0.0002643794515604371,hist_gradient_boosting,Histogram Gradient Boosting
2014-10-07,14,100,0,2.320374638925122e-05,1.0123283084506753,-2.320374638925122e-05,2.320374638925122e-05,hist_gradient_boosting,Histogram Gradient Boosting
2014-08-24,24,45,0,0.0018679740798037822,1.0123283084506753,-0.0018679740798037822,0.0018679740798037822,hist_gradient_boosting,Histogram Gradient Boosting
2014-09-28,24,68,0,0.00022588742012967877,1.0123283084506753,-0.00022588742012967877,0.00022588742012967877,hist_gradient_boosting,Histogram Gradient Boosting
2014-10-23,8,13,0,3.343655039501607e-07,1.0123283084506753,-3.343655039501607e-07,3.343655039501607e-07,hist_gradient_boosting,Histogram Gradient Boosting
2014-07-06,33,110,0,9.252205988354052e-05,1.0123283084506753,-9.252205988354052e-05,9.252205988354052e-05,hist_gradient_boosting,Histogram Gradient Boosting
2014-09-19,24,59,0,0.0,1.0123283084506753,0.0,0.0,hist_gradient_boosting,Histogram Gradient Boosting
2014-07-03,37,98,0,0.0,1.0123283084506753,0.0,0.0,hist_gradient_boosting,Histogram Gradient Boosting
2014-07-07,41,34,0,0.00016102646304623765,1.0123283084506753,-0.00016102646304623765,0.00016102646304623765,hist_gradient_boosting,Histogram Gradient Boosting
2014-08-01,13,46,0,8.010836042556206e-05,1.0123283084506753,-8.010836042556206e-05,8.010836042556206e-05,hist_gradient_boosting,Histogram Gradient Boosting
2014-07-21,38,3,0,0.000521620398987377,1.0123283084506753,-0.000521620398987377,0.000521620398987377,hist_gradient_boosting,Histogram Gradient Boosting
2014-10-30,13,57,0,0.0,1.0123283084506753,0.0,0.0,hist_gradient_boosting,Histogram Gradient Boosting
2014-08-09,33,20,0,0.00020625632750919016,1.0123283084506753,-0.00020625632750919016,0.00020625632750919016,hist_gradient_boosting,Histogram Gradient Boosting
2014-10-31,7,88,0,0.00012439335248395892,1.0123283084506753,-0.00012439335248395892,0.00012439335248395892,hist_gradient_boosting,Histogram Gradient Boosting
2014-10-18,28,22,0,0.00023604196058462423,1.0123283084506753,-0.00023604196058462423,0.00023604196058462423,hist_gradient_boosting,Histogram Gradient Boosting
2014-10-23,44,60,0,0.0,1.0123283084506753,0.0,0.0,hist_gradient_boosting,Histogram Gradient Boosting
2014-10-26,39,95,0,0.0008770512659261153,1.0123283084506753,-0.0008770512659261153,0.0008770512659261153,hist_gradient_boosting,Histogram Gradient Boosting
2014-07-25,29,105,0,0.0009094360551042691,1.0123283084506753,-0.0009094360551042691,0.0009094360551042691,hist_gradient_boosting,Histogram Gradient Boosting
2014-08-24,26,102,0,0.00023989252258351228,1.0123283084506753,-0.00023989252258351228,0.00023989252258351228,hist_gradient_boosting,Histogram Gradient Boosting
2014-09-14,40,40,0,0.0003327559743562107,1.0123283084506753,-0.0003327559743562107,0.0003327559743562107,hist_gradient_boosting,Histogram Gradient Boosting
2014-10-13,45,102,0,6.603491482256625e-05,1.0123283084506753,-6.603491482256625e-05,6.603491482256625e-05,hist_gradient_boosting,Histogram Gradient Boosting
2014-10-07,5,11,0,0.0,1.0123283084506753,0.0,0.0,hist_gradient_boosting,Histogram Gradient Boosting
2014-07-31,44,41,0,0.0,1.0123283084506753,0.0,0.0,hist_gradient_boosting,Histogram Gradient Boosting
2014-08-30,2,69,0,0.00017518349237925345,1.0123283084506753,-0.00017518349237925345,0.00017518349237925345,hist_gradient_boosting,Histogram Gradient Boosting
2014-08-22,13,61,0,0.00011262677216702314,1.0123283084506753,-0.00011262677216702314,0.00011262677216702314,hist_gradient_boosting,Histogram Gradient Boosting
2014-08-14,37,47,0,0.0,1.0123283084506753,0.0,0.0,hist_gradient_boosting,Histogram Gradient Boosting
2014-09-26,1,27,0,3.7969937912340677e-06,1.0123283084506753,-3.7969937912340677e-06,3.7969937912340677e-06,hist_gradient_boosting,Histogram Gradient Boosting
2014-10-08,41,36,0,0.0018337791444830703,1.0123283084506753,-0.0018337791444830703,0.0018337791444830703,hist_gradient_boosting,Histogram Gradient Boosting
2014-10-31,18,53,0,7.614598069517354e-05,1.0123283084506753,-7.614598069517354e-05,7.614598069517354e-05,hist_gradient_boosting,Histogram Gradient Boosting
2014-10-28,41,98,0,0.0,1.0123283084506753,0.0,0.0,hist_gradient_boosting,Histogram Gradient Boosting
2014-09-02,40,87,0,2.9718245623968948e-05,1.0123283084506753,-2.9718245623968948e-05,2.9718245623968948e-05,hist_gradient_boosting,Histogram Gradient Boosting
2014-07-16,29,55,0,0.0,1.0123283084506753,0.0,0.0,hist_gradient_boosting,Histogram Gradient Boosting
2014-09-28,21,105,0,0.00022678691326412451,1.0123283084506753,-0.00022678691326412451,0.00022678691326412451,hist_gradient_boosting,Histogram Gradient Boosting
2014-10-14,5,27,0,0.0,1.0123283084506753,0.0,0.0,hist_gradient_boosting,Histogram Gradient Boosting
2014-08-29,3,10,0,0.00018779868150139777,1.0123283084506753,-0.00018779868150139777,0.00018779868150139777,hist_gradient_boosting,Histogram Gradient Boosting
2014-09-17,18,26,0,0.0,1.0123283084506753,0.0,0.0,hist_gradient_boosting,Histogram Gradient Boosting
2014-09-04,36,11,0,3.5048048212948944e-06,1.0123283084506753,-3.5048048212948944e-06,3.5048048212948944e-06,hist_gradient_boosting,Histogram Gradient Boosting
2014-09-18,4,20,0,0.0,1.0123283084506753,0.0,0.0,hist_gradient_boosting,Histogram Gradient Boosting
2014-09-22,24,82,0,2.7582431515878054e-05,1.0123283084506753,-2.7582431515878054e-05,2.7582431515878054e-05,hist_gradient_boosting,Histogram Gradient Boosting
2014-08-22,35,82,0,6.132170855147254e-05,1.0123283084506753,-6.132170855147254e-05,6.132170855147254e-05,hist_gradient_boosting,Histogram Gradient Boosting
2014-08-27,20,33,0,0.0,1.0123283084506753,0.0,0.0,hist_gradient_boosting,Histogram Gradient Boosting
2014-07-03,42,69,0,0.0,1.0123283084506753,0.0,0.0,hist_gradient_boosting,Histogram Gradient Boosting
2014-08-22,37,26,0,0.0006195324720869614,1.0123283084506753,-0.0006195324720869614,0.0006195324720869614,hist_gradient_boosting,Histogram Gradient Boosting
2014-10-17,7,36,0,0.0022514141114186852,1.0123283084506753,-0.0022514141114186852,0.0022514141114186852,hist_gradient_boosting,Histogram Gradient Boosting
2014-08-07,3,5,48,45.96787909852588,48.783611106872556,2.032120901474123,2.032120901474123,hist_gradient_boosting,Histogram Gradient Boosting
2014-10-09,42,59,0,0.0,1.0123283084506753,0.0,0.0,hist_gradient_boosting,Histogram Gradient Boosting
2014-10-02,36,90,0,3.5048048212948944e-06,1.0123283084506753,-3.5048048212948944e-06,3.5048048212948944e-06,hist_gradient_boosting,Histogram Gradient Boosting
2014-08-22,12,75,0,4.80256096342295e-05,1.0123283084506753,-4.80256096342295e-05,4.80256096342295e-05,hist_gradient_boosting,Histogram Gradient Boosting
2014-07-14,31,32,0,0.00014503557935640512,1.0123283084506753,-0.00014503557935640512,0.00014503557935640512,hist_gradient_boosting,Histogram Gradient Boosting
2014-08-20,18,67,0,0.0,1.0123283084506753,0.0,0.0,hist_gradient_boosting,Histogram Gradient Boosting
2014-08-27,30,76,0,0.0,1.0123283084506753,0.0,0.0,hist_gradient_boosting,Histogram Gradient Boosting
2014-08-28,44,15,0,0.0013342736250881635,1.0123283084506753,-0.0013342736250881635,0.0013342736250881635,hist_gradient_boosting,Histogram Gradient Boosting
2014-09-09,4,64,0,0.0,1.0123283084506753,0.0,0.0,hist_gradient_boosting,Histogram Gradient Boosting
2014-09-24,24,86,0,5.211482011066976e-05,1.0123283084506753,-5.211482011066976e-05,5.211482011066976e-05,hist_gradient_boosting,Histogram Gradient Boosting
2014-07-10,16,53,0,0.0,1.0123283084506753,0.0,0.0,hist_gradient_boosting,Histogram Gradient Boosting
2014-07-01,15,89,0,0.0,1.0123283084506753,0.0,0.0,hist_gradient_boosting,Histogram Gradient Boosting
2014-07-24,33,79,0,3.056009880679307e-05,1.0123283084506753,-3.056009880679307e-05,3.056009880679307e-05,hist_gradient_boosting,Histogram Gradient Boosting
2014-10-06,5,96,0,0.00018724403301910276,1.0123283084506753,-0.00018724403301910276,0.00018724403301910276,hist_gradient_boosting,Histogram Gradient Boosting
2014-08-29,8,26,0,0.0008446837097783154,1.0123283084506753,-0.0008446837097783154,0.0008446837097783154,hist_gradient_boosting,Histogram Gradient Boosting
2014-07-20,40,89,0,0.0003065345901280382,1.0123283084506753,-0.0003065345901280382,0.0003065345901280382,hist_gradient_boosting,Histogram Gradient Boosting
2014-07-12,15,11,0,0.00031083382006711117,1.0123283084506753,-0.00031083382006711117,0.00031083382006711117,hist_gradient_boosting,Histogram Gradient Boosting
2014-07-04,20,82,0,2.656682158940161e-05,1.0123283084506753,-2.656682158940161e-05,2.656682158940161e-05,hist_gradient_boosting,Histogram Gradient Boosting
2014-07-13,13,65,0,0.00023899094560932222,1.0123283084506753,-0.00023899094560932222,0.00023899094560932222,hist_gradient_boosting,Histogram Gradient Boosting
2014-09-25,6,19,0,0.0,1.0123283084506753,0.0,0.0,hist_gradient_boosting,Histogram Gradient Boosting
2014-08-21,33,111,0,0.0,1.0123283084506753,0.0,0.0,hist_gradient_boosting,Histogram Gradient Boosting
2014-07-07,17,36,0,0.0,1.0123283084506753,0.0,0.0,hist_gradient_boosting,Histogram Gradient Boosting
2014-10-31,10,99,0,0.0002013606886990874,1.0123283084506753,-0.0002013606886990874,0.0002013606886990874,hist_gradient_boosting,Histogram Gradient Boosting
2014-07-24,34,39,0,0.0,1.0123283084506753,0.0,0.0,hist_gradient_boosting,Histogram Gradient Boosting
2014-09-25,17,36,0,0.002039312040858495,1.0123283084506753,-0.002039312040858495,0.002039312040858495,hist_gradient_boosting,Histogram Gradient Boosting
2014-07-02,44,94,0,0.05143385705829777,0.07777777910232546,-0.05143385705829777,0.05143385705829777,hist_gradient_boosting,Histogram Gradient Boosting
2014-07-14,29,94,0,0.00024247739126047492,1.0123283084506753,-0.00024247739126047492,0.00024247739126047492,hist_gradient_boosting,Histogram Gradient Boosting
2014-08-25,20,58,0,0.0004852560441932624,1.0123283084506753,-0.0004852560441932624,0.0004852560441932624,hist_gradient_boosting,Histogram Gradient Boosting
2014-10-09,27,4,0,0.0,1.0123283084506753,0.0,0.0,hist_gradient_boosting,Histogram Gradient Boosting
2014-08-21,20,64,0,6.07889383444324e-06,1.0123283084506753,-6.07889383444324e-06,6.07889383444324e-06,hist_gradient_boosting,Histogram Gradient Boosting
2014-07-31,17,70,0,4.400644023331287e-05,1.0123283084506753,-4.400644023331287e-05,4.400644023331287e-05,hist_gradient_boosting,Histogram Gradient Boosting
2014-10-19,24,69,0,0.00023989252258351228,1.0123283084506753,-0.00023989252258351228,0.00023989252258351228,hist_gradient_boosting,Histogram Gradient Boosting
2014-07-19,29,68,0,0.00022588742012967877,1.0123283084506753,-0.00022588742012967877,0.00022588742012967877,hist_gradient_boosting,Histogram Gradient Boosting
2014-10-05,3,23,0,0.00033018104445229024,1.0123283084506753,-0.00033018104445229024,0.00033018104445229024,hist_gradient_boosting,Histogram Gradient Boosting
2014-08-25,26,42,0,0.00013738400730781126,1.0123283084506753,-0.00013738400730781126,0.00013738400730781126,hist_gradient_boosting,Histogram Gradient Boosting
2014-10-10,10,25,0,0.000552441500367135,1.0123283084506753,-0.000552441500367135,0.000552441500367135,hist_gradient_boosting,Histogram Gradient Boosting
2014-10-19,38,23,0,0.00023989252258351228,1.0123283084506753,-0.00023989252258351228,0.00023989252258351228,hist_gradient_boosting,Histogram Gradient Boosting
2014-09-25,44,103,0,1.7692993507849394e-05,1.0123283084506753,-1.7692993507849394e-05,1.7692993507849394e-05,hist_gradient_boosting,Histogram Gradient Boosting
2014-07-24,29,95,0,0.0006815967832376406,1.0123283084506753,-0.0006815967832376406,0.0006815967832376406,hist_gradient_boosting,Histogram Gradient Boosting
2014-07-27,7,62,0,0.0003310231505731609,1.0123283084506753,-0.0003310231505731609,0.0003310231505731609,hist_gradient_boosting,Histogram Gradient Boosting
2014-07-10,14,102,0,0.0,1.0123283084506753,0.0,0.0,hist_gradient_boosting,Histogram Gradient Boosting
2014-09-20,3,91,0,0.00035724517672851313,1.0123283084506753,-0.00035724517672851313,0.00035724517672851313,hist_gradient_boosting,Histogram Gradient Boosting
2014-07-20,32,46,0,0.0003065345901280382,1.0123283084506753,-0.0003065345901280382,0.0003065345901280382,hist_gradient_boosting,Histogram Gradient Boosting
2014-09-16,30,81,0,0.0,1.0123283084506753,0.0,0.0,hist_gradient_boosting,Histogram Gradient Boosting
2014-08-26,2,10,0,5.492836816416472e-05,1.0123283084506753,-5.492836816416472e-05,5.492836816416472e-05,hist_gradient_boosting,Histogram Gradient Boosting
2014-10-22,21,52,0,0.0,1.0123283084506753,0.0,0.0,hist_gradient_boosting,Histogram Gradient Boosting
2014-10-12,37,2,0,0.0007699498978064825,1.0123283084506753,-0.0007699498978064825,0.0007699498978064825,hist_gradient_boosting,Histogram Gradient Boosting
2014-09-13,45,90,0,0.0002006732970130258,1.0123283084506753,-0.0002006732970130258,0.0002006732970130258,hist_gradient_boosting,Histogram Gradient Boosting
2014-10-19,40,14,0,0.00026804093648923966,1.0123283084506753,-0.00026804093648923966,0.00026804093648923966,hist_gradient_boosting,Histogram Gradient Boosting
2014-09-11,35,29,0,0.0,1.0123283084506753,0.0,0.0,hist_gradient_boosting,Histogram Gradient Boosting
2014-08-17,32,41,0,0.0003327559743562107,1.0123283084506753,-0.0003327559743562107,0.0003327559743562107,hist_gradient_boosting,Histogram Gradient Boosting
2014-08-13,32,102,0,0.0,1.0123283084506753,0.0,0.0,hist_gradient_boosting,Histogram Gradient Boosting
2014-08-22,27,65,0,0.0001389427168832167,1.0123283084506753,-0.0001389427168832167,0.0001389427168832167,hist_gradient_boosting,Histogram Gradient Boosting
2014-09-28,2,38,0,0.0002014014334552683,1.0123283084506753,-0.0002014014334552683,0.0002014014334552683,hist_gradient_boosting,Histogram Gradient Boosting
2014-08-28,26,48,0,0.0,1.0123283084506753,0.0,0.0,hist_gradient_boosting,Histogram Gradient Boosting
2014-07-02,43,48,0,1.766977337152705e-05,1.0123283084506753,-1.766977337152705e-05,1.766977337152705e-05,hist_gradient_boosting,Histogram Gradient Boosting
2014-10-09,32,7,0,0.0,1.0123283084506753,0.0,0.0,hist_gradient_boosting,Histogram Gradient Boosting
2014-07-25,17,64,0,0.0001634271745022794,1.0123283084506753,-0.0001634271745022794,0.0001634271745022794,hist_gradient_boosting,Histogram Gradient Boosting
2014-10-29,40,80,0,0.0,1.0123283084506753,0.0,0.0,hist_gradient_boosting,Histogram Gradient Boosting
2014-09-29,15,100,0,0.00025972917332933097,1.0123283084506753,-0.00025972917332933097,0.00025972917332933097,hist_gradient_boosting,Histogram Gradient Boosting
2014-07-15,37,23,0,0.0,1.0123283084506753,0.0,0.0,hist_gradient_boosting,Histogram Gradient Boosting
2014-10-30,19,42,0,0.0,1.0123283084506753,0.0,0.0,hist_gradient_boosting,Histogram Gradient Boosting
2014-08-04,33,20,0,0.0002257345773233129,1.0123283084506753,-0.0002257345773233129,0.0002257345773233129,hist_gradient_boosting,Histogram Gradient Boosting
2014-09-23,28,52,0,0.0,1.0123283084506753,0.0,0.0,hist_gradient_boosting,Histogram Gradient Boosting
2014-07-21,14,98,0,0.00013180136124861836,1.0123283084506753,-0.00013180136124861836,0.00013180136124861836,hist_gradient_boosting,Histogram Gradient Boosting
2014-10-18,2,94,0,0.00023604196058462423,1.0123283084506753,-0.00023604196058462423,0.00023604196058462423,hist_gradient_boosting,Histogram Gradient Boosting
2014-10-29,5,49,0,0.0,1.0123283084506753,0.0,0.0,hist_gradient_boosting,Histogram Gradient Boosting
2014-08-18,6,15,0,0.001864739976319401,1.0123283084506753,-0.001864739976319401,0.001864739976319401,hist_gradient_boosting,Histogram Gradient Boosting
2014-09-28,33,81,0,0.00019966883721077617,1.0123283084506753,-0.00019966883721077617,0.00019966883721077617,hist_gradient_boosting,Histogram Gradient Boosting
2014-07-20,19,104,0,0.0005262270120606278,1.0123283084506753,-0.0005262270120606278,0.0005262270120606278,hist_gradient_boosting,Histogram Gradient Boosting
2014-10-19,1,22,0,0.00037069591073989185,1.0123283084506753,-0.00037069591073989185,0.00037069591073989185,hist_gradient_boosting,Histogram Gradient Boosting
2014-10-21,26,58,0,0.00022274399795519186,1.0123283084506753,-0.00022274399795519186,0.00022274399795519186,hist_gradient_boosting,Histogram Gradient Boosting
2014-08-05,30,66,0,0.000251921530998875,1.0123283084506753,-0.000251921530998875,0.000251921530998875,hist_gradient_boosting,Histogram Gradient Boosting
2014-07-01,44,67,0,0.0,1.0123283084506753,0.0,0.0,hist_gradient_boosting,Histogram Gradient Boosting
2014-07-12,19,33,0,0.0001949499349610513,1.0123283084506753,-0.0001949499349610513,0.0001949499349610513,hist_gradient_boosting,Histogram Gradient Boosting
2014-07-21,2,9,0,0.0018785422139917457,1.0123283084506753,-0.0018785422139917457,0.0018785422139917457,hist_gradient_boosting,Histogram Gradient Boosting
2014-08-02,41,111,0,0.00019231124080777427,1.0123283084506753,-0.00019231124080777427,0.00019231124080777427,hist_gradient_boosting,Histogram Gradient Boosting
2014-08-09,27,79,0,0.0003056329530853046,1.0123283084506753,-0.0003056329530853046,0.0003056329530853046,hist_gradient_boosting,Histogram Gradient Boosting
2014-10-15,38,18,0,0.0,1.0123283084506753,0.0,0.0,hist_gradient_boosting,Histogram Gradient Boosting
2014-10-13,45,75,0,6.603491482256625e-05,1.0123283084506753,-6.603491482256625e-05,6.603491482256625e-05,hist_gradient_boosting,Histogram Gradient Boosting
2014-07-04,29,30,0,0.00011835152705610054,1.0123283084506753,-0.00011835152705610054,0.00011835152705610054,hist_gradient_boosting,Histogram Gradient Boosting
2014-07-26,25,106,0,0.00023337665420931659,1.0123283084506753,-0.00023337665420931659,0.00023337665420931659,hist_gradient_boosting,Histogram Gradient Boosting
2014-10-24,39,85,0,7.424021747629475e-05,1.0123283084506753,-7.424021747629475e-05,7.424021747629475e-05,hist_gradient_boosting,Histogram Gradient Boosting
2014-08-15,38,6,0,7.702537750998232e-05,1.0123283084506753,-7.702537750998232e-05,7.702537750998232e-05,hist_gradient_boosting,Histogram Gradient Boosting
2014-08-30,37,25,0,0.0006041990478679591,1.0123283084506753,-0.0006041990478679591,0.0006041990478679591,hist_gradient_boosting,Histogram Gradient Boosting
2014-07-23,3,31,0,4.346635936906237e-06,1.0123283084506753,-4.346635936906237e-06,4.346635936906237e-06,hist_gradient_boosting,Histogram Gradient Boosting
2014-10-17,7,64,0,0.0001389427168832167,1.0123283084506753,-0.0001389427168832167,0.0001389427168832167,hist_gradient_boosting,Histogram Gradient Boosting
2014-09-03,5,42,0,0.0,1.0123283084506753,0.0,0.0,hist_gradient_boosting,Histogram Gradient Boosting
2014-09-01,12,58,0,1.8237886669422273e-05,1.0123283084506753,-1.8237886669422273e-05,1.8237886669422273e-05,hist_gradient_boosting,Histogram Gradient Boosting
2014-10-05,27,84,0,0.0003681208831757917,1.0123283084506753,-0.0003681208831757917,0.0003681208831757917,hist_gradient_boosting,Histogram Gradient Boosting
2014-10-30,43,110,0,0.0,1.0123283084506753,0.0,0.0,hist_gradient_boosting,Histogram Gradient Boosting
2014-08-28,25,105,0,0.0003823268682484895,1.0123283084506753,-0.0003823268682484895,0.0003823268682484895,hist_gradient_boosting,Histogram Gradient Boosting
2014-10-27,16,9,0,0.0007589550413409084,1.0123283084506753,-0.0007589550413409084,0.0007589550413409084,hist_gradient_boosting,Histogram Gradient Boosting
2014-07-20,11,75,0,0.0003000182876270459,1.0123283084506753,-0.0003000182876270459,0.0003000182876270459,hist_gradient_boosting,Histogram Gradient Boosting
2014-08-09,44,93,0,0.0017322180086062951,1.0123283084506753,-0.0017322180086062951,0.0017322180086062951,hist_gradient_boosting,Histogram Gradient Boosting
2014-09-10,42,61,0,0.0,1.0123283084506753,0.0,0.0,hist_gradient_boosting,Histogram Gradient Boosting
2014-09-17,29,69,0,4.346635936906237e-06,1.0123283084506753,-4.346635936906237e-06,4.346635936906237e-06,hist_gradient_boosting,Histogram Gradient Boosting
2014-10-04,24,65,0,0.0003148266160266327,1.0123283084506753,-0.0003148266160266327,0.0003148266160266327,hist_gradient_boosting,Histogram Gradient Boosting
2014-08-10,40,93,0,0.0012323649141753126,1.0123283084506753,-0.0012323649141753126,0.0012323649141753126,hist_gradient_boosting,Histogram Gradient Boosting
2014-09-18,1,76,0,6.062474566477626e-05,1.0123283084506753,-6.062474566477626e-05,6.062474566477626e-05,hist_gradient_boosting,Histogram Gradient Boosting
2014-07-20,27,37,0,0.0002643105663604082,1.0123283084506753,-0.0002643105663604082,0.0002643105663604082,hist_gradient_boosting,Histogram Gradient Boosting
2014-09-16,15,42,0,0.0,1.0123283084506753,0.0,0.0,hist_gradient_boosting,Histogram Gradient Boosting
2014-09-28,24,89,0,0.00019966883721077617,1.0123283084506753,-0.00019966883721077617,0.00019966883721077617,hist_gradient_boosting,Histogram Gradient Boosting
2014-10-28,5,82,0,0.0,1.0123283084506753,0.0,0.0,hist_gradient_boosting,Histogram Gradient Boosting
2014-07-24,42,83,0,6.07889383444324e-06,1.0123283084506753,-6.07889383444324e-06,6.07889383444324e-06,hist_gradient_boosting,Histogram Gradient Boosting
2014-10-06,13,39,0,0.0002257345773233129,1.0123283084506753,-0.0002257345773233129,0.0002257345773233129,hist_gradient_boosting,Histogram Gradient Boosting
2014-07-02,28,41,0,3.736899397339321e-05,1.0123283084506753,-3.736899397339321e-05,3.736899397339321e-05,hist_gradient_boosting,Histogram Gradient Boosting
2014-10-15,42,16,0,0.0008616938268673013,1.0123283084506753,-0.0008616938268673013,0.0008616938268673013,hist_gradient_boosting,Histogram Gradient Boosting
2014-08-29,23,69,0,0.00010621137304112551,1.0123283084506753,-0.00010621137304112551,0.00010621137304112551,hist_gradient_boosting,Histogram Gradient Boosting
2014-08-12,29,69,0,0.0,1.0123283084506753,0.0,0.0,hist_gradient_boosting,Histogram Gradient Boosting
2014-09-08,13,63,0,0.00013648252273077297,1.0123283084506753,-0.00013648252273077297,0.00013648252273077297,hist_gradient_boosting,Histogram Gradient Boosting
2014-07-08,25,104,0,0.0002568277800555265,1.0123283084506753,-0.0002568277800555265,0.0002568277800555265,hist_gradient_boosting,Histogram Gradient Boosting
2014-09-21,43,70,0,0.00023933638791378932,1.0123283084506753,-0.00023933638791378932,0.00023933638791378932,hist_gradient_boosting,Histogram Gradient Boosting
2014-10-04,24,30,0,0.0003148266160266327,1.0123283084506753,-0.0003148266160266327,0.0003148266160266327,hist_gradient_boosting,Histogram Gradient Boosting
2014-09-11,33,46,0,0.0,1.0123283084506753,0.0,0.0,hist_gradient_boosting,Histogram Gradient Boosting
2014-07-05,11,80,0,0.0003236645879110672,1.0123283084506753,-0.0003236645879110672,0.0003236645879110672,hist_gradient_boosting,Histogram Gradient Boosting
2014-09-15,34,63,0,0.0001775571444717618,1.0123283084506753,-0.0001775571444717618,0.0001775571444717618,hist_gradient_boosting,Histogram Gradient Boosting
2014-09-25,24,110,0,0.0,1.0123283084506753,0.0,0.0,hist_gradient_boosting,Histogram Gradient Boosting
2014-10-10,42,35,0,0.0001415087310304594,1.0123283084506753,-0.0001415087310304594,0.0001415087310304594,hist_gradient_boosting,Histogram Gradient Boosting
2014-09-18,28,98,0,0.0,1.0123283084506753,0.0,0.0,hist_gradient_boosting,Histogram Gradient Boosting
2014-10-24,43,84,0,6.219120881805142e-05,1.0123283084506753,-6.219120881805142e-05,6.219120881805142e-05,hist_gradient_boosting,Histogram Gradient Boosting
2014-08-26,21,55,0,0.0,1.0123283084506753,0.0,0.0,hist_gradient_boosting,Histogram Gradient Boosting
2014-10-17,33,111,0,0.00015065800426942985,1.0123283084506753,-0.00015065800426942985,0.00015065800426942985,hist_gradient_boosting,Histogram Gradient Boosting
2014-08-14,8,70,0,0.0,1.0123283084506753,0.0,0.0,hist_gradient_boosting,Histogram Gradient Boosting
2014-10-31,1,91,0,0.0001531096039004898,1.0123283084506753,-0.0001531096039004898,0.0001531096039004898,hist_gradient_boosting,Histogram Gradient Boosting
2014-09-27,24,84,0,0.00019565542114005716,1.0123283084506753,-0.00019565542114005716,0.00019565542114005716,hist_gradient_boosting,Histogram Gradient Boosting
2014-09-13,38,32,0,0.00018270342341879258,1.0123283084506753,-0.00018270342341879258,0.00018270342341879258,hist_gradient_boosting,Histogram Gradient Boosting
2014-08-27,10,39,0,0.0,1.0123283084506753,0.0,0.0,hist_gradient_boosting,Histogram Gradient Boosting
2014-08-24,41,89,0,0.0002540608395465965,1.0123283084506753,-0.0002540608395465965,0.0002540608395465965,hist_gradient_boosting,Histogram Gradient Boosting
2014-10-31,36,92,0,0.0,1.0123283084506753,0.0,0.0,hist_gradient_boosting,Histogram Gradient Boosting
2014-10-01,28,2,0,0.0,0.1822222232818604,0.0,0.0,hist_gradient_boosting,Histogram Gradient Boosting
2014-10-23,25,46,0,0.0,1.0123283084506753,0.0,0.0,hist_gradient_boosting,Histogram Gradient Boosting
2014-07-02,20,2,0,0.002226696278334774,1.0123283084506753,-0.002226696278334774,0.002226696278334774,hist_gradient_boosting,Histogram Gradient Boosting
2014-10-06,18,88,0,0.00016102646304623765,1.0123283084506753,-0.00016102646304623765,0.00016102646304623765,hist_gradient_boosting,Histogram Gradient Boosting
2014-09-27,24,78,0,0.00023849516001102998,1.0123283084506753,-0.00023849516001102998,0.00023849516001102998,hist_gradient_boosting,Histogram Gradient Boosting
2014-10-21,20,64,0,3.056009880679307e-05,1.0123283084506753,-3.056009880679307e-05,3.056009880679307e-05,hist_gradient_boosting,Histogram Gradient Boosting
2014-08-22,17,22,0,0.0001389427168832167,1.0123283084506753,-0.0001389427168832167,0.0001389427168832167,hist_gradient_boosting,Histogram Gradient Boosting
2014-07-26,7,32,0,0.0003310231505731609,1.0123283084506753,-0.0003310231505731609,0.0003310231505731609,hist_gradient_boosting,Histogram Gradient Boosting
2014-08-20,22,40,0,6.07889383444324e-06,1.0123283084506753,-6.07889383444324e-06,6.07889383444324e-06,hist_gradient_boosting,Histogram Gradient Boosting
2014-10-22,30,107,0,0.0,1.0123283084506753,0.0,0.0,hist_gradient_boosting,Histogram Gradient Boosting
2014-10-01,40,68,0,0.0002522069225755112,1.0123283084506753,-0.0002522069225755112,0.0002522069225755112,hist_gradient_boosting,Histogram Gradient Boosting
2014-07-18,14,111,0,3.7969937912340677e-06,1.0123283084506753,-3.7969937912340677e-06,3.7969937912340677e-06,hist_gradient_boosting,Histogram Gradient Boosting
2014-10-31,45,30,0,8.840618798791088e-05,1.0123283084506753,-8.840618798791088e-05,8.840618798791088e-05,hist_gradient_boosting,Histogram Gradient Boosting
2014-09-15,12,62,0,8.663652699844025e-05,1.0123283084506753,-8.663652699844025e-05,8.663652699844025e-05,hist_gradient_boosting,Histogram Gradient Boosting
2014-09-18,15,72,0,0.0,1.0123283084506753,0.0,0.0,hist_gradient_boosting,Histogram Gradient Boosting
2014-07-21,33,7,0,0.00020209059197246688,1.0123283084506753,-0.00020209059197246688,0.00020209059197246688,hist_gradient_boosting,Histogram Gradient Boosting
2014-10-21,38,55,0,4.346635936906237e-06,1.0123283084506753,-4.346635936906237e-06,4.346635936906237e-06,hist_gradient_boosting,Histogram Gradient Boosting
2014-08-10,29,94,0,0.00021221589962144968,1.0123283084506753,-0.00021221589962144968,0.00021221589962144968,hist_gradient_boosting,Histogram Gradient Boosting
2014-09-11,39,8,0,0.0,1.0123283084506753,0.0,0.0,hist_gradient_boosting,Histogram Gradient Boosting
2014-10-09,20,77,0,0.0,1.0123283084506753,0.0,0.0,hist_gradient_boosting,Histogram Gradient Boosting
2014-07-16,12,94,0,2.4045594087986417e-05,1.0123283084506753,-2.4045594087986417e-05,2.4045594087986417e-05,hist_gradient_boosting,Histogram Gradient Boosting
2014-07-26,38,47,0,0.0002661121598999148,1.0123283084506753,-0.0002661121598999148,0.0002661121598999148,hist_gradient_boosting,Histogram Gradient Boosting
2014-07-14,35,63,3,1.6676980595058049,1.9399999558925634,1.3323019404941951,1.3323019404941951,hist_gradient_boosting,Histogram Gradient Boosting
2014-09-16,32,55,0,0.0,1.0123283084506753,0.0,0.0,hist_gradient_boosting,Histogram Gradient Boosting
2014-09-25,17,46,0,0.0,1.0123283084506753,0.0,0.0,hist_gradient_boosting,Histogram Gradient Boosting
2014-10-10,39,52,0,0.00011009250958889993,1.0123283084506753,-0.00011009250958889993,0.00011009250958889993,hist_gradient_boosting,Histogram Gradient Boosting
2014-10-25,13,94,0,0.0002014014334552683,1.0123283084506753,-0.0002014014334552683,0.0002014014334552683,hist_gradient_boosting,Histogram Gradient Boosting
2014-10-04,10,17,0,0.00031944672016048363,1.0123283084506753,-0.00031944672016048363,0.00031944672016048363,hist_gradient_boosting,Histogram Gradient Boosting
2014-08-17,7,73,0,0.0003065345901280382,1.0123283084506753,-0.0003065345901280382,0.0003065345901280382,hist_gradient_boosting,Histogram Gradient Boosting
2014-09-13,7,31,0,0.00029108116378598066,1.0123283084506753,-0.00029108116378598066,0.00029108116378598066,hist_gradient_boosting,Histogram Gradient Boosting
2014-09-14,27,74,0,0.0002147326143782858,1.0123283084506753,-0.0002147326143782858,0.0002147326143782858,hist_gradient_boosting,Histogram Gradient Boosting
2014-07-18,4,31,0,0.00011272641301641633,1.0123283084506753,-0.00011272641301641633,0.00011272641301641633,hist_gradient_boosting,Histogram Gradient Boosting
2014-07-01,25,93,0,0.0013510770309492857,1.0123283084506753,-0.0013510770309492857,0.0013510770309492857,hist_gradient_boosting,Histogram Gradient Boosting
2014-08-16,22,47,0,0.0002661121598999148,1.0123283084506753,-0.0002661121598999148,0.0002661121598999148,hist_gradient_boosting,Histogram Gradient Boosting
2014-09-16,1,20,0,0.0,1.0123283084506753,0.0,0.0,hist_gradient_boosting,Histogram Gradient Boosting
2014-10-24,11,48,0,0.00012689292868187115,1.0123283084506753,-0.00012689292868187115,0.00012689292868187115,hist_gradient_boosting,Histogram Gradient Boosting
2014-08-23,12,24,0,0.0003327559743562107,1.0123283084506753,-0.0003327559743562107,0.0003327559743562107,hist_gradient_boosting,Histogram Gradient Boosting
2014-08-05,1,8,0,5.449920501567386e-05,1.0123283084506753,-5.449920501567386e-05,5.449920501567386e-05,hist_gradient_boosting,Histogram Gradient Boosting
2014-10-01,38,73,0,0.0002080173213537071,1.0123283084506753,-0.0002080173213537071,0.0002080173213537071,hist_gradient_boosting,Histogram Gradient Boosting
2014-08-19,13,29,0,0.0,1.0123283084506753,0.0,0.0,hist_gradient_boosting,Histogram Gradient Boosting
2014-08-27,30,96,0,0.0,1.0123283084506753,0.0,0.0,hist_gradient_boosting,Histogram Gradient Boosting
2014-07-05,21,50,0,0.00026353740154206213,1.0123283084506753,-0.00026353740154206213,0.00026353740154206213,hist_gradient_boosting,Histogram Gradient Boosting
2014-08-03,45,17,0,0.00021679700494466804,1.0123283084506753,-0.00021679700494466804,0.00021679700494466804,hist_gradient_boosting,Histogram Gradient Boosting
2014-10-16,1,88,0,0.0,1.0123283084506753,0.0,0.0,hist_gradient_boosting,Histogram Gradient Boosting
2014-09-24,37,31,0,0.0,1.0123283084506753,0.0,0.0,hist_gradient_boosting,Histogram Gradient Boosting
2014-10-20,35,83,0,0.00022830923837367206,1.0123283084506753,-0.00022830923837367206,0.00022830923837367206,hist_gradient_boosting,Histogram Gradient Boosting
2014-10-03,5,23,0,6.515118051599417e-05,1.0123283084506753,-6.515118051599417e-05,6.515118051599417e-05,hist_gradient_boosting,Histogram Gradient Boosting
2014-09-26,2,38,0,0.0001389427168832167,1.0123283084506753,-0.0001389427168832167,0.0001389427168832167,hist_gradient_boosting,Histogram Gradient Boosting
2014-07-30,24,32,0,0.0,1.0123283084506753,0.0,0.0,hist_gradient_boosting,Histogram Gradient Boosting
2014-10-01,25,73,0,0.00022598764975239203,1.0123283084506753,-0.00022598764975239203,0.00022598764975239203,hist_gradient_boosting,Histogram Gradient Boosting
2014-08-27,34,69,0,0.0,1.0123283084506753,0.0,0.0,hist_gradient_boosting,Histogram Gradient Boosting
2014-10-22,10,87,0,2.0243898846437523e-05,1.0123283084506753,-2.0243898846437523e-05,2.0243898846437523e-05,hist_gradient_boosting,Histogram Gradient Boosting
2014-08-21,21,5,29,25.738928295813597,27.44638938903809,3.261071704186403,3.261071704186403,hist_gradient_boosting,Histogram Gradient Boosting
2014-08-09,27,77,0,0.0002794122798237159,1.0123283084506753,-0.0002794122798237159,0.0002794122798237159,hist_gradient_boosting,Histogram Gradient Boosting
2014-10-28,44,43,0,0.0,1.0123283084506753,0.0,0.0,hist_gradient_boosting,Histogram Gradient Boosting
2014-08-19,24,28,0,1.1278203351446309e-05,1.0123283084506753,-1.1278203351446309e-05,1.1278203351446309e-05,hist_gradient_boosting,Histogram Gradient Boosting
2014-08-11,7,75,0,0.00018361566654007727,1.0123283084506753,-0.00018361566654007727,0.00018361566654007727,hist_gradient_boosting,Histogram Gradient Boosting
2014-10-18,22,60,0,0.00023989252258351228,1.0123283084506753,-0.00023989252258351228,0.00023989252258351228,hist_gradient_boosting,Histogram Gradient Boosting
2014-09-16,16,78,0,1.6182115508721893e-05,1.0123283084506753,-1.6182115508721893e-05,1.6182115508721893e-05,hist_gradient_boosting,Histogram Gradient Boosting
2014-07-03,44,49,0,0.0,1.0123283084506753,0.0,0.0,hist_gradient_boosting,Histogram Gradient Boosting
2014-08-02,1,65,0,0.0002409311711585268,1.0123283084506753,-0.0002409311711585268,0.0002409311711585268,hist_gradient_boosting,Histogram Gradient Boosting
2014-08-04,44,46,0,0.00028164178296843814,1.0123283084506753,-0.00028164178296843814,0.00028164178296843814,hist_gradient_boosting,Histogram Gradient Boosting
2014-10-23,2,102,0,0.0,1.0123283084506753,0.0,0.0,hist_gradient_boosting,Histogram Gradient Boosting
2014-10-19,31,10,0,2.325136729660827e-05,1.0123283084506753,-2.325136729660827e-05,2.325136729660827e-05,hist_gradient_boosting,Histogram Gradient Boosting
2014-10-15,25,71,0,0.0,1.0123283084506753,0.0,0.0,hist_gradient_boosting,Histogram Gradient Boosting
2014-10-02,24,98,0,0.0,1.0123283084506753,0.0,0.0,hist_gradient_boosting,Histogram Gradient Boosting
2014-08-21,34,53,0,0.0,1.0123283084506753,0.0,0.0,hist_gradient_boosting,Histogram Gradient Boosting
2014-08-24,38,26,0,0.0002670116892080664,1.0123283084506753,-0.0002670116892080664,0.0002670116892080664,hist_gradient_boosting,Histogram Gradient Boosting
2014-08-30,5,99,0,0.0002014014334552683,1.0123283084506753,-0.0002014014334552683,0.0002014014334552683,hist_gradient_boosting,Histogram Gradient Boosting
2014-07-02,18,12,0,1.766977337152705e-05,1.0123283084506753,-1.766977337152705e-05,1.766977337152705e-05,hist_gradient_boosting,Histogram Gradient Boosting
2014-07-19,32,67,0,0.0006016019793640739,1.0123283084506753,-0.0006016019793640739,0.0006016019793640739,hist_gradient_boosting,Histogram Gradient Boosting
2014-08-05,27,14,0,4.3883585485464296e-05,1.0123283084506753,-4.3883585485464296e-05,4.3883585485464296e-05,hist_gradient_boosting,Histogram Gradient Boosting
2014-09-17,32,104,0,0.0,1.0123283084506753,0.0,0.0,hist_gradient_boosting,Histogram Gradient Boosting
2014-09-27,15,2,0,0.0009811660893096678,1.0123283084506753,-0.0009811660893096678,0.0009811660893096678,hist_gradient_boosting,Histogram Gradient Boosting
2014-07-25,9,89,0,0.00011272641301641633,1.0123283084506753,-0.00011272641301641633,0.00011272641301641633,hist_gradient_boosting,Histogram Gradient Boosting
2014-09-12,22,72,0,8.560935762680007e-05,1.0123283084506753,-8.560935762680007e-05,8.560935762680007e-05,hist_gradient_boosting,Histogram Gradient Boosting
2014-08-08,1,77,0,5.88384174567463e-05,1.0123283084506753,-5.88384174567463e-05,5.88384174567463e-05,hist_gradient_boosting,Histogram Gradient Boosting
2014-08-06,2,102,0,3.5048048212948944e-06,1.0123283084506753,-3.5048048212948944e-06,3.5048048212948944e-06,hist_gradient_boosting,Histogram Gradient Boosting
2014-08-31,20,31,0,0.00023989252258351228,1.0123283084506753,-0.00023989252258351228,0.00023989252258351228,hist_gradient_boosting,Histogram Gradient Boosting
2014-09-13,8,85,0,0.00026010757151089404,1.0123283084506753,-0.00026010757151089404,0.00026010757151089404,hist_gradient_boosting,Histogram Gradient Boosting
2014-08-12,15,38,0,0.0,1.0123283084506753,0.0,0.0,hist_gradient_boosting,Histogram Gradient Boosting
2014-08-19,29,79,0,6.07889383444324e-06,1.0123283084506753,-6.07889383444324e-06,6.07889383444324e-06,hist_gradient_boosting,Histogram Gradient Boosting
2014-07-17,21,63,0,2.4045594087986417e-05,1.0123283084506753,-2.4045594087986417e-05,2.4045594087986417e-05,hist_gradient_boosting,Histogram Gradient Boosting
2014-10-01,32,25,0,6.408910086198129e-05,1.0123283084506753,-6.408910086198129e-05,6.408910086198129e-05,hist_gradient_boosting,Histogram Gradient Boosting
2014-07-31,36,86,0,0.0,1.0123283084506753,0.0,0.0,hist_gradient_boosting,Histogram Gradient Boosting
2014-07-14,15,57,0,0.00046549994368047466,1.0123283084506753,-0.00046549994368047466,0.00046549994368047466,hist_gradient_boosting,Histogram Gradient Boosting
2014-07-16,9,19,0,0.0,1.0123283084506753,0.0,0.0,hist_gradient_boosting,Histogram Gradient Boosting
2014-09-13,43,3,0,0.0,0.04000000059604646,0.0,0.0,hist_gradient_boosting,Histogram Gradient Boosting
2014-07-22,6,91,0,3.056009880679307e-05,1.0123283084506753,-3.056009880679307e-05,3.056009880679307e-05,hist_gradient_boosting,Histogram Gradient Boosting
2014-09-07,15,23,0,0.00033018104445229024,1.0123283084506753,-0.00033018104445229024,0.00033018104445229024,hist_gradient_boosting,Histogram Gradient Boosting
2014-08-08,1,12,0,5.88384174567463e-05,1.0123283084506753,-5.88384174567463e-05,5.88384174567463e-05,hist_gradient_boosting,Histogram Gradient Boosting
2014-09-14,31,56,0,0.0,1.0123283084506753,0.0,0.0,hist_gradient_boosting,Histogram Gradient Boosting
2014-09-23,1,40,0,1.0802735797701628,0.04416666738688946,-1.0802735797701628,1.0802735797701628,hist_gradient_boosting,Histogram Gradient Boosting
2014-09-24,7,1,0,0.0,1.0123283084506753,0.0,0.0,hist_gradient_boosting,Histogram Gradient Boosting
2014-08-12,40,63,0,0.0,1.0123283084506753,0.0,0.0,hist_gradient_boosting,Histogram Gradient Boosting
2014-09-25,28,52,0,0.0,1.0123283084506753,0.0,0.0,hist_gradient_boosting,Histogram Gradient Boosting
2014-09-01,6,74,0,6.351440947223208e-05,1.0123283084506753,-6.351440947223208e-05,6.351440947223208e-05,hist_gradient_boosting,Histogram Gradient Boosting
2014-09-10,15,80,0,0.0,1.0123283084506753,0.0,0.0,hist_gradient_boosting,Histogram Gradient Boosting
2014-10-26,36,55,0,0.00023989252258351228,1.0123283084506753,-0.00023989252258351228,0.00023989252258351228,hist_gradient_boosting,Histogram Gradient Boosting
2014-10-01,45,84,0,0.0,1.0123283084506753,0.0,0.0,hist_gradient_boosting,Histogram Gradient Boosting
2014-10-24,27,21,0,0.00020196626055944786,1.0123283084506753,-0.00020196626055944786,0.00020196626055944786,hist_gradient_boosting,Histogram Gradient Boosting
2014-10-29,12,9,0,0.0004963711806674322,1.0123283084506753,-0.0004963711806674322,0.0004963711806674322,hist_gradient_boosting,Histogram Gradient Boosting
2014-07-06,15,7,0,0.00033018104445229024,1.0123283084506753,-0.00033018104445229024,0.00033018104445229024,hist_gradient_boosting,Histogram Gradient Boosting
2014-08-21,40,12,0,0.0,1.0123283084506753,0.0,0.0,hist_gradient_boosting,Histogram Gradient Boosting
2014-08-03,12,3,0,0.0004565784645799969,1.0123283084506753,-0.0004565784645799969,0.0004565784645799969,hist_gradient_boosting,Histogram Gradient Boosting
2014-10-03,42,9,0,0.0016073608415045216,1.0123283084506753,-0.0016073608415045216,0.0016073608415045216,hist_gradient_boosting,Histogram Gradient Boosting
2014-08-03,43,44,0,0.0003751926020753089,1.0123283084506753,-0.0003751926020753089,0.0003751926020753089,hist_gradient_boosting,Histogram Gradient Boosting
2014-09-17,40,10,0,0.0,1.0123283084506753,0.0,0.0,hist_gradient_boosting,Histogram Gradient Boosting
2014-07-10,40,74,0,0.00015180326153684423,1.0123283084506753,-0.00015180326153684423,0.00015180326153684423,hist_gradient_boosting,Histogram Gradient Boosting
2014-07-21,35,21,0,0.0002329308183964925,1.0123283084506753,-0.0002329308183964925,0.0002329308183964925,hist_gradient_boosting,Histogram Gradient Boosting
2014-08-14,43,30,0,0.0,1.0123283084506753,0.0,0.0,hist_gradient_boosting,Histogram Gradient Boosting
2014-07-18,23,10,0,0.0001475770910323837,1.0123283084506753,-0.0001475770910323837,0.0001475770910323837,hist_gradient_boosting,Histogram Gradient Boosting
2014-10-11,41,37,0,0.00035460670659661275,1.0123283084506753,-0.00035460670659661275,0.00035460670659661275,hist_gradient_boosting,Histogram Gradient Boosting
2014-07-04,21,40,0,0.00011835152705610054,1.0123283084506753,-0.00011835152705610054,0.00011835152705610054,hist_gradient_boosting,Histogram Gradient Boosting
2014-10-11,2,6,0,0.0002449106203893426,1.0123283084506753,-0.0002449106203893426,0.0002449106203893426,hist_gradient_boosting,Histogram Gradient Boosting
2014-08-07,12,70,0,0.0,1.0123283084506753,0.0,0.0,hist_gradient_boosting,Histogram Gradient Boosting
2014-10-17,14,49,0,0.0001372102288326719,1.0123283084506753,-0.0001372102288326719,0.0001372102288326719,hist_gradient_boosting,Histogram Gradient Boosting
2014-07-27,44,51,0,0.0002203594426217494,1.0123283084506753,-0.0002203594426217494,0.0002203594426217494,hist_gradient_boosting,Histogram Gradient Boosting
2014-09-22,27,82,0,0.00012999924672735992,1.0123283084506753,-0.00012999924672735992,0.00012999924672735992,hist_gradient_boosting,Histogram Gradient Boosting
2014-09-08,23,85,0,0.0001609669201216845,1.0123283084506753,-0.0001609669201216845,0.0001609669201216845,hist_gradient_boosting,Histogram Gradient Boosting
2014-09-16,4,40,0,0.0,1.0123283084506753,0.0,0.0,hist_gradient_boosting,Histogram Gradient Boosting
2014-09-21,20,63,0,0.0003047687659878292,1.0123283084506753,-0.0003047687659878292,0.0003047687659878292,hist_gradient_boosting,Histogram Gradient Boosting
2014-10-24,35,73,0,0.00015065800426942985,1.0123283084506753,-0.00015065800426942985,0.00015065800426942985,hist_gradient_boosting,Histogram Gradient Boosting
2014-10-27,24,93,0,0.0,1.0123283084506753,0.0,0.0,hist_gradient_boosting,Histogram Gradient Boosting
2014-08-26,36,17,0,0.0,1.0123283084506753,0.0,0.0,hist_gradient_boosting,Histogram Gradient Boosting
2014-09-27,3,40,0,0.0003327559743562107,1.0123283084506753,-0.0003327559743562107,0.0003327559743562107,hist_gradient_boosting,Histogram Gradient Boosting
2014-09-09,21,85,0,0.0,1.0123283084506753,0.0,0.0,hist_gradient_boosting,Histogram Gradient Boosting
2014-08-27,15,88,0,1.7792624899025665e-05,1.0123283084506753,-1.7792624899025665e-05,1.7792624899025665e-05,hist_gradient_boosting,Histogram Gradient Boosting
2014-10-24,7,86,0,9.687713302651164e-05,1.0123283084506753,-9.687713302651164e-05,9.687713302651164e-05,hist_gradient_boosting,Histogram Gradient Boosting
2014-08-04,40,87,0,0.0002898907152883003,1.0123283084506753,-0.0002898907152883003,0.0002898907152883003,hist_gradient_boosting,Histogram Gradient Boosting
2014-10-05,27,95,0,0.0,1.0123283084506753,0.0,0.0,hist_gradient_boosting,Histogram Gradient Boosting
2014-10-20,8,36,0,0.0016550875120068713,1.0123283084506753,-0.0016550875120068713,0.0016550875120068713,hist_gradient_boosting,Histogram Gradient Boosting
2014-10-03,32,108,0,0.0,1.0123283084506753,0.0,0.0,hist_gradient_boosting,Histogram Gradient Boosting
2014-09-27,30,102,0,0.00015543351471981393,1.0123283084506753,-0.00015543351471981393,0.00015543351471981393,hist_gradient_boosting,Histogram Gradient Boosting
2014-10-17,28,73,0,0.00012689292868187115,1.0123283084506753,-0.00012689292868187115,0.00012689292868187115,hist_gradient_boosting,Histogram Gradient Boosting
2014-09-02,7,23,24,26.722596735194063,25.875555324554444,-2.722596735194063,2.722596735194063,hist_gradient_boosting,Histogram Gradient Boosting
2014-08-23,2,12,0,0.00023989252258351228,1.0123283084506753,-0.00023989252258351228,0.00023989252258351228,hist_gradient_boosting,Histogram Gradient Boosting
2014-08-06,5,89,0,3.5048048212948944e-06,1.0123283084506753,-3.5048048212948944e-06,3.5048048212948944e-06,hist_gradient_boosting,Histogram Gradient Boosting
2014-07-16,24,75,0,0.0,1.0123283084506753,0.0,0.0,hist_gradient_boosting,Histogram Gradient Boosting
2014-09-30,17,6,0,0.0,1.0123283084506753,0.0,0.0,hist_gradient_boosting,Histogram Gradient Boosting
2014-09-05,45,90,0,0.00013636828586884028,1.0123283084506753,-0.00013636828586884028,0.00013636828586884028,hist_gradient_boosting,Histogram Gradient Boosting
2014-07-17,15,106,0,0.0,1.0123283084506753,0.0,0.0,hist_gradient_boosting,Histogram Gradient Boosting
2014-07-30,36,20,0,0.0,1.0123283084506753,0.0,0.0,hist_gradient_boosting,Histogram Gradient Boosting
2014-08-21,25,1,0,0.0,1.0123283084506753,0.0,0.0,hist_gradient_boosting,Histogram Gradient Boosting
2014-07-12,8,81,0,0.0001480647435284544,1.0123283084506753,-0.0001480647435284544,0.0001480647435284544,hist_gradient_boosting,Histogram Gradient Boosting
2014-09-14,45,33,0,0.0002335901576677543,1.0123283084506753,-0.0002335901576677543,0.0002335901576677543,hist_gradient_boosting,Histogram Gradient Boosting
2014-10-02,15,98,0,0.0,1.0123283084506753,0.0,0.0,hist_gradient_boosting,Histogram Gradient Boosting
2014-10-24,2,41,0,0.0001389427168832167,1.0123283084506753,-0.0001389427168832167,0.0001389427168832167,hist_gradient_boosting,Histogram Gradient Boosting
2014-09-16,18,59,0,0.0,1.0123283084506753,0.0,0.0,hist_gradient_boosting,Histogram Gradient Boosting
2014-10-29,25,2,0,0.0,1.0123283084506753,0.0,0.0,hist_gradient_boosting,Histogram Gradient Boosting
2014-07-24,6,28,0,0.0,1.0123283084506753,0.0,0.0,hist_gradient_boosting,Histogram Gradient Boosting
2014-07-07,12,58,0,0.00027318818564707996,1.0123283084506753,-0.00027318818564707996,0.00027318818564707996,hist_gradient_boosting,Histogram Gradient Boosting
2014-08-28,2,22,0,0.0,1.0123283084506753,0.0,0.0,hist_gradient_boosting,Histogram Gradient Boosting
2014-10-19,12,60,0,0.0003207038510706049,1.0123283084506753,-0.0003207038510706049,0.0003207038510706049,hist_gradient_boosting,Histogram Gradient Boosting
2014-09-24,2,9,0,0.0,1.0123283084506753,0.0,0.0,hist_gradient_boosting,Histogram Gradient Boosting
2014-07-23,8,41,0,0.0,1.0123283084506753,0.0,0.0,hist_gradient_boosting,Histogram Gradient Boosting
2014-08-18,29,16,0,0.0018834721690861457,1.0123283084506753,-0.0018834721690861457,0.0018834721690861457,hist_gradient_boosting,Histogram Gradient Boosting
2014-08-05,24,95,0,0.0017392974700631218,1.0123283084506753,-0.0017392974700631218,0.0017392974700631218,hist_gradient_boosting,Histogram Gradient Boosting
2014-07-20,31,82,0,0.00048206341546663605,1.0123283084506753,-0.00048206341546663605,0.00048206341546663605,hist_gradient_boosting,Histogram Gradient Boosting
2014-07-31,22,90,0,0.0,1.0123283084506753,0.0,0.0,hist_gradient_boosting,Histogram Gradient Boosting
2014-07-27,36,68,0,0.00027624779703545665,1.0123283084506753,-0.00027624779703545665,0.00027624779703545665,hist_gradient_boosting,Histogram Gradient Boosting
2014-07-25,26,89,0,0.00011272641301641633,1.0123283084506753,-0.00011272641301641633,0.00011272641301641633,hist_gradient_boosting,Histogram Gradient Boosting
2014-09-24,6,47,0,0.0,1.0123283084506753,0.0,0.0,hist_gradient_boosting,Histogram Gradient Boosting
2014-09-15,18,86,0,9.157138665059562e-05,1.0123283084506753,-9.157138665059562e-05,9.157138665059562e-05,hist_gradient_boosting,Histogram Gradient Boosting
2014-08-01,36,82,0,0.0003157241627013706,1.0123283084506753,-0.0003157241627013706,0.0003157241627013706,hist_gradient_boosting,Histogram Gradient Boosting
2014-10-27,45,13,0,0.00011100418831292702,1.0123283084506753,-0.00011100418831292702,0.00011100418831292702,hist_gradient_boosting,Histogram Gradient Boosting
2014-07-16,31,63,0,0.0,1.0123283084506753,0.0,0.0,hist_gradient_boosting,Histogram Gradient Boosting
2014-09-10,35,67,0,0.0,1.0123283084506753,0.0,0.0,hist_gradient_boosting,Histogram Gradient Boosting
2014-08-04,39,12,0,0.0001855114612987303,1.0123283084506753,-0.0001855114612987303,0.0001855114612987303,hist_gradient_boosting,Histogram Gradient Boosting
2014-08-15,39,104,0,0.00039155919353085875,1.0123283084506753,-0.00039155919353085875,0.00039155919353085875,hist_gradient_boosting,Histogram Gradient Boosting
2014-07-06,16,14,0,0.0003564030485332209,1.0123283084506753,-0.0003564030485332209,0.0003564030485332209,hist_gradient_boosting,Histogram Gradient Boosting
2014-08-23,9,3,0,0.00025166108499431896,1.0123283084506753,-0.00025166108499431896,0.00025166108499431896,hist_gradient_boosting,Histogram Gradient Boosting
2014-08-25,3,49,0,0.00020209059197246688,1.0123283084506753,-0.00020209059197246688,0.00020209059197246688,hist_gradient_boosting,Histogram Gradient Boosting
2014-10-01,39,81,0,0.0,1.0123283084506753,0.0,0.0,hist_gradient_boosting,Histogram Gradient Boosting
2014-07-23,7,32,0,0.0,1.0123283084506753,0.0,0.0,hist_gradient_boosting,Histogram Gradient Boosting
2014-09-28,15,52,0,0.000362446312056614,1.0123283084506753,-0.000362446312056614,0.000362446312056614,hist_gradient_boosting,Histogram Gradient Boosting
2014-10-25,38,93,0,0.0,1.0123283084506753,0.0,0.0,hist_gradient_boosting,Histogram Gradient Boosting
2014-10-29,23,56,0,0.017365521680020455,0.075555557012558,-0.017365521680020455,0.017365521680020455,hist_gradient_boosting,Histogram Gradient Boosting
2014-10-10,45,44,0,0.0023458566878232718,1.0123283084506753,-0.0023458566878232718,0.0023458566878232718,hist_gradient_boosting,Histogram Gradient Boosting
2014-09-15,23,46,0,0.00015133982841803015,1.0123283084506753,-0.00015133982841803015,0.00015133982841803015,hist_gradient_boosting,Histogram Gradient Boosting
2014-07-24,29,86,0,9.27832061365982e-05,1.0123283084506753,-9.27832061365982e-05,9.27832061365982e-05,hist_gradient_boosting,Histogram Gradient Boosting
2014-10-27,31,37,0,0.00016638636643190804,1.0123283084506753,-0.00016638636643190804,0.00016638636643190804,hist_gradient_boosting,Histogram Gradient Boosting
2014-09-03,7,108,0,0.0,1.0123283084506753,0.0,0.0,hist_gradient_boosting,Histogram Gradient Boosting
2014-09-30,6,55,0,0.0,1.0123283084506753,0.0,0.0,hist_gradient_boosting,Histogram Gradient Boosting
2014-07-26,4,107,0,0.0002643794515604371,1.0123283084506753,-0.0002643794515604371,0.0002643794515604371,hist_gradient_boosting,Histogram Gradient Boosting
2014-07-25,9,11,0,0.00011272641301641633,1.0123283084506753,-0.00011272641301641633,0.00011272641301641633,hist_gradient_boosting,Histogram Gradient Boosting
2014-10-20,42,81,0,0.00013738400730781126,1.0123283084506753,-0.00013738400730781126,0.00013738400730781126,hist_gradient_boosting,Histogram Gradient Boosting
2014-09-10,31,71,0,0.0,1.0123283084506753,0.0,0.0,hist_gradient_boosting,Histogram Gradient Boosting
2014-07-04,39,40,0,0.0001158495301732184,1.0123283084506753,-0.0001158495301732184,0.0001158495301732184,hist_gradient_boosting,Histogram Gradient Boosting
2014-08-09,8,55,0,0.0001480647435284544,1.0123283084506753,-0.0001480647435284544,0.0001480647435284544,hist_gradient_boosting,Histogram Gradient Boosting
2014-08-23,14,46,0,0.0002540608395465965,1.0123283084506753,-0.0002540608395465965,0.0002540608395465965,hist_gradient_boosting,Histogram Gradient Boosting
2014-09-08,25,111,0,0.0001749711135625984,1.0123283084506753,-0.0001749711135625984,0.0001749711135625984,hist_gradient_boosting,Histogram Gradient Boosting
2014-10-27,44,59,0,0.0,1.0123283084506753,0.0,0.0,hist_gradient_boosting,Histogram Gradient Boosting
2014-10-06,4,64,0,0.0002454378965672295,1.0123283084506753,-0.0002454378965672295,0.0002454378965672295,hist_gradient_boosting,Histogram Gradient Boosting
2014-09-17,22,15,0,0.0,1.0123283084506753,0.0,0.0,hist_gradient_boosting,Histogram Gradient Boosting
2014-10-03,10,108,0,0.0,1.0123283084506753,0.0,0.0,hist_gradient_boosting,Histogram Gradient Boosting
2014-07-20,22,77,0,0.00023337665420931659,1.0123283084506753,-0.00023337665420931659,0.00023337665420931659,hist_gradient_boosting,Histogram Gradient Boosting
2014-07-26,30,90,0,0.00023989252258351228,1.0123283084506753,-0.00023989252258351228,0.00023989252258351228,hist_gradient_boosting,Histogram Gradient Boosting
2014-09-30,39,73,0,0.0,1.0123283084506753,0.0,0.0,hist_gradient_boosting,Histogram Gradient Boosting
2014-08-13,26,72,0,0.0,1.0123283084506753,0.0,0.0,hist_gradient_boosting,Histogram Gradient Boosting
2014-09-06,36,17,0,0.0002711899387298464,1.0123283084506753,-0.0002711899387298464,0.0002711899387298464,hist_gradient_boosting,Histogram Gradient Boosting
2014-09-13,19,35,0,0.00018843435935660767,1.0123283084506753,-0.00018843435935660767,0.00018843435935660767,hist_gradient_boosting,Histogram Gradient Boosting
2014-10-02,3,104,0,0.0,1.0123283084506753,0.0,0.0,hist_gradient_boosting,Histogram Gradient Boosting
2014-10-21,28,47,0,3.056009880679307e-05,1.0123283084506753,-3.056009880679307e-05,3.056009880679307e-05,hist_gradient_boosting,Histogram Gradient Boosting
2014-09-22,26,59,0,9.305180055722431e-05,1.0123283084506753,-9.305180055722431e-05,9.305180055722431e-05,hist_gradient_boosting,Histogram Gradient Boosting
2014-09-07,32,68,0,0.0003564030485332209,1.0123283084506753,-0.0003564030485332209,0.0003564030485332209,hist_gradient_boosting,Histogram Gradient Boosting
2014-09-06,45,4,0,1.089658332183752,2.1869444489479064,-1.089658332183752,1.089658332183752,hist_gradient_boosting,Histogram Gradient Boosting
2014-09-16,27,38,0,0.0,1.0123283084506753,0.0,0.0,hist_gradient_boosting,Histogram Gradient Boosting
2014-08-05,37,107,0,0.0,1.0123283084506753,0.0,0.0,hist_gradient_boosting,Histogram Gradient Boosting
2014-08-03,19,42,0,0.00028995372821347544,1.0123283084506753,-0.00028995372821347544,0.00028995372821347544,hist_gradient_boosting,Histogram Gradient Boosting
2014-08-09,40,92,0,0.00039422934220401335,1.0123283084506753,-0.00039422934220401335,0.00039422934220401335,hist_gradient_boosting,Histogram Gradient Boosting
2014-08-12,17,16,0,0.0,1.0123283084506753,0.0,0.0,hist_gradient_boosting,Histogram Gradient Boosting
2014-09-18,45,99,0,0.0,1.0123283084506753,0.0,0.0,hist_gradient_boosting,Histogram Gradient Boosting
2014-08-23,42,63,0,0.0002661121598999148,1.0123283084506753,-0.0002661121598999148,0.0002661121598999148,hist_gradient_boosting,Histogram Gradient Boosting
2014-07-23,28,110,0,0.00029932488668626956,1.0123283084506753,-0.00029932488668626956,0.00029932488668626956,hist_gradient_boosting,Histogram Gradient Boosting
2014-08-31,4,25,0,0.0005375371494273904,1.0123283084506753,-0.0005375371494273904,0.0005375371494273904,hist_gradient_boosting,Histogram Gradient Boosting
2014-07-02,28,66,0,0.0,1.0123283084506753,0.0,0.0,hist_gradient_boosting,Histogram Gradient Boosting
2014-08-31,8,66,0,0.0004741963353606451,1.0123283084506753,-0.0004741963353606451,0.0004741963353606451,hist_gradient_boosting,Histogram Gradient Boosting
2014-09-28,32,108,0,0.00036234664632772245,1.0123283084506753,-0.00036234664632772245,0.00036234664632772245,hist_gradient_boosting,Histogram Gradient Boosting
2014-10-05,5,85,0,0.0002629812537257561,1.0123283084506753,-0.0002629812537257561,0.0002629812537257561,hist_gradient_boosting,Histogram Gradient Boosting
2014-07-22,23,103,0,0.00022274399795519186,1.0123283084506753,-0.00022274399795519186,0.00022274399795519186,hist_gradient_boosting,Histogram Gradient Boosting
2014-08-04,42,25,0,0.0002823460814413886,1.0123283084506753,-0.0002823460814413886,0.0002823460814413886,hist_gradient_boosting,Histogram Gradient Boosting
2014-09-23,43,28,0,0.0,1.0123283084506753,0.0,0.0,hist_gradient_boosting,Histogram Gradient Boosting
2014-08-09,35,5,0,0.0015689953430071686,1.0123283084506753,-0.0015689953430071686,0.0015689953430071686,hist_gradient_boosting,Histogram Gradient Boosting
2014-10-30,1,48,0,0.0,1.0123283084506753,0.0,0.0,hist_gradient_boosting,Histogram Gradient Boosting
2014-10-14,24,80,0,1.7792624899025665e-05,1.0123283084506753,-1.7792624899025665e-05,1.7792624899025665e-05,hist_gradient_boosting,Histogram Gradient Boosting
2014-10-26,12,79,0,0.9295890660637389,0.1852777779102326,-0.9295890660637389,0.9295890660637389,hist_gradient_boosting,Histogram Gradient Boosting
2014-07-17,43,4,0,0.0,1.0123283084506753,0.0,0.0,hist_gradient_boosting,Histogram Gradient Boosting
2014-10-17,24,49,0,0.00015065800426942985,1.0123283084506753,-0.00015065800426942985,0.00015065800426942985,hist_gradient_boosting,Histogram Gradient Boosting
2014-09-25,9,73,0,0.0,1.0123283084506753,0.0,0.0,hist_gradient_boosting,Histogram Gradient Boosting
2014-07-06,35,105,0,0.41891122291020094,0.0766666702926159,-0.41891122291020094,0.41891122291020094,hist_gradient_boosting,Histogram Gradient Boosting
2014-08-19,37,46,0,0.0,1.0123283084506753,0.0,0.0,hist_gradient_boosting,Histogram Gradient Boosting
2014-07-26,40,67,0,0.0005950837547039234,1.0123283084506753,-0.0005950837547039234,0.0005950837547039234,hist_gradient_boosting,Histogram Gradient Boosting
2014-08-03,29,9,0,0.0013812607856575297,1.0123283084506753,-0.0013812607856575297,0.0013812607856575297,hist_gradient_boosting,Histogram Gradient Boosting
2014-10-24,4,33,0,0.0001372102288326719,1.0123283084506753,-0.0001372102288326719,0.0001372102288326719,hist_gradient_boosting,Histogram Gradient Boosting
2014-10-13,45,105,0,0.0,1.0123283084506753,0.0,0.0,hist_gradient_boosting,Histogram Gradient Boosting
2014-08-01,45,94,0,0.0002761443611832587,1.0123283084506753,-0.0002761443611832587,0.0002761443611832587,hist_gradient_boosting,Histogram Gradient Boosting
2014-08-22,3,88,0,0.00011272641301641633,1.0123283084506753,-0.00011272641301641633,0.00011272641301641633,hist_gradient_boosting,Histogram Gradient Boosting
2014-08-21,13,10,0,5.492836816416472e-05,1.0123283084506753,-5.492836816416472e-05,5.492836816416472e-05,hist_gradient_boosting,Histogram Gradient Boosting
2014-10-28,33,26,0,0.0,1.0123283084506753,0.0,0.0,hist_gradient_boosting,Histogram Gradient Boosting
2014-08-09,45,43,0,0.0018291827326600216,1.0123283084506753,-0.0018291827326600216,0.0018291827326600216,hist_gradient_boosting,Histogram Gradient Boosting
2014-07-18,22,39,0,0.00011272641301641633,1.0123283084506753,-0.00011272641301641633,0.00011272641301641633,hist_gradient_boosting,Histogram Gradient Boosting
2014-09-17,27,29,0,0.0,1.0123283084506753,0.0,0.0,hist_gradient_boosting,Histogram Gradient Boosting
2014-09-23,20,25,0,0.0,1.0123283084506753,0.0,0.0,hist_gradient_boosting,Histogram Gradient Boosting
2014-10-10,24,18,0,7.240055120425663e-05,1.0123283084506753,-7.240055120425663e-05,7.240055120425663e-05,hist_gradient_boosting,Histogram Gradient Boosting
2014-10-13,44,23,0,0.0001749711135625984,1.0123283084506753,-0.0001749711135625984,0.0001749711135625984,hist_gradient_boosting,Histogram Gradient Boosting
2014-07-12,39,61,0,0.0004557065133372565,1.0123283084506753,-0.0004557065133372565,0.0004557065133372565,hist_gradient_boosting,Histogram Gradient Boosting
2014-09-12,24,19,0,0.0001235399204026891,1.0123283084506753,-0.0001235399204026891,0.0001235399204026891,hist_gradient_boosting,Histogram Gradient Boosting
2014-09-19,15,38,0,0.0001389427168832167,1.0123283084506753,-0.0001389427168832167,0.0001389427168832167,hist_gradient_boosting,Histogram Gradient Boosting
2014-10-05,3,88,0,0.00033018104445229024,1.0123283084506753,-0.00033018104445229024,0.00033018104445229024,hist_gradient_boosting,Histogram Gradient Boosting
2014-07-24,14,36,0,0.0025402660619235234,1.0123283084506753,-0.0025402660619235234,0.0025402660619235234,hist_gradient_boosting,Histogram Gradient Boosting
2014-08-24,33,94,0,0.0002661121598999148,1.0123283084506753,-0.0002661121598999148,0.0002661121598999148,hist_gradient_boosting,Histogram Gradient Boosting
2014-10-18,32,80,0,0.0003065345901280382,1.0123283084506753,-0.0003065345901280382,0.0003065345901280382,hist_gradient_boosting,Histogram Gradient Boosting
2014-09-09,21,77,0,0.0,1.0123283084506753,0.0,0.0,hist_gradient_boosting,Histogram Gradient Boosting
2014-07-04,4,19,0,9.213576293919532e-05,1.0123283084506753,-9.213576293919532e-05,9.213576293919532e-05,hist_gradient_boosting,Histogram Gradient Boosting
2014-07-05,38,50,0,0.0002880249093705965,1.0123283084506753,-0.0002880249093705965,0.0002880249093705965,hist_gradient_boosting,Histogram Gradient Boosting
2014-10-12,2,97,0,0.0002425108877897677,1.0123283084506753,-0.0002425108877897677,0.0002425108877897677,hist_gradient_boosting,Histogram Gradient Boosting
2014-08-07,30,66,0,0.00018721172259583162,1.0123283084506753,-0.00018721172259583162,0.00018721172259583162,hist_gradient_boosting,Histogram Gradient Boosting
2014-10-29,3,39,0,0.0,1.0123283084506753,0.0,0.0,hist_gradient_boosting,Histogram Gradient Boosting
2014-08-28,7,50,0,0.0,1.0123283084506753,0.0,0.0,hist_gradient_boosting,Histogram Gradient Boosting
2014-08-07,30,21,0,0.0,1.0123283084506753,0.0,0.0,hist_gradient_boosting,Histogram Gradient Boosting
2014-07-02,12,68,0,4.3883585485464296e-05,1.0123283084506753,-4.3883585485464296e-05,4.3883585485464296e-05,hist_gradient_boosting,Histogram Gradient Boosting
2014-10-16,32,85,0,6.07889383444324e-06,1.0123283084506753,-6.07889383444324e-06,6.07889383444324e-06,hist_gradient_boosting,Histogram Gradient Boosting
2014-08-17,33,52,0,0.00017518349237925345,1.0123283084506753,-0.00017518349237925345,0.00017518349237925345,hist_gradient_boosting,Histogram Gradient Boosting
2014-10-11,4,92,0,0.000149193699153429,1.0123283084506753,-0.000149193699153429,0.000149193699153429,hist_gradient_boosting,Histogram Gradient Boosting
2014-08-24,39,55,0,0.00017518349237925345,1.0123283084506753,-0.00017518349237925345,0.00017518349237925345,hist_gradient_boosting,Histogram Gradient Boosting
2014-10-29,12,48,0,0.0,1.0123283084506753,0.0,0.0,hist_gradient_boosting,Histogram Gradient Boosting
2014-07-18,24,70,0,0.0001389427168832167,1.0123283084506753,-0.0001389427168832167,0.0001389427168832167,hist_gradient_boosting,Histogram Gradient Boosting
2014-08-05,7,14,0,0.0,1.0123283084506753,0.0,0.0,hist_gradient_boosting,Histogram Gradient Boosting
2014-09-25,32,21,0,5.492836816416472e-05,1.0123283084506753,-5.492836816416472e-05,5.492836816416472e-05,hist_gradient_boosting,Histogram Gradient Boosting
2014-07-06,23,98,0,0.0,1.0123283084506753,0.0,0.0,hist_gradient_boosting,Histogram Gradient Boosting
2014-10-13,14,100,0,9.224999474883242e-05,1.0123283084506753,-9.224999474883242e-05,9.224999474883242e-05,hist_gradient_boosting,Histogram Gradient Boosting
2014-07-03,37,14,0,2.9718245623968948e-05,1.0123283084506753,-2.9718245623968948e-05,2.9718245623968948e-05,hist_gradient_boosting,Histogram Gradient Boosting
2014-09-28,29,101,0,0.00019966883721077617,1.0123283084506753,-0.00019966883721077617,0.00019966883721077617,hist_gradient_boosting,Histogram Gradient Boosting
2014-10-24,34,24,0,9.87230911098362e-05,1.0123283084506753,-9.87230911098362e-05,9.87230911098362e-05,hist_gradient_boosting,Histogram Gradient Boosting
2014-08-30,44,21,0,0.00025026044913037426,1.0123283084506753,-0.00025026044913037426,0.00025026044913037426,hist_gradient_boosting,Histogram Gradient Boosting
2014-07-20,14,106,0,0.0001696006353279011,1.0123283084506753,-0.0001696006353279011,0.0001696006353279011,hist_gradient_boosting,Histogram Gradient Boosting
2014-08-17,15,110,0,0.0006016019793640739,1.0123283084506753,-0.0006016019793640739,0.0006016019793640739,hist_gradient_boosting,Histogram Gradient Boosting
2014-10-06,35,95,0,0.0007713493831216376,1.0123283084506753,-0.0007713493831216376,0.0007713493831216376,hist_gradient_boosting,Histogram Gradient Boosting
2014-07-15,36,24,0,2.0243898846437523e-05,1.0123283084506753,-2.0243898846437523e-05,2.0243898846437523e-05,hist_gradient_boosting,Histogram Gradient Boosting
2014-10-28,12,43,0,0.0,1.0123283084506753,0.0,0.0,hist_gradient_boosting,Histogram Gradient Boosting
2014-09-18,27,57,0,0.0,1.0123283084506753,0.0,0.0,hist_gradient_boosting,Histogram Gradient Boosting
2014-07-29,24,75,0,1.7792624899025665e-05,1.0123283084506753,-1.7792624899025665e-05,1.7792624899025665e-05,hist_gradient_boosting,Histogram Gradient Boosting
2014-09-26,32,54,0,0.0001389427168832167,1.0123283084506753,-0.0001389427168832167,0.0001389427168832167,hist_gradient_boosting,Histogram Gradient Boosting
2014-08-15,24,17,0,0.00011272641301641633,1.0123283084506753,-0.00011272641301641633,0.00011272641301641633,hist_gradient_boosting,Histogram Gradient Boosting
2014-09-15,12,108,0,0.0,1.0123283084506753,0.0,0.0,hist_gradient_boosting,Histogram Gradient Boosting
2014-09-10,36,64,0,0.0,1.0123283084506753,0.0,0.0,hist_gradient_boosting,Histogram Gradient Boosting
2014-09-06,1,63,0,0.0003743760429175817,1.0123283084506753,-0.0003743760429175817,0.0003743760429175817,hist_gradient_boosting,Histogram Gradient Boosting
2014-09-22,28,66,0,0.00010890101992423661,1.0123283084506753,-0.00010890101992423661,0.00010890101992423661,hist_gradient_boosting,Histogram Gradient Boosting
2014-09-11,4,87,0,0.0,1.0123283084506753,0.0,0.0,hist_gradient_boosting,Histogram Gradient Boosting
2014-10-15,5,65,0,0.0,1.0123283084506753,0.0,0.0,hist_gradient_boosting,Histogram Gradient Boosting
2014-08-05,24,59,0,3.912755948505254e-05,1.0123283084506753,-3.912755948505254e-05,3.912755948505254e-05,hist_gradient_boosting,Histogram Gradient Boosting
2014-08-05,39,60,0,0.0,1.0123283084506753,0.0,0.0,hist_gradient_boosting,Histogram Gradient Boosting
2014-07-25,2,7,0,0.00011272641301641633,1.0123283084506753,-0.00011272641301641633,0.00011272641301641633,hist_gradient_boosting,Histogram Gradient Boosting
2014-09-07,40,111,0,0.00033018104445229024,1.0123283084506753,-0.00033018104445229024,0.00033018104445229024,hist_gradient_boosting,Histogram Gradient Boosting
2014-09-19,24,60,0,1.0218450240981372,0.42888889610767367,-1.0218450240981372,1.0218450240981372,hist_gradient_boosting,Histogram Gradient Boosting
2014-09-04,37,107,0,0.0,1.0123283084506753,0.0,0.0,hist_gradient_boosting,Histogram Gradient Boosting
2014-07-23,37,71,0,0.0,1.0123283084506753,0.0,0.0,hist_gradient_boosting,Histogram Gradient Boosting
2014-09-07,39,13,0,0.00011539208049336349,1.0123283084506753,-0.00011539208049336349,0.00011539208049336349,hist_gradient_boosting,Histogram Gradient Boosting
2014-09-24,32,37,0,0.0,1.0123283084506753,0.0,0.0,hist_gradient_boosting,Histogram Gradient Boosting
2014-09-16,26,43,0,0.0,1.0123283084506753,0.0,0.0,hist_gradient_boosting,Histogram Gradient Boosting
2014-09-13,31,6,0,0.00018270342341879258,1.0123283084506753,-0.00018270342341879258,0.00018270342341879258,hist_gradient_boosting,Histogram Gradient Boosting
2014-10-25,17,47,0,0.0002014014334552683,1.0123283084506753,-0.0002014014334552683,0.0002014014334552683,hist_gradient_boosting,Histogram Gradient Boosting
2014-09-14,22,28,0,0.00023989252258351228,1.0123283084506753,-0.00023989252258351228,0.00023989252258351228,hist_gradient_boosting,Histogram Gradient Boosting
2014-08-19,26,86,0,0.0,1.0123283084506753,0.0,0.0,hist_gradient_boosting,Histogram Gradient Boosting
2014-08-29,21,109,5,7.406884233718064,8.6038889169693,-2.4068842337180643,2.4068842337180643,hist_gradient_boosting,Histogram Gradient Boosting
2014-08-30,5,91,0,0.0002014014334552683,1.0123283084506753,-0.0002014014334552683,0.0002014014334552683,hist_gradient_boosting,Histogram Gradient Boosting
2014-10-22,3,37,0,0.0,1.0123283084506753,0.0,0.0,hist_gradient_boosting,Histogram Gradient Boosting
2014-08-03,24,54,0,0.00024301603685020795,1.0123283084506753,-0.00024301603685020795,0.00024301603685020795,hist_gradient_boosting,Histogram Gradient Boosting
2014-08-07,24,88,0,0.0,1.0123283084506753,0.0,0.0,hist_gradient_boosting,Histogram Gradient Boosting
2014-10-05,11,65,0,0.00039434388178695315,1.0123283084506753,-0.00039434388178695315,0.00039434388178695315,hist_gradient_boosting,Histogram Gradient Boosting
2014-08-29,9,29,0,0.00010621137304112551,1.0123283084506753,-0.00010621137304112551,0.00010621137304112551,hist_gradient_boosting,Histogram Gradient Boosting
2014-10-20,15,28,0,0.00020209059197246688,1.0123283084506753,-0.00020209059197246688,0.00020209059197246688,hist_gradient_boosting,Histogram Gradient Boosting
2014-07-22,8,35,0,0.0,1.0123283084506753,0.0,0.0,hist_gradient_boosting,Histogram Gradient Boosting
2014-07-17,14,23,0,0.0,1.0123283084506753,0.0,0.0,hist_gradient_boosting,Histogram Gradient Boosting
2014-08-24,23,95,0,7.28922768251461e-05,1.0123283084506753,-7.28922768251461e-05,7.28922768251461e-05,hist_gradient_boosting,Histogram Gradient Boosting
2014-08-15,11,65,0,0.0001389427168832167,1.0123283084506753,-0.0001389427168832167,0.0001389427168832167,hist_gradient_boosting,Histogram Gradient Boosting
2014-07-25,24,17,0,0.0001306950293623216,1.0123283084506753,-0.0001306950293623216,0.0001306950293623216,hist_gradient_boosting,Histogram Gradient Boosting
2014-08-22,10,17,0,4.80256096342295e-05,1.0123283084506753,-4.80256096342295e-05,4.80256096342295e-05,hist_gradient_boosting,Histogram Gradient Boosting
2014-07-30,12,24,0,0.0,1.0123283084506753,0.0,0.0,hist_gradient_boosting,Histogram Gradient Boosting
2014-09-09,45,87,0,0.0,1.0123283084506753,0.0,0.0,hist_gradient_boosting,Histogram Gradient Boosting
2014-07-27,19,16,41,16.51123156211885,18.282500219345092,24.48876843788115,24.48876843788115,hist_gradient_boosting,Histogram Gradient Boosting
2014-09-26,20,40,0,0.0001389427168832167,1.0123283084506753,-0.0001389427168832167,0.0001389427168832167,hist_gradient_boosting,Histogram Gradient Boosting
2014-09-03,36,14,0,2.9718245623968948e-05,1.0123283084506753,-2.9718245623968948e-05,2.9718245623968948e-05,hist_gradient_boosting,Histogram Gradient Boosting
2014-10-22,11,92,0,0.00029811841901342736,1.0123283084506753,-0.00029811841901342736,0.00029811841901342736,hist_gradient_boosting,Histogram Gradient Boosting
2014-10-30,4,86,0,0.0,1.0123283084506753,0.0,0.0,hist_gradient_boosting,Histogram Gradient Boosting
2014-07-26,23,26,0,0.0005502952055705604,1.0123283084506753,-0.0005502952055705604,0.0005502952055705604,hist_gradient_boosting,Histogram Gradient Boosting
2014-07-23,8,72,0,0.0,1.0123283084506753,0.0,0.0,hist_gradient_boosting,Histogram Gradient Boosting
2014-07-10,19,41,0,0.0,1.0123283084506753,0.0,0.0,hist_gradient_boosting,Histogram Gradient Boosting
2014-10-30,42,90,0,0.0,1.0123283084506753,0.0,0.0,hist_gradient_boosting,Histogram Gradient Boosting
2014-09-27,2,9,0,0.0,1.0123283084506753,0.0,0.0,hist_gradient_boosting,Histogram Gradient Boosting
2014-09-22,25,67,0,0.00020734301083360948,1.0123283084506753,-0.00020734301083360948,0.00020734301083360948,hist_gradient_boosting,Histogram Gradient Boosting
2014-10-23,40,81,0,0.0,1.0123283084506753,0.0,0.0,hist_gradient_boosting,Histogram Gradient Boosting
2014-08-03,23,66,0,0.00045761269432173404,1.0123283084506753,-0.00045761269432173404,0.00045761269432173404,hist_gradient_boosting,Histogram Gradient Boosting
2014-09-05,37,82,0,2.0052342884023255e-05,1.0123283084506753,-2.0052342884023255e-05,2.0052342884023255e-05,hist_gradient_boosting,Histogram Gradient Boosting
2014-07-09,19,38,0,0.0,1.0123283084506753,0.0,0.0,hist_gradient_boosting,Histogram Gradient Boosting
2014-09-07,23,59,0,1.0375035289371824e-05,1.0123283084506753,-1.0375035289371824e-05,1.0375035289371824e-05,hist_gradient_boosting,Histogram Gradient Boosting
2014-10-26,34,81,0,0.0002643794515604371,1.0123283084506753,-0.0002643794515604371,0.0002643794515604371,hist_gradient_boosting,Histogram Gradient Boosting
2014-10-17,36,10,0,5.030489828178984e-06,1.0123283084506753,-5.030489828178984e-06,5.030489828178984e-06,hist_gradient_boosting,Histogram Gradient Boosting
2014-09-18,27,46,0,0.0,1.0123283084506753,0.0,0.0,hist_gradient_boosting,Histogram Gradient Boosting
2014-07-12,35,7,0,0.0002794122798237159,1.0123283084506753,-0.0002794122798237159,0.0002794122798237159,hist_gradient_boosting,Histogram Gradient Boosting
2014-10-11,10,103,0,0.00014796509915831682,1.0123283084506753,-0.00014796509915831682,0.00014796509915831682,hist_gradient_boosting,Histogram Gradient Boosting
2014-07-24,8,11,0,0.0,1.0123283084506753,0.0,0.0,hist_gradient_boosting,Histogram Gradient Boosting
2014-09-19,18,43,0,0.0,1.0123283084506753,0.0,0.0,hist_gradient_boosting,Histogram Gradient Boosting
2014-09-23,30,32,0,0.0,1.0123283084506753,0.0,0.0,hist_gradient_boosting,Histogram Gradient Boosting
2014-09-05,19,108,0,0.0,1.0123283084506753,0.0,0.0,hist_gradient_boosting,Histogram Gradient Boosting
2014-08-11,34,100,0,0.0001744150149892628,1.0123283084506753,-0.0001744150149892628,0.0001744150149892628,hist_gradient_boosting,Histogram Gradient Boosting
2014-10-30,33,68,0,6.07889383444324e-06,1.0123283084506753,-6.07889383444324e-06,6.07889383444324e-06,hist_gradient_boosting,Histogram Gradient Boosting
2014-08-02,16,108,0,0.000339545134213547,1.0123283084506753,-0.000339545134213547,0.000339545134213547,hist_gradient_boosting,Histogram Gradient Boosting
2014-09-17,16,97,0,0.0,1.0123283084506753,0.0,0.0,hist_gradient_boosting,Histogram Gradient Boosting
2014-10-24,26,86,0,0.0,1.0123283084506753,0.0,0.0,hist_gradient_boosting,Histogram Gradient Boosting
2014-08-20,10,10,0,5.492836816416472e-05,1.0123283084506753,-5.492836816416472e-05,5.492836816416472e-05,hist_gradient_boosting,Histogram Gradient Boosting
2014-10-05,1,22,0,0.0003564030485332209,1.0123283084506753,-0.0003564030485332209,0.0003564030485332209,hist_gradient_boosting,Histogram Gradient Boosting
2014-10-22,13,94,0,0.0,1.0123283084506753,0.0,0.0,hist_gradient_boosting,Histogram Gradient Boosting
2014-08-08,17,71,0,0.654204436695602,0.12750000059604646,-0.654204436695602,0.654204436695602,hist_gradient_boosting,Histogram Gradient Boosting
2014-10-07,14,111,0,0.0,1.0123283084506753,0.0,0.0,hist_gradient_boosting,Histogram Gradient Boosting
2014-10-05,17,70,0,0.0002897576586699272,1.0123283084506753,-0.0002897576586699272,0.0002897576586699272,hist_gradient_boosting,Histogram Gradient Boosting
2014-08-25,3,59,0,0.0004852560441932624,1.0123283084506753,-0.0004852560441932624,0.0004852560441932624,hist_gradient_boosting,Histogram Gradient Boosting
2014-07-11,45,34,0,0.0,1.0123283084506753,0.0,0.0,hist_gradient_boosting,Histogram Gradient Boosting
2014-07-18,45,94,0,3.0010442253159545e-05,1.0123283084506753,-3.0010442253159545e-05,3.0010442253159545e-05,hist_gradient_boosting,Histogram Gradient Boosting
2014-09-07,40,67,0,0.0001591543087111739,1.0123283084506753,-0.0001591543087111739,0.0001591543087111739,hist_gradient_boosting,Histogram Gradient Boosting
2014-09-27,21,27,0,0.0002643794515604371,1.0123283084506753,-0.0002643794515604371,0.0002643794515604371,hist_gradient_boosting,Histogram Gradient Boosting
2014-08-20,21,9,0,0.0016314242261762284,1.0123283084506753,-0.0016314242261762284,0.0016314242261762284,hist_gradient_boosting,Histogram Gradient Boosting
2014-09-17,34,111,0,4.346635936906237e-06,1.0123283084506753,-4.346635936906237e-06,4.346635936906237e-06,hist_gradient_boosting,Histogram Gradient Boosting
2014-07-01,13,74,0,0.0,1.0123283084506753,0.0,0.0,hist_gradient_boosting,Histogram Gradient Boosting
2014-10-27,25,86,0,0.00016738437966683787,1.0123283084506753,-0.00016738437966683787,0.00016738437966683787,hist_gradient_boosting,Histogram Gradient Boosting
2014-10-23,31,22,0,0.0,1.0123283084506753,0.0,0.0,hist_gradient_boosting,Histogram Gradient Boosting
2014-09-29,3,44,0,0.0,1.0123283084506753,0.0,0.0,hist_gradient_boosting,Histogram Gradient Boosting
2014-07-14,23,55,0,0.00014503557935640512,1.0123283084506753,-0.00014503557935640512,0.00014503557935640512,hist_gradient_boosting,Histogram Gradient Boosting
2014-07-06,39,62,0,0.0002233127653132574,1.0123283084506753,-0.0002233127653132574,0.0002233127653132574,hist_gradient_boosting,Histogram Gradient Boosting
2014-08-14,9,33,0,0.0,1.0123283084506753,0.0,0.0,hist_gradient_boosting,Histogram Gradient Boosting
2014-09-23,43,96,0,1.3729461330510455e-05,1.0123283084506753,-1.3729461330510455e-05,1.3729461330510455e-05,hist_gradient_boosting,Histogram Gradient Boosting
2014-08-16,33,75,0,0.00023989252258351228,1.0123283084506753,-0.00023989252258351228,0.00023989252258351228,hist_gradient_boosting,Histogram Gradient Boosting
2014-10-17,9,27,0,0.00012689292868187115,1.0123283084506753,-0.00012689292868187115,0.00012689292868187115,hist_gradient_boosting,Histogram Gradient Boosting
2014-08-24,32,97,0,0.00025358983371816436,1.0123283084506753,-0.00025358983371816436,0.00025358983371816436,hist_gradient_boosting,Histogram Gradient Boosting
2014-09-14,42,35,0,0.00018913984093986097,1.0123283084506753,-0.00018913984093986097,0.00018913984093986097,hist_gradient_boosting,Histogram Gradient Boosting
2014-08-21,38,70,0,6.07889383444324e-06,1.0123283084506753,-6.07889383444324e-06,6.07889383444324e-06,hist_gradient_boosting,Histogram Gradient Boosting
2014-10-21,9,101,0,0.0,1.0123283084506753,0.0,0.0,hist_gradient_boosting,Histogram Gradient Boosting
2014-10-08,37,69,0,0.0,1.0123283084506753,0.0,0.0,hist_gradient_boosting,Histogram Gradient Boosting
2014-07-10,15,21,0,3.546361368305834e-05,1.0123283084506753,-3.546361368305834e-05,3.546361368305834e-05,hist_gradient_boosting,Histogram Gradient Boosting
2014-08-18,38,102,0,0.00019557496985160103,1.0123283084506753,-0.00019557496985160103,0.00019557496985160103,hist_gradient_boosting,Histogram Gradient Boosting
2014-09-30,17,82,0,0.0,1.0123283084506753,0.0,0.0,hist_gradient_boosting,Histogram Gradient Boosting
2014-08-14,42,54,0,6.07889383444324e-06,1.0123283084506753,-6.07889383444324e-06,6.07889383444324e-06,hist_gradient_boosting,Histogram Gradient Boosting
2014-10-08,19,54,0,0.0,1.0123283084506753,0.0,0.0,hist_gradient_boosting,Histogram Gradient Boosting
2014-07-09,36,32,0,0.0,1.0123283084506753,0.0,0.0,hist_gradient_boosting,Histogram Gradient Boosting
2014-07-17,4,5,0,0.0012163301844023056,1.0123283084506753,-0.0012163301844023056,0.0012163301844023056,hist_gradient_boosting,Histogram Gradient Boosting
2014-07-01,43,66,0,0.0001835456737733711,1.0123283084506753,-0.0001835456737733711,0.0001835456737733711,hist_gradient_boosting,Histogram Gradient Boosting
2014-10-18,45,84,0,0.0002578634236709019,1.0123283084506753,-0.0002578634236709019,0.0002578634236709019,hist_gradient_boosting,Histogram Gradient Boosting
2014-07-05,8,46,0,0.0002233127653132574,1.0123283084506753,-0.0002233127653132574,0.0002233127653132574,hist_gradient_boosting,Histogram Gradient Boosting
2014-07-03,6,22,0,0.0,1.0123283084506753,0.0,0.0,hist_gradient_boosting,Histogram Gradient Boosting
2014-09-09,32,57,0,0.0,1.0123283084506753,0.0,0.0,hist_gradient_boosting,Histogram Gradient Boosting
2014-10-05,22,62,0,0.00030147471265106997,1.0123283084506753,-0.00030147471265106997,0.00030147471265106997,hist_gradient_boosting,Histogram Gradient Boosting
2014-07-28,8,57,0,0.0002377204207842064,1.0123283084506753,-0.0002377204207842064,0.0002377204207842064,hist_gradient_boosting,Histogram Gradient Boosting
2014-10-20,27,47,0,0.00022830923837367206,1.0123283084506753,-0.00022830923837367206,0.00022830923837367206,hist_gradient_boosting,Histogram Gradient Boosting
2014-10-07,12,70,0,0.0,1.0123283084506753,0.0,0.0,hist_gradient_boosting,Histogram Gradient Boosting
2014-09-12,21,88,0,7.351217360612332e-05,1.0123283084506753,-7.351217360612332e-05,7.351217360612332e-05,hist_gradient_boosting,Histogram Gradient Boosting
2014-08-03,2,67,0,0.00031103833970524166,1.0123283084506753,-0.00031103833970524166,0.00031103833970524166,hist_gradient_boosting,Histogram Gradient Boosting
2014-10-19,23,60,0,0.00013094925278919455,1.0123283084506753,-0.00013094925278919455,0.00013094925278919455,hist_gradient_boosting,Histogram Gradient Boosting
2014-09-20,22,34,0,0.0002713128214021343,1.0123283084506753,-0.0002713128214021343,0.0002713128214021343,hist_gradient_boosting,Histogram Gradient Boosting
2014-08-29,22,109,0,0.0017991691302710257,1.0123283084506753,-0.0017991691302710257,0.0017991691302710257,hist_gradient_boosting,Histogram Gradient Boosting
2014-09-24,25,50,0,0.0,1.0123283084506753,0.0,0.0,hist_gradient_boosting,Histogram Gradient Boosting
2014-10-02,17,103,0,0.0,1.0123283084506753,0.0,0.0,hist_gradient_boosting,Histogram Gradient Boosting
2014-09-28,1,73,0,0.00026630822480864385,1.0123283084506753,-0.00026630822480864385,0.00026630822480864385,hist_gradient_boosting,Histogram Gradient Boosting
2014-08-14,33,55,0,0.0,1.0123283084506753,0.0,0.0,hist_gradient_boosting,Histogram Gradient Boosting
2014-10-18,41,96,0,0.0002014014334552683,1.0123283084506753,-0.0002014014334552683,0.0002014014334552683,hist_gradient_boosting,Histogram Gradient Boosting
2014-10-22,40,58,0,0.0002629686113106442,1.0123283084506753,-0.0002629686113106442,0.0002629686113106442,hist_gradient_boosting,Histogram Gradient Boosting
2014-09-08,1,18,0,9.224999474883242e-05,1.0123283084506753,-9.224999474883242e-05,9.224999474883242e-05,hist_gradient_boosting,Histogram Gradient Boosting
2014-08-04,2,101,0,0.00016102646304623765,1.0123283084506753,-0.00016102646304623765,0.00016102646304623765,hist_gradient_boosting,Histogram Gradient Boosting
2014-07-08,16,12,0,0.0,1.0123283084506753,0.0,0.0,hist_gradient_boosting,Histogram Gradient Boosting
2014-10-08,6,60,0,0.0,1.0123283084506753,0.0,0.0,hist_gradient_boosting,Histogram Gradient Boosting
2014-08-31,14,9,1,4.002831992175717,5.860000061988831,-3.002831992175717,3.002831992175717,hist_gradient_boosting,Histogram Gradient Boosting
2014-10-22,10,44,0,0.0013209684076449573,1.0123283084506753,-0.0013209684076449573,0.0013209684076449573,hist_gradient_boosting,Histogram Gradient Boosting
2014-08-30,43,81,0,0.00017518349237925345,1.0123283084506753,-0.00017518349237925345,0.00017518349237925345,hist_gradient_boosting,Histogram Gradient Boosting
2014-07-20,1,50,0,0.00022206995509134993,1.0123283084506753,-0.00022206995509134993,0.00022206995509134993,hist_gradient_boosting,Histogram Gradient Boosting
2014-09-15,35,69,0,0.00017202231728631726,1.0123283084506753,-0.00017202231728631726,0.00017202231728631726,hist_gradient_boosting,Histogram Gradient Boosting
2014-08-14,15,105,0,0.00017141151756388672,1.0123283084506753,-0.00017141151756388672,0.00017141151756388672,hist_gradient_boosting,Histogram Gradient Boosting
2014-09-30,7,64,0,0.0,1.0123283084506753,0.0,0.0,hist_gradient_boosting,Histogram Gradient Boosting
2014-09-28,20,60,0,0.00023989252258351228,1.0123283084506753,-0.00023989252258351228,0.00023989252258351228,hist_gradient_boosting,Histogram Gradient Boosting
2014-08-27,26,52,0,0.0,1.0123283084506753,0.0,0.0,hist_gradient_boosting,Histogram Gradient Boosting
2014-07-28,3,96,0,0.00013353383992965027,1.0123283084506753,-0.00013353383992965027,0.00013353383992965027,hist_gradient_boosting,Histogram Gradient Boosting
2014-10-22,41,36,0,0.002446478916944699,1.0123283084506753,-0.002446478916944699,0.002446478916944699,hist_gradient_boosting,Histogram Gradient Boosting
2014-09-23,38,107,0,0.0,1.0123283084506753,0.0,0.0,hist_gradient_boosting,Histogram Gradient Boosting
2014-10-24,33,58,0,0.00039586656550190386,1.0123283084506753,-0.00039586656550190386,0.00039586656550190386,hist_gradient_boosting,Histogram Gradient Boosting
2014-09-30,8,13,0,0.0,1.0123283084506753,0.0,0.0,hist_gradient_boosting,Histogram Gradient Boosting
2014-10-28,5,75,0,0.0,1.0123283084506753,0.0,0.0,hist_gradient_boosting,Histogram Gradient Boosting
2014-10-21,18,63,0,0.0,1.0123283084506753,0.0,0.0,hist_gradient_boosting,Histogram Gradient Boosting
2014-07-01,27,38,0,0.0,1.0123283084506753,0.0,0.0,hist_gradient_boosting,Histogram Gradient Boosting
2014-08-24,27,50,0,0.0003141874562667162,1.0123283084506753,-0.0003141874562667162,0.0003141874562667162,hist_gradient_boosting,Histogram Gradient Boosting
2014-07-21,24,49,0,0.00020209059197246688,1.0123283084506753,-0.00020209059197246688,0.00020209059197246688,hist_gradient_boosting,Histogram Gradient Boosting
2014-07-02,8,110,0,0.0,1.0123283084506753,0.0,0.0,hist_gradient_boosting,Histogram Gradient Boosting
2014-09-21,17,18,0,0.0002014014334552683,1.0123283084506753,-0.0002014014334552683,0.0002014014334552683,hist_gradient_boosting,Histogram Gradient Boosting
2014-08-01,39,12,0,1.5409667219710093e-05,1.0123283084506753,-1.5409667219710093e-05,1.5409667219710093e-05,hist_gradient_boosting,Histogram Gradient Boosting
2014-09-12,27,52,0,8.560935762680007e-05,1.0123283084506753,-8.560935762680007e-05,8.560935762680007e-05,hist_gradient_boosting,Histogram Gradient Boosting
2014-08-12,34,79,0,0.0,1.0123283084506753,0.0,0.0,hist_gradient_boosting,Histogram Gradient Boosting
2014-10-19,35,26,0,2.3997249277345126e-06,1.0123283084506753,-2.3997249277345126e-06,2.3997249277345126e-06,hist_gradient_boosting,Histogram Gradient Boosting
2014-08-08,41,108,14,3.9909801035663395,6.675833272933961,10.00901989643366,10.00901989643366,hist_gradient_boosting,Histogram Gradient Boosting
2014-10-21,17,34,0,0.0,1.0123283084506753,0.0,0.0,hist_gradient_boosting,Histogram Gradient Boosting
2014-10-04,45,7,0,0.00028150872744732203,1.0123283084506753,-0.00028150872744732203,0.00028150872744732203,hist_gradient_boosting,Histogram Gradient Boosting
2014-08-28,31,39,0,0.0,1.0123283084506753,0.0,0.0,hist_gradient_boosting,Histogram Gradient Boosting
2014-09-20,30,4,0,0.0002661121598999148,1.0123283084506753,-0.0002661121598999148,0.0002661121598999148,hist_gradient_boosting,Histogram Gradient Boosting
2014-08-11,2,40,0,0.00021535681780297393,1.0123283084506753,-0.00021535681780297393,0.00021535681780297393,hist_gradient_boosting,Histogram Gradient Boosting
2014-07-11,12,93,0,0.0,1.0123283084506753,0.0,0.0,hist_gradient_boosting,Histogram Gradient Boosting
2014-08-22,37,15,0,0.0020646463183208704,1.0123283084506753,-0.0020646463183208704,0.0020646463183208704,hist_gradient_boosting,Histogram Gradient Boosting
2014-09-13,1,43,0,0.00048736230042478257,1.0123283084506753,-0.00048736230042478257,0.00048736230042478257,hist_gradient_boosting,Histogram Gradient Boosting
2014-10-13,4,65,0,0.00023332727806738994,1.0123283084506753,-0.00023332727806738994,0.00023332727806738994,hist_gradient_boosting,Histogram Gradient Boosting
2014-10-10,6,33,0,0.0001415087310304594,1.0123283084506753,-0.0001415087310304594,0.0001415087310304594,hist_gradient_boosting,Histogram Gradient Boosting
2014-07-25,40,7,0,0.00010621137304112551,1.0123283084506753,-0.00010621137304112551,0.00010621137304112551,hist_gradient_boosting,Histogram Gradient Boosting
2014-08-14,37,67,0,0.00026832100621526004,1.0123283084506753,-0.00026832100621526004,0.00026832100621526004,hist_gradient_boosting,Histogram Gradient Boosting
2014-09-14,14,11,0,0.0002335901576677543,1.0123283084506753,-0.0002335901576677543,0.0002335901576677543,hist_gradient_boosting,Histogram Gradient Boosting
2014-07-20,18,34,0,0.0002643794515604371,1.0123283084506753,-0.0002643794515604371,0.0002643794515604371,hist_gradient_boosting,Histogram Gradient Boosting
2014-09-26,40,61,0,0.00011262677216702314,1.0123283084506753,-0.00011262677216702314,0.00011262677216702314,hist_gradient_boosting,Histogram Gradient Boosting
2014-07-20,14,96,0,0.00019581843005853604,1.0123283084506753,-0.00019581843005853604,0.00019581843005853604,hist_gradient_boosting,Histogram Gradient Boosting
2014-10-29,22,48,0,0.0,1.0123283084506753,0.0,0.0,hist_gradient_boosting,Histogram Gradient Boosting
2014-07-03,32,76,0,4.633631362029894e-05,1.0123283084506753,-4.633631362029894e-05,4.633631362029894e-05,hist_gradient_boosting,Histogram Gradient Boosting
2014-10-27,5,81,0,0.00016186842676801734,1.0123283084506753,-0.00016186842676801734,0.00016186842676801734,hist_gradient_boosting,Histogram Gradient Boosting
2014-08-13,4,69,0,0.0,1.0123283084506753,0.0,0.0,hist_gradient_boosting,Histogram Gradient Boosting
2014-10-22,33,99,0,2.4045594087986417e-05,1.0123283084506753,-2.4045594087986417e-05,2.4045594087986417e-05,hist_gradient_boosting,Histogram Gradient Boosting
2014-10-16,12,27,0,0.0,1.0123283084506753,0.0,0.0,hist_gradient_boosting,Histogram Gradient Boosting
2014-09-12,7,61,0,9.02818495501593e-06,1.0123283084506753,-9.02818495501593e-06,9.02818495501593e-06,hist_gradient_boosting,Histogram Gradient Boosting
2014-09-18,23,68,0,0.0,1.0123283084506753,0.0,0.0,hist_gradient_boosting,Histogram Gradient Boosting
2014-08-26,8,36,0,0.0017908719679044082,1.0123283084506753,-0.0017908719679044082,0.0017908719679044082,hist_gradient_boosting,Histogram Gradient Boosting
2014-07-13,45,99,0,0.00023247508310827452,1.0123283084506753,-0.00023247508310827452,0.00023247508310827452,hist_gradient_boosting,Histogram Gradient Boosting
2014-10-19,7,40,0,0.00026804093648923966,1.0123283084506753,-0.00026804093648923966,0.00026804093648923966,hist_gradient_boosting,Histogram Gradient Boosting
2014-10-06,8,2,0,0.0006848115967727747,1.0123283084506753,-0.0006848115967727747,0.0006848115967727747,hist_gradient_boosting,Histogram Gradient Boosting
2014-09-02,35,27,0,3.5048048212948944e-06,1.0123283084506753,-3.5048048212948944e-06,3.5048048212948944e-06,hist_gradient_boosting,Histogram Gradient Boosting
2014-08-28,39,7,0,0.0,1.0123283084506753,0.0,0.0,hist_gradient_boosting,Histogram Gradient Boosting
2014-10-26,4,100,0,0.0002661121598999148,1.0123283084506753,-0.0002661121598999148,0.0002661121598999148,hist_gradient_boosting,Histogram Gradient Boosting
2014-09-16,27,66,0,0.0,1.0123283084506753,0.0,0.0,hist_gradient_boosting,Histogram Gradient Boosting
2014-08-31,3,53,0,0.0003065345901280382,1.0123283084506753,-0.0003065345901280382,0.0003065345901280382,hist_gradient_boosting,Histogram Gradient Boosting
2014-08-01,8,76,0,5.8241685920145606e-05,1.0123283084506753,-5.8241685920145606e-05,5.8241685920145606e-05,hist_gradient_boosting,Histogram Gradient Boosting
2014-07-02,30,84,0,2.1471458827233492e-05,1.0123283084506753,-2.1471458827233492e-05,2.1471458827233492e-05,hist_gradient_boosting,Histogram Gradient Boosting
2014-09-16,21,13,0,0.0,1.0123283084506753,0.0,0.0,hist_gradient_boosting,Histogram Gradient Boosting
2014-10-31,1,57,0,0.0,1.0123283084506753,0.0,0.0,hist_gradient_boosting,Histogram Gradient Boosting
2014-07-02,18,13,0,0.0,1.0123283084506753,0.0,0.0,hist_gradient_boosting,Histogram Gradient Boosting
2014-09-30,30,63,0,6.848857371205586e-05,1.0123283084506753,-6.848857371205586e-05,6.848857371205586e-05,hist_gradient_boosting,Histogram Gradient Boosting
2014-10-31,18,108,0,0.0,1.0123283084506753,0.0,0.0,hist_gradient_boosting,Histogram Gradient Boosting
2014-10-09,17,64,0,0.0,1.0123283084506753,0.0,0.0,hist_gradient_boosting,Histogram Gradient Boosting
2014-10-21,26,98,0,0.0,1.0123283084506753,0.0,0.0,hist_gradient_boosting,Histogram Gradient Boosting
2014-10-20,2,82,0,0.0003550403336491115,1.0123283084506753,-0.0003550403336491115,0.0003550403336491115,hist_gradient_boosting,Histogram Gradient Boosting
2014-08-04,30,108,0,0.00026901776896567095,1.0123283084506753,-0.00026901776896567095,0.00026901776896567095,hist_gradient_boosting,Histogram Gradient Boosting
2014-09-20,15,38,0,0.00036417919027244684,1.0123283084506753,-0.00036417919027244684,0.00036417919027244684,hist_gradient_boosting,Histogram Gradient Boosting
2014-08-08,14,5,0,0.001452393293106097,1.0123283084506753,-0.001452393293106097,0.001452393293106097,hist_gradient_boosting,Histogram Gradient Boosting
2014-08-25,7,30,0,0.00016360095753273455,1.0123283084506753,-0.00016360095753273455,0.00016360095753273455,hist_gradient_boosting,Histogram Gradient Boosting
2014-08-04,45,60,0,0.0001855114612987303,1.0123283084506753,-0.0001855114612987303,0.0001855114612987303,hist_gradient_boosting,Histogram Gradient Boosting
2014-10-07,25,39,0,3.5048048212948944e-06,1.0123283084506753,-3.5048048212948944e-06,3.5048048212948944e-06,hist_gradient_boosting,Histogram Gradient Boosting
2014-08-09,7,51,0,0.0003239621777214837,1.0123283084506753,-0.0003239621777214837,0.0003239621777214837,hist_gradient_boosting,Histogram Gradient Boosting
2014-09-14,28,46,0,0.00019565542114005716,1.0123283084506753,-0.00019565542114005716,0.00019565542114005716,hist_gradient_boosting,Histogram Gradient Boosting
2014-09-20,35,90,0,0.00026229454133972673,1.0123283084506753,-0.00026229454133972673,0.00026229454133972673,hist_gradient_boosting,Histogram Gradient Boosting
2014-10-26,27,36,0,0.0008260591316274143,1.0123283084506753,-0.0008260591316274143,0.0008260591316274143,hist_gradient_boosting,Histogram Gradient Boosting
2014-09-17,17,104,0,0.0,1.0123283084506753,0.0,0.0,hist_gradient_boosting,Histogram Gradient Boosting
2014-09-26,17,103,0,4.79259752309526e-05,1.0123283084506753,-4.79259752309526e-05,4.79259752309526e-05,hist_gradient_boosting,Histogram Gradient Boosting
2014-09-29,45,36,0,0.002558173630963999,1.0123283084506753,-0.002558173630963999,0.002558173630963999,hist_gradient_boosting,Histogram Gradient Boosting
2014-08-22,11,44,0,0.0027852807276964185,1.0123283084506753,-0.0027852807276964185,0.0027852807276964185,hist_gradient_boosting,Histogram Gradient Boosting
2014-09-18,30,24,0,0.0,1.0123283084506753,0.0,0.0,hist_gradient_boosting,Histogram Gradient Boosting
2014-08-13,22,31,0,0.0,1.0123283084506753,0.0,0.0,hist_gradient_boosting,Histogram Gradient Boosting
2014-07-24,25,22,0,0.0,1.0123283084506753,0.0,0.0,hist_gradient_boosting,Histogram Gradient Boosting
2014-07-09,16,47,0,0.0,1.0123283084506753,0.0,0.0,hist_gradient_boosting,Histogram Gradient Boosting
2014-08-07,14,70,0,0.8054770823176505,0.016944445110857485,-0.8054770823176505,0.8054770823176505,hist_gradient_boosting,Histogram Gradient Boosting
2014-10-12,22,39,0,0.00021277201921213776,1.0123283084506753,-0.00021277201921213776,0.00021277201921213776,hist_gradient_boosting,Histogram Gradient Boosting
2014-10-25,2,5,71,48.24631179894869,52.65972175598145,22.75368820105131,22.75368820105131,hist_gradient_boosting,Histogram Gradient Boosting
2014-10-21,12,67,0,0.0002725482256403345,1.0123283084506753,-0.0002725482256403345,0.0002725482256403345,hist_gradient_boosting,Histogram Gradient Boosting
2014-08-09,5,95,0,0.00014620316883327667,1.0123283084506753,-0.00014620316883327667,0.00014620316883327667,hist_gradient_boosting,Histogram Gradient Boosting
2014-09-23,33,84,0,0.0,1.0123283084506753,0.0,0.0,hist_gradient_boosting,Histogram Gradient Boosting
2014-10-07,20,104,0,2.4380597095968023e-05,1.0123283084506753,-2.4380597095968023e-05,2.4380597095968023e-05,hist_gradient_boosting,Histogram Gradient Boosting
2014-08-12,39,10,0,0.0,1.0123283084506753,0.0,0.0,hist_gradient_boosting,Histogram Gradient Boosting
2014-07-25,41,90,0,0.00011272641301641633,1.0123283084506753,-0.00011272641301641633,0.00011272641301641633,hist_gradient_boosting,Histogram Gradient Boosting
2014-09-25,9,4,0,0.0,1.0123283084506753,0.0,0.0,hist_gradient_boosting,Histogram Gradient Boosting
2014-08-18,16,58,0,0.00023992591903676088,1.0123283084506753,-0.00023992591903676088,0.00023992591903676088,hist_gradient_boosting,Histogram Gradient Boosting
2014-10-05,28,42,0,0.00026353740154206213,1.0123283084506753,-0.00026353740154206213,0.00026353740154206213,hist_gradient_boosting,Histogram Gradient Boosting
2014-07-12,8,90,0,0.0001480647435284544,1.0123283084506753,-0.0001480647435284544,0.0001480647435284544,hist_gradient_boosting,Histogram Gradient Boosting
2014-10-01,15,50,0,0.0,1.0123283084506753,0.0,0.0,hist_gradient_boosting,Histogram Gradient Boosting
2014-08-06,35,34,0,3.5048048212948944e-06,1.0123283084506753,-3.5048048212948944e-06,3.5048048212948944e-06,hist_gradient_boosting,Histogram Gradient Boosting
2014-09-17,36,25,0,0.0,1.0123283084506753,0.0,0.0,hist_gradient_boosting,Histogram Gradient Boosting
2014-10-06,13,48,0,0.0002257345773233129,1.0123283084506753,-0.0002257345773233129,0.0002257345773233129,hist_gradient_boosting,Histogram Gradient Boosting
2014-07-13,14,48,0,0.00020625632750919016,1.0123283084506753,-0.00020625632750919016,0.00020625632750919016,hist_gradient_boosting,Histogram Gradient Boosting
2014-07-01,9,92,0,0.0,1.0123283084506753,0.0,0.0,hist_gradient_boosting,Histogram Gradient Boosting
2014-08-15,43,91,0,7.424021747629475e-05,1.0123283084506753,-7.424021747629475e-05,7.424021747629475e-05,hist_gradient_boosting,Histogram Gradient Boosting
2014-10-20,25,6,0,0.00016638636643190804,1.0123283084506753,-0.00016638636643190804,0.00016638636643190804,hist_gradient_boosting,Histogram Gradient Boosting
2014-07-11,36,59,0,0.0003687418330504972,1.0123283084506753,-0.0003687418330504972,0.0003687418330504972,hist_gradient_boosting,Histogram Gradient Boosting
2014-08-07,44,99,0,0.0,1.0123283084506753,0.0,0.0,hist_gradient_boosting,Histogram Gradient Boosting
2014-07-13,6,22,0,0.00023899094560932222,1.0123283084506753,-0.00023899094560932222,0.00023899094560932222,hist_gradient_boosting,Histogram Gradient Boosting
2014-08-25,38,57,0,0.0004852560441932624,1.0123283084506753,-0.0004852560441932624,0.0004852560441932624,hist_gradient_boosting,Histogram Gradient Boosting
2014-08-06,7,82,0,0.00022113199550998115,1.0123283084506753,-0.00022113199550998115,0.00022113199550998115,hist_gradient_boosting,Histogram Gradient Boosting
2014-10-18,43,33,0,0.00023989252258351228,1.0123283084506753,-0.00023989252258351228,0.00023989252258351228,hist_gradient_boosting,Histogram Gradient Boosting
2014-09-24,10,73,0,0.0,1.0123283084506753,0.0,0.0,hist_gradient_boosting,Histogram Gradient Boosting
2014-10-10,1,64,0,0.00011182495066476557,1.0123283084506753,-0.00011182495066476557,0.00011182495066476557,hist_gradient_boosting,Histogram Gradient Boosting
2014-07-07,16,90,0,0.00021921880117829992,1.0123283084506753,-0.00021921880117829992,0.00021921880117829992,hist_gradient_boosting,Histogram Gradient Boosting
2014-07-13,2,99,0,0.00023899094560932222,1.0123283084506753,-0.00023899094560932222,0.00023899094560932222,hist_gradient_boosting,Histogram Gradient Boosting
2014-09-17,9,83,0,3.056009880679307e-05,1.0123283084506753,-3.056009880679307e-05,3.056009880679307e-05,hist_gradient_boosting,Histogram Gradient Boosting
2014-10-23,42,97,0,0.000274837102229128,1.0123283084506753,-0.000274837102229128,0.000274837102229128,hist_gradient_boosting,Histogram Gradient Boosting
2014-08-09,30,57,0,0.00031311599581221414,1.0123283084506753,-0.00031311599581221414,0.00031311599581221414,hist_gradient_boosting,Histogram Gradient Boosting
2014-09-28,3,76,0,0.0003493790781044685,1.0123283084506753,-0.0003493790781044685,0.0003493790781044685,hist_gradient_boosting,Histogram Gradient Boosting
2014-07-25,30,25,0,0.0008966734195420098,1.0123283084506753,-0.0008966734195420098,0.0008966734195420098,hist_gradient_boosting,Histogram Gradient Boosting
2014-07-23,15,80,0,0.0,1.0123283084506753,0.0,0.0,hist_gradient_boosting,Histogram Gradient Boosting
2014-10-19,42,10,0,0.0001321829056673516,1.0123283084506753,-0.0001321829056673516,0.0001321829056673516,hist_gradient_boosting,Histogram Gradient Boosting
2014-08-22,44,82,0,0.0,1.0123283084506753,0.0,0.0,hist_gradient_boosting,Histogram Gradient Boosting
2014-09-14,26,89,0,0.00015543351471981393,1.0123283084506753,-0.00015543351471981393,0.00015543351471981393,hist_gradient_boosting,Histogram Gradient Boosting
2014-10-02,28,65,0,6.76466886000002e-05,1.0123283084506753,-6.76466886000002e-05,6.76466886000002e-05,hist_gradient_boosting,Histogram Gradient Boosting
2014-07-18,33,18,0,7.424021747629475e-05,1.0123283084506753,-7.424021747629475e-05,7.424021747629475e-05,hist_gradient_boosting,Histogram Gradient Boosting
2014-10-24,43,79,0,8.840618798791088e-05,1.0123283084506753,-8.840618798791088e-05,8.840618798791088e-05,hist_gradient_boosting,Histogram Gradient Boosting
2014-07-04,38,5,0,0.0,1.0123283084506753,0.0,0.0,hist_gradient_boosting,Histogram Gradient Boosting
2014-08-04,11,28,0,0.0002571544314017542,1.0123283084506753,-0.0002571544314017542,0.0002571544314017542,hist_gradient_boosting,Histogram Gradient Boosting
2014-10-28,34,80,0,0.0,1.0123283084506753,0.0,0.0,hist_gradient_boosting,Histogram Gradient Boosting
2014-07-03,43,23,0,0.0,1.0123283084506753,0.0,0.0,hist_gradient_boosting,Histogram Gradient Boosting
2014-10-07,10,54,0,0.0,1.0123283084506753,0.0,0.0,hist_gradient_boosting,Histogram Gradient Boosting
2014-09-10,36,75,0,0.0,1.0123283084506753,0.0,0.0,hist_gradient_boosting,Histogram Gradient Boosting
2014-09-23,17,79,0,0.0,1.0123283084506753,0.0,0.0,hist_gradient_boosting,Histogram Gradient Boosting
2014-09-19,35,47,0,9.471008009551952e-05,1.0123283084506753,-9.471008009551952e-05,9.471008009551952e-05,hist_gradient_boosting,Histogram Gradient Boosting
2014-08-28,43,101,0,0.0,1.0123283084506753,0.0,0.0,hist_gradient_boosting,Histogram Gradient Boosting
2014-08-14,17,85,0,6.07889383444324e-06,1.0123283084506753,-6.07889383444324e-06,6.07889383444324e-06,hist_gradient_boosting,Histogram Gradient Boosting
2014-10-21,5,44,0,0.00032161814485345895,1.0123283084506753,-0.00032161814485345895,0.00032161814485345895,hist_gradient_boosting,Histogram Gradient Boosting
2014-09-23,13,43,0,0.002755854504046443,1.0123283084506753,-0.002755854504046443,0.002755854504046443,hist_gradient_boosting,Histogram Gradient Boosting
2014-08-23,15,83,0,0.0003327559743562107,1.0123283084506753,-0.0003327559743562107,0.0003327559743562107,hist_gradient_boosting,Histogram Gradient Boosting
2014-09-20,15,52,0,0.0003379569823581426,1.0123283084506753,-0.0003379569823581426,0.0003379569823581426,hist_gradient_boosting,Histogram Gradient Boosting
2014-08-13,13,37,0,0.0,1.0123283084506753,0.0,0.0,hist_gradient_boosting,Histogram Gradient Boosting
2014-10-18,24,111,0,0.0002335901576677543,1.0123283084506753,-0.0002335901576677543,0.0002335901576677543,hist_gradient_boosting,Histogram Gradient Boosting
2014-10-16,14,71,0,0.0,1.0123283084506753,0.0,0.0,hist_gradient_boosting,Histogram Gradient Boosting
2014-09-20,28,4,0,0.00029059973076125316,1.0123283084506753,-0.00029059973076125316,0.00029059973076125316,hist_gradient_boosting,Histogram Gradient Boosting
2014-07-02,12,99,0,4.3883585485464296e-05,1.0123283084506753,-4.3883585485464296e-05,4.3883585485464296e-05,hist_gradient_boosting,Histogram Gradient Boosting
2014-09-05,45,99,0,0.00016258520946830306,1.0123283084506753,-0.00016258520946830306,0.00016258520946830306,hist_gradient_boosting,Histogram Gradient Boosting
2014-10-31,12,97,0,0.0,1.0123283084506753,0.0,0.0,hist_gradient_boosting,Histogram Gradient Boosting
2014-08-31,22,63,0,0.0002661121598999148,1.0123283084506753,-0.0002661121598999148,0.0002661121598999148,hist_gradient_boosting,Histogram Gradient Boosting
2014-10-28,26,20,0,0.0,1.0123283084506753,0.0,0.0,hist_gradient_boosting,Histogram Gradient Boosting
2014-10-29,37,22,0,0.0,1.0123283084506753,0.0,0.0,hist_gradient_boosting,Histogram Gradient Boosting
2014-10-07,17,101,0,3.5048048212948944e-06,1.0123283084506753,-3.5048048212948944e-06,3.5048048212948944e-06,hist_gradient_boosting,Histogram Gradient Boosting
2014-10-10,43,101,0,4.539187660317272e-05,1.0123283084506753,-4.539187660317272e-05,4.539187660317272e-05,hist_gradient_boosting,Histogram Gradient Boosting
2014-07-26,6,29,0,0.00023989252258351228,1.0123283084506753,-0.00023989252258351228,0.00023989252258351228,hist_gradient_boosting,Histogram Gradient Boosting
2014-09-03,35,32,0,3.5048048212948944e-06,1.0123283084506753,-3.5048048212948944e-06,3.5048048212948944e-06,hist_gradient_boosting,Histogram Gradient Boosting
2014-08-09,30,30,0,0.00023899094560932222,1.0123283084506753,-0.00023899094560932222,0.00023899094560932222,hist_gradient_boosting,Histogram Gradient Boosting
2014-10-01,32,85,0,5.140830443417641e-05,1.0123283084506753,-5.140830443417641e-05,5.140830443417641e-05,hist_gradient_boosting,Histogram Gradient Boosting
2014-10-08,39,23,0,0.0,1.0123283084506753,0.0,0.0,hist_gradient_boosting,Histogram Gradient Boosting
2014-09-09,16,46,0,0.0,1.0123283084506753,0.0,0.0,hist_gradient_boosting,Histogram Gradient Boosting
2014-09-12,10,3,0,0.0,1.0123283084506753,0.0,0.0,hist_gradient_boosting,Histogram Gradient Boosting
2014-08-22,10,76,0,9.085902531979336e-05,1.0123283084506753,-9.085902531979336e-05,9.085902531979336e-05,hist_gradient_boosting,Histogram Gradient Boosting
2014-10-15,11,111,0,0.0,1.0123283084506753,0.0,0.0,hist_gradient_boosting,Histogram Gradient Boosting
2014-10-30,7,45,0,0.0,1.0123283084506753,0.0,0.0,hist_gradient_boosting,Histogram Gradient Boosting
2014-07-26,42,14,0,0.0002661121598999148,1.0123283084506753,-0.0002661121598999148,0.0002661121598999148,hist_gradient_boosting,Histogram Gradient Boosting
2014-08-31,20,77,0,0.00023989252258351228,1.0123283084506753,-0.00023989252258351228,0.00023989252258351228,hist_gradient_boosting,Histogram Gradient Boosting
2014-09-23,1,102,0,0.0,1.0123283084506753,0.0,0.0,hist_gradient_boosting,Histogram Gradient Boosting
2014-07-11,39,82,0,0.0002385412871284144,1.0123283084506753,-0.0002385412871284144,0.0002385412871284144,hist_gradient_boosting,Histogram Gradient Boosting
2014-08-07,8,85,0,5.420002931261741e-05,1.0123283084506753,-5.420002931261741e-05,5.420002931261741e-05,hist_gradient_boosting,Histogram Gradient Boosting
2014-09-18,23,85,0,3.349166700872999e-05,1.0123283084506753,-3.349166700872999e-05,3.349166700872999e-05,hist_gradient_boosting,Histogram Gradient Boosting
2014-08-15,27,25,0,0.0004372103761615324,1.0123283084506753,-0.0004372103761615324,0.0004372103761615324,hist_gradient_boosting,Histogram Gradient Boosting
2014-08-24,4,28,0,0.00023337665420931659,1.0123283084506753,-0.00023337665420931659,0.00023337665420931659,hist_gradient_boosting,Histogram Gradient Boosting
2014-08-27,31,106,0,0.0,1.0123283084506753,0.0,0.0,hist_gradient_boosting,Histogram Gradient Boosting
2014-08-04,43,13,0,0.00014229757155489062,1.0123283084506753,-0.00014229757155489062,0.00014229757155489062,hist_gradient_boosting,Histogram Gradient Boosting
2014-10-06,44,6,0,0.0,1.0123283084506753,0.0,0.0,hist_gradient_boosting,Histogram Gradient Boosting
2014-07-10,30,80,0,0.0,1.0123283084506753,0.0,0.0,hist_gradient_boosting,Histogram Gradient Boosting
2014-08-09,7,1,0,0.0005124782003083817,1.0123283084506753,-0.0005124782003083817,0.0005124782003083817,hist_gradient_boosting,Histogram Gradient Boosting
2014-07-31,5,38,0,0.0,1.0123283084506753,0.0,0.0,hist_gradient_boosting,Histogram Gradient Boosting
2014-07-21,13,11,0,0.00022657659551820575,1.0123283084506753,-0.00022657659551820575,0.00022657659551820575,hist_gradient_boosting,Histogram Gradient Boosting
2014-10-19,12,59,0,0.0001378117297622493,1.0123283084506753,-0.0001378117297622493,0.0001378117297622493,hist_gradient_boosting,Histogram Gradient Boosting
2014-08-25,6,22,0,0.00022830923837367206,1.0123283084506753,-0.00022830923837367206,0.00022830923837367206,hist_gradient_boosting,Histogram Gradient Boosting
2014-08-09,5,14,0,0.00023899094560932222,1.0123283084506753,-0.00023899094560932222,0.00023899094560932222,hist_gradient_boosting,Histogram Gradient Boosting
2014-09-06,30,59,0,7.435437058686297e-05,1.0123283084506753,-7.435437058686297e-05,7.435437058686297e-05,hist_gradient_boosting,Histogram Gradient Boosting
2014-09-26,20,8,0,0.00010351595712271604,1.0123283084506753,-0.00010351595712271604,0.00010351595712271604,hist_gradient_boosting,Histogram Gradient Boosting
2014-08-29,45,35,0,6.849493568386815e-05,1.0123283084506753,-6.849493568386815e-05,6.849493568386815e-05,hist_gradient_boosting,Histogram Gradient Boosting
2014-07-01,17,49,0,3.264976799605884e-05,1.0123283084506753,-3.264976799605884e-05,3.264976799605884e-05,hist_gradient_boosting,Histogram Gradient Boosting
2014-08-31,14,8,0,0.0005319299477989105,1.0123283084506753,-0.0005319299477989105,0.0005319299477989105,hist_gradient_boosting,Histogram Gradient Boosting
2014-10-04,15,85,0,0.0003564030485332209,1.0123283084506753,-0.0003564030485332209,0.0003564030485332209,hist_gradient_boosting,Histogram Gradient Boosting
2014-07-21,12,23,0,0.00013738400730781126,1.0123283084506753,-0.00013738400730781126,0.00013738400730781126,hist_gradient_boosting,Histogram Gradient Boosting
2014-10-17,4,98,0,0.00015065800426942985,1.0123283084506753,-0.00015065800426942985,0.00015065800426942985,hist_gradient_boosting,Histogram Gradient Boosting
2014-09-15,28,27,0,0.00020209059197246688,1.0123283084506753,-0.00020209059197246688,0.00020209059197246688,hist_gradient_boosting,Histogram Gradient Boosting
2014-10-31,44,26,0,0.0,1.0123283084506753,0.0,0.0,hist_gradient_boosting,Histogram Gradient Boosting
2014-07-26,5,70,0,0.0002595961207229878,1.0123283084506753,-0.0002595961207229878,0.0002595961207229878,hist_gradient_boosting,Histogram Gradient Boosting
2014-08-05,45,60,0,0.0,1.0123283084506753,0.0,0.0,hist_gradient_boosting,Histogram Gradient Boosting
2014-07-14,13,90,0,0.00020209059197246688,1.0123283084506753,-0.00020209059197246688,0.00020209059197246688,hist_gradient_boosting,Histogram Gradient Boosting
2014-09-03,45,98,0,0.0,1.0123283084506753,0.0,0.0,hist_gradient_boosting,Histogram Gradient Boosting
2014-10-02,2,59,0,0.0,1.0123283084506753,0.0,0.0,hist_gradient_boosting,Histogram Gradient Boosting
2014-08-03,17,108,0,0.0003780565443861541,1.0123283084506753,-0.0003780565443861541,0.0003780565443861541,hist_gradient_boosting,Histogram Gradient Boosting
2014-09-19,19,83,17,7.678784657458888,6.573333382606507,9.321215342541112,9.321215342541112,hist_gradient_boosting,Histogram Gradient Boosting
2014-10-30,19,97,0,0.0,1.0123283084506753,0.0,0.0,hist_gradient_boosting,Histogram Gradient Boosting
2014-08-30,24,44,0,0.001033578784699577,1.0123283084506753,-0.001033578784699577,0.001033578784699577,hist_gradient_boosting,Histogram Gradient Boosting
2014-10-05,11,107,0,0.0003681208831757917,1.0123283084506753,-0.0003681208831757917,0.0003681208831757917,hist_gradient_boosting,Histogram Gradient Boosting
2014-10-05,38,92,0,0.00012611631900712536,1.0123283084506753,-0.00012611631900712536,0.00012611631900712536,hist_gradient_boosting,Histogram Gradient Boosting
2014-09-27,29,50,0,0.0002643794515604371,1.0123283084506753,-0.0002643794515604371,0.0002643794515604371,hist_gradient_boosting,Histogram Gradient Boosting
2014-10-04,35,30,0,0.0003564030485332209,1.0123283084506753,-0.0003564030485332209,0.0003564030485332209,hist_gradient_boosting,Histogram Gradient Boosting
2014-08-05,4,78,0,0.0,1.0123283084506753,0.0,0.0,hist_gradient_boosting,Histogram Gradient Boosting
2014-07-31,4,65,0,0.0,1.0123283084506753,0.0,0.0,hist_gradient_boosting,Histogram Gradient Boosting
2014-07-21,1,23,0,9.315143945637037e-05,1.0123283084506753,-9.315143945637037e-05,9.315143945637037e-05,hist_gradient_boosting,Histogram Gradient Boosting
2014-09-22,25,89,0,0.00019557496985160103,1.0123283084506753,-0.00019557496985160103,0.00019557496985160103,hist_gradient_boosting,Histogram Gradient Boosting
2014-09-07,14,66,0,0.0001812881647834008,1.0123283084506753,-0.0001812881647834008,0.0001812881647834008,hist_gradient_boosting,Histogram Gradient Boosting
2014-09-22,18,68,0,0.00011936723019755852,1.0123283084506753,-0.00011936723019755852,0.00011936723019755852,hist_gradient_boosting,Histogram Gradient Boosting
2014-07-05,8,23,16,15.561026338039932,15.660277891159058,0.43897366196006793,0.43897366196006793,hist_gradient_boosting,Histogram Gradient Boosting
2014-08-03,16,77,1,1.2269953561343594,1.9536111086606982,-0.2269953561343594,0.2269953561343594,hist_gradient_boosting,Histogram Gradient Boosting
2014-08-17,25,40,0,0.0002661121598999148,1.0123283084506753,-0.0002661121598999148,0.0002661121598999148,hist_gradient_boosting,Histogram Gradient Boosting
2014-10-14,4,13,0,0.0,1.0123283084506753,0.0,0.0,hist_gradient_boosting,Histogram Gradient Boosting
2014-08-29,38,13,0,0.00019790373911981343,1.0123283084506753,-0.00019790373911981343,0.00019790373911981343,hist_gradient_boosting,Histogram Gradient Boosting
2014-10-30,9,52,0,0.0,1.0123283084506753,0.0,0.0,hist_gradient_boosting,Histogram Gradient Boosting
2014-09-27,34,43,0,0.0010927445746937324,1.0123283084506753,-0.0010927445746937324,0.0010927445746937324,hist_gradient_boosting,Histogram Gradient Boosting
2014-10-08,15,95,0,0.0007132984818531331,1.0123283084506753,-0.0007132984818531331,0.0007132984818531331,hist_gradient_boosting,Histogram Gradient Boosting
2014-09-03,17,30,0,2.9718245623968948e-05,1.0123283084506753,-2.9718245623968948e-05,2.9718245623968948e-05,hist_gradient_boosting,Histogram Gradient Boosting
2014-10-05,42,78,0,0.0003308686045522512,1.0123283084506753,-0.0003308686045522512,0.0003308686045522512,hist_gradient_boosting,Histogram Gradient Boosting
2014-10-07,7,106,0,2.7985946777227063e-05,1.0123283084506753,-2.7985946777227063e-05,2.7985946777227063e-05,hist_gradient_boosting,Histogram Gradient Boosting
2014-07-28,28,102,0,0.00010731767784391223,1.0123283084506753,-0.00010731767784391223,0.00010731767784391223,hist_gradient_boosting,Histogram Gradient Boosting
2014-09-22,43,58,0,0.00015525342157035864,1.0123283084506753,-0.00015525342157035864,0.00015525342157035864,hist_gradient_boosting,Histogram Gradient Boosting
2014-07-22,22,16,0,0.0015544245788077908,1.0123283084506753,-0.0015544245788077908,0.0015544245788077908,hist_gradient_boosting,Histogram Gradient Boosting
2014-07-28,24,49,0,0.00019578846524113155,1.0123283084506753,-0.00019578846524113155,0.00019578846524113155,hist_gradient_boosting,Histogram Gradient Boosting
2014-09-13,38,12,0,0.00018270342341879258,1.0123283084506753,-0.00018270342341879258,0.00018270342341879258,hist_gradient_boosting,Histogram Gradient Boosting
2014-07-22,15,91,0,6.07889383444324e-06,1.0123283084506753,-6.07889383444324e-06,6.07889383444324e-06,hist_gradient_boosting,Histogram Gradient Boosting
2014-08-28,6,11,0,0.0,1.0123283084506753,0.0,0.0,hist_gradient_boosting,Histogram Gradient Boosting
2014-07-19,36,79,0,0.0002014014334552683,1.0123283084506753,-0.0002014014334552683,0.0002014014334552683,hist_gradient_boosting,Histogram Gradient Boosting
2014-09-23,27,23,0,0.0,1.0123283084506753,0.0,0.0,hist_gradient_boosting,Histogram Gradient Boosting
2014-10-25,31,45,76,65.91373491086537,68.4016664505005,10.086265089134628,10.086265089134628,hist_gradient_boosting,Histogram Gradient Boosting
2014-10-15,38,95,0,0.0,1.0123283084506753,0.0,0.0,hist_gradient_boosting,Histogram Gradient Boosting
2014-10-07,30,93,0,0.0015546795804153612,1.0123283084506753,-0.0015546795804153612,0.0015546795804153612,hist_gradient_boosting,Histogram Gradient Boosting
2014-10-14,14,96,0,0.0,1.0123283084506753,0.0,0.0,hist_gradient_boosting,Histogram Gradient Boosting
2014-08-31,27,49,0,0.0003065345901280382,1.0123283084506753,-0.0003065345901280382,0.0003065345901280382,hist_gradient_boosting,Histogram Gradient Boosting
2014-10-07,24,99,0,2.9718245623968948e-05,1.0123283084506753,-2.9718245623968948e-05,2.9718245623968948e-05,hist_gradient_boosting,Histogram Gradient Boosting
2014-09-23,30,82,0,0.0,1.0123283084506753,0.0,0.0,hist_gradient_boosting,Histogram Gradient Boosting
2014-10-29,34,11,0,0.0,1.0123283084506753,0.0,0.0,hist_gradient_boosting,Histogram Gradient Boosting
2014-07-14,37,100,0,0.00020855821166571202,1.0123283084506753,-0.00020855821166571202,0.00020855821166571202,hist_gradient_boosting,Histogram Gradient Boosting
2014-07-05,6,45,81,82.2962787778315,66.69555702209473,-1.2962787778315032,1.2962787778315032,hist_gradient_boosting,Histogram Gradient Boosting
2014-07-07,10,75,0,0.00016102646304623765,1.0123283084506753,-0.00016102646304623765,0.00016102646304623765,hist_gradient_boosting,Histogram Gradient Boosting
2014-10-13,22,27,0,0.0001749711135625984,1.0123283084506753,-0.0001749711135625984,0.0001749711135625984,hist_gradient_boosting,Histogram Gradient Boosting
2014-07-05,44,67,0,4.578965450505478e-05,1.0123283084506753,-4.578965450505478e-05,4.578965450505478e-05,hist_gradient_boosting,Histogram Gradient Boosting
2014-08-08,19,80,0,5.88384174567463e-05,1.0123283084506753,-5.88384174567463e-05,5.88384174567463e-05,hist_gradient_boosting,Histogram Gradient Boosting
2014-08-09,22,42,0,0.00021277201921213776,1.0123283084506753,-0.00021277201921213776,0.00021277201921213776,hist_gradient_boosting,Histogram Gradient Boosting
2014-10-16,8,68,0,0.0,1.0123283084506753,0.0,0.0,hist_gradient_boosting,Histogram Gradient Boosting
2014-10-19,4,54,0,0.0002661121598999148,1.0123283084506753,-0.0002661121598999148,0.0002661121598999148,hist_gradient_boosting,Histogram Gradient Boosting
2014-10-24,17,8,0,0.0003867531702028323,1.0123283084506753,-0.0003867531702028323,0.0003867531702028323,hist_gradient_boosting,Histogram Gradient Boosting
2014-08-10,42,8,0,0.00031817257944119254,1.0123283084506753,-0.00031817257944119254,0.00031817257944119254,hist_gradient_boosting,Histogram Gradient Boosting
2014-10-12,35,42,0,0.0002794122798237159,1.0123283084506753,-0.0002794122798237159,0.0002794122798237159,hist_gradient_boosting,Histogram Gradient Boosting
2014-07-21,6,25,0,0.0005307350229096433,1.0123283084506753,-0.0005307350229096433,0.0005307350229096433,hist_gradient_boosting,Histogram Gradient Boosting
2014-08-15,17,77,0,0.00011272641301641633,1.0123283084506753,-0.00011272641301641633,0.00011272641301641633,hist_gradient_boosting,Histogram Gradient Boosting
2014-08-13,33,99,0,0.0,1.0123283084506753,0.0,0.0,hist_gradient_boosting,Histogram Gradient Boosting
2014-08-17,20,103,0,0.0005230686768423029,1.0123283084506753,-0.0005230686768423029,0.0005230686768423029,hist_gradient_boosting,Histogram Gradient Boosting
2014-10-27,10,65,0,0.0001880860188115713,1.0123283084506753,-0.0001880860188115713,0.0001880860188115713,hist_gradient_boosting,Histogram Gradient Boosting
2014-09-22,6,71,0,0.00015785516237578744,1.0123283084506753,-0.00015785516237578744,0.00015785516237578744,hist_gradient_boosting,Histogram Gradient Boosting
2014-09-12,27,11,0,8.560935762680007e-05,1.0123283084506753,-8.560935762680007e-05,8.560935762680007e-05,hist_gradient_boosting,Histogram Gradient Boosting
2014-08-13,18,34,0,0.0,1.0123283084506753,0.0,0.0,hist_gradient_boosting,Histogram Gradient Boosting
2014-09-21,21,93,0,0.0,1.0123283084506753,0.0,0.0,hist_gradient_boosting,Histogram Gradient Boosting
2014-08-02,22,104,0,0.07730308451713262,0.02000000029802323,-0.07730308451713262,0.07730308451713262,hist_gradient_boosting,Histogram Gradient Boosting
2014-09-19,12,106,0,8.015891721860996e-05,1.0123283084506753,-8.015891721860996e-05,8.015891721860996e-05,hist_gradient_boosting,Histogram Gradient Boosting
2014-09-17,12,92,0,0.0,1.0123283084506753,0.0,0.0,hist_gradient_boosting,Histogram Gradient Boosting
2014-10-21,42,90,0,4.346635936906237e-06,1.0123283084506753,-4.346635936906237e-06,4.346635936906237e-06,hist_gradient_boosting,Histogram Gradient Boosting
2014-10-31,29,29,0,0.00010642484935567068,1.0123283084506753,-0.00010642484935567068,0.00010642484935567068,hist_gradient_boosting,Histogram Gradient Boosting
2014-10-28,14,47,0,0.0,1.0123283084506753,0.0,0.0,hist_gradient_boosting,Histogram Gradient Boosting
2014-08-23,40,20,0,0.0003065345901280382,1.0123283084506753,-0.0003065345901280382,0.0003065345901280382,hist_gradient_boosting,Histogram Gradient Boosting
2014-08-24,3,76,0,0.0003493790781044685,1.0123283084506753,-0.0003493790781044685,0.0003493790781044685,hist_gradient_boosting,Histogram Gradient Boosting
2014-09-12,31,31,0,7.351217360612332e-05,1.0123283084506753,-7.351217360612332e-05,7.351217360612332e-05,hist_gradient_boosting,Histogram Gradient Boosting
2014-08-04,42,36,0,0.0016803938445881612,1.0123283084506753,-0.0016803938445881612,0.0016803938445881612,hist_gradient_boosting,Histogram Gradient Boosting
2014-09-28,42,79,0,0.0002014014334552683,1.0123283084506753,-0.0002014014334552683,0.0002014014334552683,hist_gradient_boosting,Histogram Gradient Boosting
2014-07-31,4,96,0,0.0,1.0123283084506753,0.0,0.0,hist_gradient_boosting,Histogram Gradient Boosting
2014-10-19,7,12,0,0.0002418212486144687,1.0123283084506753,-0.0002418212486144687,0.0002418212486144687,hist_gradient_boosting,Histogram Gradient Boosting
2014-09-07,13,57,0,8.830687022268481e-05,1.0123283084506753,-8.830687022268481e-05,8.830687022268481e-05,hist_gradient_boosting,Histogram Gradient Boosting
2014-07-23,24,55,0,0.0,1.0123283084506753,0.0,0.0,hist_gradient_boosting,Histogram Gradient Boosting
2014-08-31,32,83,0,0.0003327559743562107,1.0123283084506753,-0.0003327559743562107,0.0003327559743562107,hist_gradient_boosting,Histogram Gradient Boosting
2014-10-20,32,27,0,0.00020209059197246688,1.0123283084506753,-0.00020209059197246688,0.00020209059197246688,hist_gradient_boosting,Histogram Gradient Boosting
2014-08-26,1,5,0,0.0014658277832665608,1.0123283084506753,-0.0014658277832665608,0.0014658277832665608,hist_gradient_boosting,Histogram Gradient Boosting
2014-09-07,4,80,0,0.00026353740154206213,1.0123283084506753,-0.00026353740154206213,0.00026353740154206213,hist_gradient_boosting,Histogram Gradient Boosting
2014-08-30,42,61,0,0.00045834132697847427,1.0123283084506753,-0.00045834132697847427,0.00045834132697847427,hist_gradient_boosting,Histogram Gradient Boosting
2014-10-06,3,37,0,8.638132601743364e-05,1.0123283084506753,-8.638132601743364e-05,8.638132601743364e-05,hist_gradient_boosting,Histogram Gradient Boosting
2014-07-16,14,12,0,0.0,1.0123283084506753,0.0,0.0,hist_gradient_boosting,Histogram Gradient Boosting
2014-07-26,20,43,0,0.0004580390452373581,1.0123283084506753,-0.0004580390452373581,0.0004580390452373581,hist_gradient_boosting,Histogram Gradient Boosting
2014-10-04,32,101,0,0.00033018104445229024,1.0123283084506753,-0.00033018104445229024,0.00033018104445229024,hist_gradient_boosting,Histogram Gradient Boosting
2014-10-17,12,39,0,4.80256096342295e-05,1.0123283084506753,-4.80256096342295e-05,4.80256096342295e-05,hist_gradient_boosting,Histogram Gradient Boosting
2014-10-31,23,72,0,7.614598069517354e-05,1.0123283084506753,-7.614598069517354e-05,7.614598069517354e-05,hist_gradient_boosting,Histogram Gradient Boosting
2014-10-20,13,37,0,0.0001261656370385528,1.0123283084506753,-0.0001261656370385528,0.0001261656370385528,hist_gradient_boosting,Histogram Gradient Boosting
2014-07-24,19,106,0,1.1278203351446309e-05,1.0123283084506753,-1.1278203351446309e-05,1.1278203351446309e-05,hist_gradient_boosting,Histogram Gradient Boosting
2014-08-05,22,96,0,4.3883585485464296e-05,1.0123283084506753,-4.3883585485464296e-05,4.3883585485464296e-05,hist_gradient_boosting,Histogram Gradient Boosting
2014-08-30,28,20,0,0.00023989252258351228,1.0123283084506753,-0.00023989252258351228,0.00023989252258351228,hist_gradient_boosting,Histogram Gradient Boosting
2014-08-01,11,66,0,0.0005752354499570742,1.0123283084506753,-0.0005752354499570742,0.0005752354499570742,hist_gradient_boosting,Histogram Gradient Boosting
2014-07-26,13,69,0,0.0002643794515604371,1.0123283084506753,-0.0002643794515604371,0.0002643794515604371,hist_gradient_boosting,Histogram Gradient Boosting
2014-10-30,2,100,0,0.0,1.0123283084506753,0.0,0.0,hist_gradient_boosting,Histogram Gradient Boosting
2014-07-17,22,30,0,6.07889383444324e-06,1.0123283084506753,-6.07889383444324e-06,6.07889383444324e-06,hist_gradient_boosting,Histogram Gradient Boosting
2014-10-04,2,9,0,0.0017410288198494578,1.0123283084506753,-0.0017410288198494578,0.0017410288198494578,hist_gradient_boosting,Histogram Gradient Boosting
2014-07-15,37,67,0,0.00026832100621526004,1.0123283084506753,-0.00026832100621526004,0.00026832100621526004,hist_gradient_boosting,Histogram Gradient Boosting
2014-08-23,20,82,0,0.0001743138938719638,1.0123283084506753,-0.0001743138938719638,0.0001743138938719638,hist_gradient_boosting,Histogram Gradient Boosting
2014-09-19,40,13,0,2.1648147573896408e-05,1.0123283084506753,-2.1648147573896408e-05,2.1648147573896408e-05,hist_gradient_boosting,Histogram Gradient Boosting
2014-08-06,35,31,0,3.5048048212948944e-06,1.0123283084506753,-3.5048048212948944e-06,3.5048048212948944e-06,hist_gradient_boosting,Histogram Gradient Boosting
2014-07-07,30,60,0,0.0002257345773233129,1.0123283084506753,-0.0002257345773233129,0.0002257345773233129,hist_gradient_boosting,Histogram Gradient Boosting
2014-07-18,34,45,87,72.83629911316986,80.90999984741211,14.163700886830142,14.163700886830142,hist_gradient_boosting,Histogram Gradient Boosting
2014-08-18,33,47,0,0.00022830923837367206,1.0123283084506753,-0.00022830923837367206,0.00022830923837367206,hist_gradient_boosting,Histogram Gradient Boosting
2014-08-28,34,17,0,0.0,1.0123283084506753,0.0,0.0,hist_gradient_boosting,Histogram Gradient Boosting
2014-10-18,18,90,0,0.00014511602657969709,1.0123283084506753,-0.00014511602657969709,0.00014511602657969709,hist_gradient_boosting,Histogram Gradient Boosting
2014-08-23,21,105,0,0.0002670116892080664,1.0123283084506753,-0.0002670116892080664,0.0002670116892080664,hist_gradient_boosting,Histogram Gradient Boosting
2014-09-05,39,5,0,0.000775700911922334,1.0123283084506753,-0.000775700911922334,0.000775700911922334,hist_gradient_boosting,Histogram Gradient Boosting
2014-08-18,35,9,0,0.0018920134032573833,1.0123283084506753,-0.0018920134032573833,0.0018920134032573833,hist_gradient_boosting,Histogram Gradient Boosting
2014-10-24,38,65,0,0.0001389427168832167,1.0123283084506753,-0.0001389427168832167,0.0001389427168832167,hist_gradient_boosting,Histogram Gradient Boosting
2014-09-10,25,74,0,0.0,1.0123283084506753,0.0,0.0,hist_gradient_boosting,Histogram Gradient Boosting
2014-07-19,12,20,0,0.0002418212486144687,1.0123283084506753,-0.0002418212486144687,0.0002418212486144687,hist_gradient_boosting,Histogram Gradient Boosting
2014-10-03,10,44,0,0.0020891937719347536,1.0123283084506753,-0.0020891937719347536,0.0020891937719347536,hist_gradient_boosting,Histogram Gradient Boosting
2014-07-23,43,9,0,0.0015666251729007934,1.0123283084506753,-0.0015666251729007934,0.0015666251729007934,hist_gradient_boosting,Histogram Gradient Boosting
2014-08-15,27,72,0,0.00011272641301641633,1.0123283084506753,-0.00011272641301641633,0.00011272641301641633,hist_gradient_boosting,Histogram Gradient Boosting
2014-08-03,13,36,103,97.53281058582614,86.83027687072753,5.467189414173859,5.467189414173859,hist_gradient_boosting,Histogram Gradient Boosting
2014-07-10,30,61,0,0.00019161055970871274,1.0123283084506753,-0.00019161055970871274,0.00019161055970871274,hist_gradient_boosting,Histogram Gradient Boosting
2014-10-28,3,58,0,0.0,1.0123283084506753,0.0,0.0,hist_gradient_boosting,Histogram Gradient Boosting
2014-08-09,22,109,0,0.00018421705239961807,1.0123283084506753,-0.00018421705239961807,0.00018421705239961807,hist_gradient_boosting,Histogram Gradient Boosting
2014-07-28,44,103,0,0.0003024334969836625,1.0123283084506753,-0.0003024334969836625,0.0003024334969836625,hist_gradient_boosting,Histogram Gradient Boosting
2014-09-08,18,59,0,0.0,1.0123283084506753,0.0,0.0,hist_gradient_boosting,Histogram Gradient Boosting
2014-10-27,26,67,0,3.108575589246488e-05,1.0123283084506753,-3.108575589246488e-05,3.108575589246488e-05,hist_gradient_boosting,Histogram Gradient Boosting
2014-10-18,37,109,0,0.0,1.0123283084506753,0.0,0.0,hist_gradient_boosting,Histogram Gradient Boosting
2014-09-14,23,27,0,0.00015543351471981393,1.0123283084506753,-0.00015543351471981393,0.00015543351471981393,hist_gradient_boosting,Histogram Gradient Boosting
2014-08-08,42,81,0,7.909449430029615e-05,1.0123283084506753,-7.909449430029615e-05,7.909449430029615e-05,hist_gradient_boosting,Histogram Gradient Boosting
2014-09-27,1,65,0,0.0002482891252185719,1.0123283084506753,-0.0002482891252185719,0.0002482891252185719,hist_gradient_boosting,Histogram Gradient Boosting
2014-07-01,15,4,0,0.0,1.0123283084506753,0.0,0.0,hist_gradient_boosting,Histogram Gradient Boosting
2014-07-29,28,10,0,0.0,1.0123283084506753,0.0,0.0,hist_gradient_boosting,Histogram Gradient Boosting
2014-10-28,28,92,0,0.0,1.0123283084506753,0.0,0.0,hist_gradient_boosting,Histogram Gradient Boosting
2014-07-02,34,60,0,1.766977337152705e-05,1.0123283084506753,-1.766977337152705e-05,1.766977337152705e-05,hist_gradient_boosting,Histogram Gradient Boosting
2014-07-06,13,63,0,0.0003142458083980487,1.0123283084506753,-0.0003142458083980487,0.0003142458083980487,hist_gradient_boosting,Histogram Gradient Boosting
2014-07-17,37,88,0,0.0,1.0123283084506753,0.0,0.0,hist_gradient_boosting,Histogram Gradient Boosting
2014-09-25,32,63,0,6.07889383444324e-06,1.0123283084506753,-6.07889383444324e-06,6.07889383444324e-06,hist_gradient_boosting,Histogram Gradient Boosting
2014-08-15,28,48,0,0.00011272641301641633,1.0123283084506753,-0.00011272641301641633,0.00011272641301641633,hist_gradient_boosting,Histogram Gradient Boosting
2014-08-09,16,104,0,0.0004386887735012673,1.0123283084506753,-0.0004386887735012673,0.0004386887735012673,hist_gradient_boosting,Histogram Gradient Boosting
2014-07-23,33,111,0,1.1278203351446309e-05,1.0123283084506753,-1.1278203351446309e-05,1.1278203351446309e-05,hist_gradient_boosting,Histogram Gradient Boosting
2014-10-02,17,38,0,2.9718245623968948e-05,1.0123283084506753,-2.9718245623968948e-05,2.9718245623968948e-05,hist_gradient_boosting,Histogram Gradient Boosting
2014-09-14,24,95,0,4.163268313762294e-05,1.0123283084506753,-4.163268313762294e-05,4.163268313762294e-05,hist_gradient_boosting,Histogram Gradient Boosting
2014-08-04,14,13,0,9.442656746745712e-05,1.0123283084506753,-9.442656746745712e-05,9.442656746745712e-05,hist_gradient_boosting,Histogram Gradient Boosting
2014-10-05,45,99,0,0.0002897576586699272,1.0123283084506753,-0.0002897576586699272,0.0002897576586699272,hist_gradient_boosting,Histogram Gradient Boosting
2014-09-23,37,101,0,0.0,1.0123283084506753,0.0,0.0,hist_gradient_boosting,Histogram Gradient Boosting
2014-07-18,33,54,0,7.424021747629475e-05,1.0123283084506753,-7.424021747629475e-05,7.424021747629475e-05,hist_gradient_boosting,Histogram Gradient Boosting
2014-09-15,25,71,0,0.00015785516237578744,1.0123283084506753,-0.00015785516237578744,0.00015785516237578744,hist_gradient_boosting,Histogram Gradient Boosting
2014-09-06,26,64,0,0.00027765800524108964,1.0123283084506753,-0.00027765800524108964,0.00027765800524108964,hist_gradient_boosting,Histogram Gradient Boosting
2014-08-10,6,26,0,0.0003545065509945031,1.0123283084506753,-0.0003545065509945031,0.0003545065509945031,hist_gradient_boosting,Histogram Gradient Boosting
2014-09-30,19,81,0,0.0,1.0123283084506753,0.0,0.0,hist_gradient_boosting,Histogram Gradient Boosting
2014-08-17,31,59,0,0.0004828336038128465,1.0123283084506753,-0.0004828336038128465,0.0004828336038128465,hist_gradient_boosting,Histogram Gradient Boosting
2014-09-12,39,90,0,2.0910308542126664e-05,1.0123283084506753,-2.0910308542126664e-05,2.0910308542126664e-05,hist_gradient_boosting,Histogram Gradient Boosting
2014-08-28,45,68,0,4.400644023331287e-05,1.0123283084506753,-4.400644023331287e-05,4.400644023331287e-05,hist_gradient_boosting,Histogram Gradient Boosting
2014-07-04,37,48,0,0.00013636828586884028,1.0123283084506753,-0.00013636828586884028,0.00013636828586884028,hist_gradient_boosting,Histogram Gradient Boosting
2014-07-25,43,64,0,0.0001324275061269097,1.0123283084506753,-0.0001324275061269097,0.0001324275061269097,hist_gradient_boosting,Histogram Gradient Boosting
2014-10-19,3,66,0,0.00025757317035136494,1.0123283084506753,-0.00025757317035136494,0.00025757317035136494,hist_gradient_boosting,Histogram Gradient Boosting
2014-10-20,15,85,0,0.00022830923837367206,1.0123283084506753,-0.00022830923837367206,0.00022830923837367206,hist_gradient_boosting,Histogram Gradient Boosting
2014-09-26,36,18,0,0.0001389427168832167,1.0123283084506753,-0.0001389427168832167,0.0001389427168832167,hist_gradient_boosting,Histogram Gradient Boosting
2014-10-18,3,60,0,0.00027646317562559004,1.0123283084506753,-0.00027646317562559004,0.00027646317562559004,hist_gradient_boosting,Histogram Gradient Boosting
2014-09-16,20,66,0,0.0,1.0123283084506753,0.0,0.0,hist_gradient_boosting,Histogram Gradient Boosting
2014-10-28,32,47,0,0.0,1.0123283084506753,0.0,0.0,hist_gradient_boosting,Histogram Gradient Boosting
2014-09-18,40,89,0,0.0,1.0123283084506753,0.0,0.0,hist_gradient_boosting,Histogram Gradient Boosting
2014-10-22,7,110,0,0.00020361013687259104,1.0123283084506753,-0.00020361013687259104,0.00020361013687259104,hist_gradient_boosting,Histogram Gradient Boosting
2014-10-01,3,87,0,0.0,1.0123283084506753,0.0,0.0,hist_gradient_boosting,Histogram Gradient Boosting
2014-08-28,11,98,0,0.0,1.0123283084506753,0.0,0.0,hist_gradient_boosting,Histogram Gradient Boosting
2014-07-18,12,51,0,0.002733618947376242,1.0123283084506753,-0.002733618947376242,0.002733618947376242,hist_gradient_boosting,Histogram Gradient Boosting
2014-10-08,15,71,0,0.0,1.0123283084506753,0.0,0.0,hist_gradient_boosting,Histogram Gradient Boosting
2014-07-09,7,31,0,0.0,1.0123283084506753,0.0,0.0,hist_gradient_boosting,Histogram Gradient Boosting
2014-09-27,18,22,0,0.00022588742012967877,1.0123283084506753,-0.00022588742012967877,0.00022588742012967877,hist_gradient_boosting,Histogram Gradient Boosting
2014-09-21,34,46,0,0.00014511602657969709,1.0123283084506753,-0.00014511602657969709,0.00014511602657969709,hist_gradient_boosting,Histogram Gradient Boosting
2014-09-01,35,2,0,0.00014550381561070208,1.0123283084506753,-0.00014550381561070208,0.00014550381561070208,hist_gradient_boosting,Histogram Gradient Boosting
2014-09-13,3,22,0,0.00027556156568804904,1.0123283084506753,-0.00027556156568804904,0.00027556156568804904,hist_gradient_boosting,Histogram Gradient Boosting
2014-10-07,10,14,0,0.0,1.0123283084506753,0.0,0.0,hist_gradient_boosting,Histogram Gradient Boosting
2014-10-01,39,22,0,0.0,1.0123283084506753,0.0,0.0,hist_gradient_boosting,Histogram Gradient Boosting
2014-07-01,36,13,0,0.0,1.0123283084506753,0.0,0.0,hist_gradient_boosting,Histogram Gradient Boosting
2014-08-24,21,7,0,0.00023989252258351228,1.0123283084506753,-0.00023989252258351228,0.00023989252258351228,hist_gradient_boosting,Histogram Gradient Boosting
2014-09-24,6,111,0,0.0,1.0123283084506753,0.0,0.0,hist_gradient_boosting,Histogram Gradient Boosting
2014-07-25,26,85,0,0.0001389427168832167,1.0123283084506753,-0.0001389427168832167,0.0001389427168832167,hist_gradient_boosting,Histogram Gradient Boosting
2014-07-11,8,65,0,4.712420560134306e-05,1.0123283084506753,-4.712420560134306e-05,4.712420560134306e-05,hist_gradient_boosting,Histogram Gradient Boosting
2014-10-05,17,1,0,0.00018884563021695432,1.0123283084506753,-0.00018884563021695432,0.00018884563021695432,hist_gradient_boosting,Histogram Gradient Boosting
2014-10-22,21,12,0,0.0,1.0123283084506753,0.0,0.0,hist_gradient_boosting,Histogram Gradient Boosting
2014-10-30,28,47,0,0.0,1.0123283084506753,0.0,0.0,hist_gradient_boosting,Histogram Gradient Boosting
2014-09-14,26,10,0,4.7732992669245194e-05,1.0123283084506753,-4.7732992669245194e-05,4.7732992669245194e-05,hist_gradient_boosting,Histogram Gradient Boosting
2014-09-26,3,24,0,0.0001389427168832167,1.0123283084506753,-0.0001389427168832167,0.0001389427168832167,hist_gradient_boosting,Histogram Gradient Boosting
2014-08-02,13,93,0,0.0016407666549242547,1.0123283084506753,-0.0016407666549242547,0.0016407666549242547,hist_gradient_boosting,Histogram Gradient Boosting
2014-07-07,12,29,0,0.00015451110842965845,1.0123283084506753,-0.00015451110842965845,0.00015451110842965845,hist_gradient_boosting,Histogram Gradient Boosting
2014-10-30,16,92,0,0.0,1.0123283084506753,0.0,0.0,hist_gradient_boosting,Histogram Gradient Boosting
2014-08-17,7,1,0,0.0005151131634642799,1.0123283084506753,-0.0005151131634642799,0.0005151131634642799,hist_gradient_boosting,Histogram Gradient Boosting
2014-09-02,1,14,0,0.0,1.0123283084506753,0.0,0.0,hist_gradient_boosting,Histogram Gradient Boosting
2014-08-08,6,44,0,0.0031585953354049305,1.0123283084506753,-0.0031585953354049305,0.0031585953354049305,hist_gradient_boosting,Histogram Gradient Boosting
2014-08-14,32,1,0,0.0001818609980613987,1.0123283084506753,-0.0001818609980613987,0.0001818609980613987,hist_gradient_boosting,Histogram Gradient Boosting
2014-10-11,24,78,0,0.00017115215597203714,1.0123283084506753,-0.00017115215597203714,0.00017115215597203714,hist_gradient_boosting,Histogram Gradient Boosting
2014-09-29,32,6,0,0.00019780435621905815,1.0123283084506753,-0.00019780435621905815,0.00019780435621905815,hist_gradient_boosting,Histogram Gradient Boosting
2014-10-24,32,61,0,0.00039586656550190386,1.0123283084506753,-0.00039586656550190386,0.00039586656550190386,hist_gradient_boosting,Histogram Gradient Boosting
2014-07-16,22,70,0,0.0,1.0123283084506753,0.0,0.0,hist_gradient_boosting,Histogram Gradient Boosting
2014-10-10,40,67,0,8.604806506273798e-05,1.0123283084506753,-8.604806506273798e-05,8.604806506273798e-05,hist_gradient_boosting,Histogram Gradient Boosting
2014-08-29,29,16,0,0.002205473713403624,1.0123283084506753,-0.002205473713403624,0.002205473713403624,hist_gradient_boosting,Histogram Gradient Boosting
2014-09-16,4,79,0,0.0,1.0123283084506753,0.0,0.0,hist_gradient_boosting,Histogram Gradient Boosting
2014-10-28,32,88,0,0.0,1.0123283084506753,0.0,0.0,hist_gradient_boosting,Histogram Gradient Boosting
2014-10-17,9,58,0,0.0,1.0123283084506753,0.0,0.0,hist_gradient_boosting,Histogram Gradient Boosting
2014-10-19,23,45,37,37.637291582756724,29.83444385528565,-0.637291582756724,0.637291582756724,hist_gradient_boosting,Histogram Gradient Boosting
2014-10-10,38,110,0,0.00019269774994461647,1.0123283084506753,-0.00019269774994461647,0.00019269774994461647,hist_gradient_boosting,Histogram Gradient Boosting
2014-09-20,31,13,0,0.00010858265409559809,1.0123283084506753,-0.00010858265409559809,0.00010858265409559809,hist_gradient_boosting,Histogram Gradient Boosting
2014-09-14,30,18,0,0.00022187389885388388,1.0123283084506753,-0.00022187389885388388,0.00022187389885388388,hist_gradient_boosting,Histogram Gradient Boosting
2014-08-25,27,27,0,0.00020974265906014482,1.0123283084506753,-0.00020974265906014482,0.00020974265906014482,hist_gradient_boosting,Histogram Gradient Boosting
2014-07-20,4,12,0,0.00023989252258351228,1.0123283084506753,-0.00023989252258351228,0.00023989252258351228,hist_gradient_boosting,Histogram Gradient Boosting
2014-09-06,34,45,75,80.80003381464645,69.15861053466797,-5.800033814646454,5.800033814646454,hist_gradient_boosting,Histogram Gradient Boosting
2014-08-22,35,38,0,0.0001531096039004898,1.0123283084506753,-0.0001531096039004898,0.0001531096039004898,hist_gradient_boosting,Histogram Gradient Boosting
2014-09-27,13,10,0,0.0002824002548769783,1.0123283084506753,-0.0002824002548769783,0.0002824002548769783,hist_gradient_boosting,Histogram Gradient Boosting
2014-08-28,35,9,0,0.001669413417560871,1.0123283084506753,-0.001669413417560871,0.001669413417560871,hist_gradient_boosting,Histogram Gradient Boosting
2014-09-03,45,3,0,0.0,1.0123283084506753,0.0,0.0,hist_gradient_boosting,Histogram Gradient Boosting
2014-07-30,36,110,0,8.55381003856631e-05,1.0123283084506753,-8.55381003856631e-05,8.55381003856631e-05,hist_gradient_boosting,Histogram Gradient Boosting
2014-07-10,13,57,0,0.0002603343122042902,1.0123283084506753,-0.0002603343122042902,0.0002603343122042902,hist_gradient_boosting,Histogram Gradient Boosting
2014-08-15,30,97,0,0.0004280966042290678,1.0123283084506753,-0.0004280966042290678,0.0004280966042290678,hist_gradient_boosting,Histogram Gradient Boosting
2014-08-18,40,82,0,0.00013651444166513997,1.0123283084506753,-0.00013651444166513997,0.00013651444166513997,hist_gradient_boosting,Histogram Gradient Boosting
2014-08-08,2,21,0,0.0,1.0123283084506753,0.0,0.0,hist_gradient_boosting,Histogram Gradient Boosting
2014-08-29,40,83,0,0.0001324275061269097,1.0123283084506753,-0.0001324275061269097,0.0001324275061269097,hist_gradient_boosting,Histogram Gradient Boosting
2014-10-09,14,105,0,0.0,1.0123283084506753,0.0,0.0,hist_gradient_boosting,Histogram Gradient Boosting
2014-07-14,31,65,0,0.00017125273015465637,1.0123283084506753,-0.00017125273015465637,0.00017125273015465637,hist_gradient_boosting,Histogram Gradient Boosting
2014-08-23,16,33,0,0.00021175177953739689,1.0123283084506753,-0.00021175177953739689,0.00021175177953739689,hist_gradient_boosting,Histogram Gradient Boosting
2014-09-03,1,54,0,2.9718245623968948e-05,1.0123283084506753,-2.9718245623968948e-05,2.9718245623968948e-05,hist_gradient_boosting,Histogram Gradient Boosting
2014-10-16,4,48,0,0.0,1.0123283084506753,0.0,0.0,hist_gradient_boosting,Histogram Gradient Boosting
2014-09-27,18,79,0,0.00022588742012967877,1.0123283084506753,-0.00022588742012967877,0.00022588742012967877,hist_gradient_boosting,Histogram Gradient Boosting
2014-08-09,1,75,0,0.00021470069294761863,1.0123283084506753,-0.00021470069294761863,0.00021470069294761863,hist_gradient_boosting,Histogram Gradient Boosting
2014-10-23,41,22,0,0.0,1.0123283084506753,0.0,0.0,hist_gradient_boosting,Histogram Gradient Boosting
2014-09-03,32,62,0,3.5048048212948944e-06,1.0123283084506753,-3.5048048212948944e-06,3.5048048212948944e-06,hist_gradient_boosting,Histogram Gradient Boosting
2014-08-10,44,49,0,0.0001480647435284544,1.0123283084506753,-0.0001480647435284544,0.0001480647435284544,hist_gradient_boosting,Histogram Gradient Boosting
2014-08-18,15,40,0,0.00022830923837367206,1.0123283084506753,-0.00022830923837367206,0.00022830923837367206,hist_gradient_boosting,Histogram Gradient Boosting
2014-10-05,1,59,0,0.00014728719039563206,1.0123283084506753,-0.00014728719039563206,0.00014728719039563206,hist_gradient_boosting,Histogram Gradient Boosting
2014-09-08,16,54,0,0.00015695365934685352,1.0123283084506753,-0.00015695365934685352,0.00015695365934685352,hist_gradient_boosting,Histogram Gradient Boosting
2014-08-18,27,65,0,0.00022179344545653006,1.0123283084506753,-0.00022179344545653006,0.00022179344545653006,hist_gradient_boosting,Histogram Gradient Boosting
2014-10-01,35,65,0,0.0,1.0123283084506753,0.0,0.0,hist_gradient_boosting,Histogram Gradient Boosting
2014-08-29,3,30,0,0.0001389427168832167,1.0123283084506753,-0.0001389427168832167,0.0001389427168832167,hist_gradient_boosting,Histogram Gradient Boosting
2014-07-15,34,79,0,0.0,1.0123283084506753,0.0,0.0,hist_gradient_boosting,Histogram Gradient Boosting
2014-10-31,42,109,0,0.0,1.0123283084506753,0.0,0.0,hist_gradient_boosting,Histogram Gradient Boosting
2014-08-27,11,89,0,0.0,1.0123283084506753,0.0,0.0,hist_gradient_boosting,Histogram Gradient Boosting
2014-10-31,14,6,0,2.6491977267383345e-05,1.0123283084506753,-2.6491977267383345e-05,2.6491977267383345e-05,hist_gradient_boosting,Histogram Gradient Boosting
2014-07-31,17,68,0,4.400644023331287e-05,1.0123283084506753,-4.400644023331287e-05,4.400644023331287e-05,hist_gradient_boosting,Histogram Gradient Boosting
2014-09-12,30,24,0,0.00013058773281762582,1.0123283084506753,-0.00013058773281762582,0.00013058773281762582,hist_gradient_boosting,Histogram Gradient Boosting
2014-09-21,43,3,0,0.0,0.031111112236976633,0.0,0.0,hist_gradient_boosting,Histogram Gradient Boosting
2014-08-03,41,94,0,0.0003284151785693969,1.0123283084506753,-0.0003284151785693969,0.0003284151785693969,hist_gradient_boosting,Histogram Gradient Boosting
2014-10-25,31,55,0,0.00019966883721077617,1.0123283084506753,-0.00019966883721077617,0.00019966883721077617,hist_gradient_boosting,Histogram Gradient Boosting
2014-10-25,22,46,0,0.00021311745246164253,1.0123283084506753,-0.00021311745246164253,0.00021311745246164253,hist_gradient_boosting,Histogram Gradient Boosting
2014-10-26,41,99,0,0.00023933638791378932,1.0123283084506753,-0.00023933638791378932,0.00023933638791378932,hist_gradient_boosting,Histogram Gradient Boosting
2014-10-16,10,67,0,0.0,1.0123283084506753,0.0,0.0,hist_gradient_boosting,Histogram Gradient Boosting
2014-09-04,30,68,0,2.320374638925122e-05,1.0123283084506753,-2.320374638925122e-05,2.320374638925122e-05,hist_gradient_boosting,Histogram Gradient Boosting
2014-09-30,25,69,0,0.0,1.0123283084506753,0.0,0.0,hist_gradient_boosting,Histogram Gradient Boosting
2014-10-18,31,37,0,0.00010941383486085478,1.0123283084506753,-0.00010941383486085478,0.00010941383486085478,hist_gradient_boosting,Histogram Gradient Boosting
2014-09-27,25,20,0,0.00023989252258351228,1.0123283084506753,-0.00023989252258351228,0.00023989252258351228,hist_gradient_boosting,Histogram Gradient Boosting
2014-09-20,40,108,0,0.0001550617065996509,1.0123283084506753,-0.0001550617065996509,0.0001550617065996509,hist_gradient_boosting,Histogram Gradient Boosting
2014-07-01,18,98,0,0.0,1.0123283084506753,0.0,0.0,hist_gradient_boosting,Histogram Gradient Boosting
2014-07-01,27,28,0,0.0002080173213537071,1.0123283084506753,-0.0002080173213537071,0.0002080173213537071,hist_gradient_boosting,Histogram Gradient Boosting
2014-07-08,45,17,0,0.0,1.0123283084506753,0.0,0.0,hist_gradient_boosting,Histogram Gradient Boosting
2014-07-03,37,88,0,3.5048048212948944e-06,1.0123283084506753,-3.5048048212948944e-06,3.5048048212948944e-06,hist_gradient_boosting,Histogram Gradient Boosting
2014-10-20,29,63,0,0.00018157048792077533,1.0123283084506753,-0.00018157048792077533,0.00018157048792077533,hist_gradient_boosting,Histogram Gradient Boosting
2014-07-26,34,36,0,0.0028933343834203493,1.0123283084506753,-0.0028933343834203493,0.0028933343834203493,hist_gradient_boosting,Histogram Gradient Boosting
2014-07-22,36,111,0,0.0,1.0123283084506753,0.0,0.0,hist_gradient_boosting,Histogram Gradient Boosting
2014-09-23,18,86,0,0.0,1.0123283084506753,0.0,0.0,hist_gradient_boosting,Histogram Gradient Boosting
2014-07-03,36,47,0,4.3883585485464296e-05,1.0123283084506753,-4.3883585485464296e-05,4.3883585485464296e-05,hist_gradient_boosting,Histogram Gradient Boosting
2014-09-01,12,97,0,0.0,1.0123283084506753,0.0,0.0,hist_gradient_boosting,Histogram Gradient Boosting
2014-08-21,21,80,0,0.0,1.0123283084506753,0.0,0.0,hist_gradient_boosting,Histogram Gradient Boosting
2014-08-14,29,16,0,0.0,1.0123283084506753,0.0,0.0,hist_gradient_boosting,Histogram Gradient Boosting
2014-10-07,40,85,0,2.9718245623968948e-05,1.0123283084506753,-2.9718245623968948e-05,2.9718245623968948e-05,hist_gradient_boosting,Histogram Gradient Boosting
2014-08-08,36,110,0,0.0006288196127431718,1.0123283084506753,-0.0006288196127431718,0.0006288196127431718,hist_gradient_boosting,Histogram Gradient Boosting
2014-07-08,12,63,0,0.0,1.0123283084506753,0.0,0.0,hist_gradient_boosting,Histogram Gradient Boosting
2014-08-10,29,4,0,0.00021221589962144968,1.0123283084506753,-0.00021221589962144968,0.00021221589962144968,hist_gradient_boosting,Histogram Gradient Boosting
2014-10-13,10,85,0,0.00020118904907145323,1.0123283084506753,-0.00020118904907145323,0.00020118904907145323,hist_gradient_boosting,Histogram Gradient Boosting
2014-08-29,42,18,0,0.0001324275061269097,1.0123283084506753,-0.0001324275061269097,0.0001324275061269097,hist_gradient_boosting,Histogram Gradient Boosting
2014-07-31,10,77,0,0.0,1.0123283084506753,0.0,0.0,hist_gradient_boosting,Histogram Gradient Boosting
2014-10-31,41,34,0,0.00017514274869110107,1.0123283084506753,-0.00017514274869110107,0.00017514274869110107,hist_gradient_boosting,Histogram Gradient Boosting
2014-10-19,37,50,0,0.0002418212486144687,1.0123283084506753,-0.0002418212486144687,0.0002418212486144687,hist_gradient_boosting,Histogram Gradient Boosting
2014-09-15,34,103,0,0.0,1.0123283084506753,0.0,0.0,hist_gradient_boosting,Histogram Gradient Boosting
2014-10-12,27,98,0,0.0002794122798237159,1.0123283084506753,-0.0002794122798237159,0.0002794122798237159,hist_gradient_boosting,Histogram Gradient Boosting
2014-07-24,2,43,0,0.00019795588507447282,1.0123283084506753,-0.00019795588507447282,0.00019795588507447282,hist_gradient_boosting,Histogram Gradient Boosting
2014-10-05,6,14,0,0.21284316202640968,0.08944444768130781,-0.21284316202640968,0.21284316202640968,hist_gradient_boosting,Histogram Gradient Boosting
2014-09-01,12,10,0,0.0010334125633652538,1.0123283084506753,-0.0010334125633652538,0.0010334125633652538,hist_gradient_boosting,Histogram Gradient Boosting
2014-09-13,25,11,0,0.00021277201921213776,1.0123283084506753,-0.00021277201921213776,0.00021277201921213776,hist_gradient_boosting,Histogram Gradient Boosting
2014-08-28,45,56,0,0.0003127748419054527,1.0123283084506753,-0.0003127748419054527,0.0003127748419054527,hist_gradient_boosting,Histogram Gradient Boosting
2014-09-12,31,19,0,7.351217360612332e-05,1.0123283084506753,-7.351217360612332e-05,7.351217360612332e-05,hist_gradient_boosting,Histogram Gradient Boosting
2014-08-12,7,74,0,0.00015831859851356622,1.0123283084506753,-0.00015831859851356622,0.00015831859851356622,hist_gradient_boosting,Histogram Gradient Boosting
2014-07-10,36,11,0,0.0,1.0123283084506753,0.0,0.0,hist_gradient_boosting,Histogram Gradient Boosting
2014-08-17,23,103,0,0.0004828336038128465,1.0123283084506753,-0.0004828336038128465,0.0004828336038128465,hist_gradient_boosting,Histogram Gradient Boosting
2014-08-24,24,32,0,0.00023337665420931659,1.0123283084506753,-0.00023337665420931659,0.00023337665420931659,hist_gradient_boosting,Histogram Gradient Boosting
2014-07-25,19,43,0,0.0012639041654066696,1.0123283084506753,-0.0012639041654066696,0.0012639041654066696,hist_gradient_boosting,Histogram Gradient Boosting
2014-10-19,33,31,0,0.0002643794515604371,1.0123283084506753,-0.0002643794515604371,0.0002643794515604371,hist_gradient_boosting,Histogram Gradient Boosting
2014-10-29,40,97,0,0.0,1.0123283084506753,0.0,0.0,hist_gradient_boosting,Histogram Gradient Boosting
2014-10-29,28,1,0,0.0,1.0123283084506753,0.0,0.0,hist_gradient_boosting,Histogram Gradient Boosting
2014-08-31,36,42,0,0.00023989252258351228,1.0123283084506753,-0.00023989252258351228,0.00023989252258351228,hist_gradient_boosting,Histogram Gradient Boosting
2014-09-29,8,64,0,0.00016360095753273455,1.0123283084506753,-0.00016360095753273455,0.00016360095753273455,hist_gradient_boosting,Histogram Gradient Boosting
2014-07-10,32,83,0,0.0,1.0123283084506753,0.0,0.0,hist_gradient_boosting,Histogram Gradient Boosting
2014-09-11,23,27,0,0.0,1.0123283084506753,0.0,0.0,hist_gradient_boosting,Histogram Gradient Boosting
2014-08-19,17,72,0,0.0,1.0123283084506753,0.0,0.0,hist_gradient_boosting,Histogram Gradient Boosting
2014-10-26,8,69,0,0.00017518349237925345,1.0123283084506753,-0.00017518349237925345,0.00017518349237925345,hist_gradient_boosting,Histogram Gradient Boosting
2014-09-10,20,108,0,0.0,1.0123283084506753,0.0,0.0,hist_gradient_boosting,Histogram Gradient Boosting
2014-09-02,15,86,0,0.0,0.002222222276031972,0.0,0.0,hist_gradient_boosting,Histogram Gradient Boosting
2014-07-13,39,78,0,0.0001909024440260445,1.0123283084506753,-0.0001909024440260445,0.0001909024440260445,hist_gradient_boosting,Histogram Gradient Boosting
2014-09-05,7,24,0,9.136623727662458e-05,1.0123283084506753,-9.136623727662458e-05,9.136623727662458e-05,hist_gradient_boosting,Histogram Gradient Boosting
2014-10-12,27,45,0,0.0022258908005624322,1.0123283084506753,-0.0022258908005624322,0.0022258908005624322,hist_gradient_boosting,Histogram Gradient Boosting
2014-08-04,15,48,0,0.00026367045467266706,1.0123283084506753,-0.00026367045467266706,0.00026367045467266706,hist_gradient_boosting,Histogram Gradient Boosting
2014-09-21,37,22,0,0.000306486540551414,1.0123283084506753,-0.000306486540551414,0.000306486540551414,hist_gradient_boosting,Histogram Gradient Boosting
2014-07-28,44,62,0,1.1857127501305798,0.4827777653932572,-1.1857127501305798,1.1857127501305798,hist_gradient_boosting,Histogram Gradient Boosting
2014-10-11,40,87,0,0.0003056329530853046,1.0123283084506753,-0.0003056329530853046,0.0003056329530853046,hist_gradient_boosting,Histogram Gradient Boosting
2014-08-01,20,109,0,0.0,1.0123283084506753,0.0,0.0,hist_gradient_boosting,Histogram Gradient Boosting
2014-09-13,14,43,0,0.00042070818584060733,1.0123283084506753,-0.00042070818584060733,0.00042070818584060733,hist_gradient_boosting,Histogram Gradient Boosting
2014-10-24,3,51,0,3.7817055643858574e-05,1.0123283084506753,-3.7817055643858574e-05,3.7817055643858574e-05,hist_gradient_boosting,Histogram Gradient Boosting
2014-10-20,7,72,0,0.00016186842676801734,1.0123283084506753,-0.00016186842676801734,0.00016186842676801734,hist_gradient_boosting,Histogram Gradient Boosting
2014-07-08,43,84,0,0.0,1.0123283084506753,0.0,0.0,hist_gradient_boosting,Histogram Gradient Boosting
2014-09-23,45,89,0,0.0,1.0123283084506753,0.0,0.0,hist_gradient_boosting,Histogram Gradient Boosting
2014-09-20,30,78,0,0.0002827341561896441,1.0123283084506753,-0.0002827341561896441,0.0002827341561896441,hist_gradient_boosting,Histogram Gradient Boosting
2014-08-09,13,10,0,0.00012954895099908864,1.0123283084506753,-0.00012954895099908864,0.00012954895099908864,hist_gradient_boosting,Histogram Gradient Boosting
2014-10-06,15,104,0,0.0002466150088042947,1.0123283084506753,-0.0002466150088042947,0.0002466150088042947,hist_gradient_boosting,Histogram Gradient Boosting
2014-07-28,44,26,0,0.00014323373957835886,1.0123283084506753,-0.00014323373957835886,0.00014323373957835886,hist_gradient_boosting,Histogram Gradient Boosting
2014-08-21,31,28,0,0.0,1.0123283084506753,0.0,0.0,hist_gradient_boosting,Histogram Gradient Boosting
2014-08-05,4,111,0,0.0,1.0123283084506753,0.0,0.0,hist_gradient_boosting,Histogram Gradient Boosting
2014-10-17,45,41,0,0.0001634271745022794,1.0123283084506753,-0.0001634271745022794,0.0001634271745022794,hist_gradient_boosting,Histogram Gradient Boosting
2014-10-12,12,16,54,47.24351896722601,38.463055610656745,6.756481032773991,6.756481032773991,hist_gradient_boosting,Histogram Gradient Boosting
2014-07-19,24,65,0,0.0002661121598999148,1.0123283084506753,-0.0002661121598999148,0.0002661121598999148,hist_gradient_boosting,Histogram Gradient Boosting
2014-09-11,16,11,0,0.0,1.0123283084506753,0.0,0.0,hist_gradient_boosting,Histogram Gradient Boosting
2014-07-24,13,59,0,0.0002162282412917269,1.0123283084506753,-0.0002162282412917269,0.0002162282412917269,hist_gradient_boosting,Histogram Gradient Boosting
2014-08-27,17,22,0,0.0,1.0123283084506753,0.0,0.0,hist_gradient_boosting,Histogram Gradient Boosting
2014-07-23,17,102,0,0.0,1.0123283084506753,0.0,0.0,hist_gradient_boosting,Histogram Gradient Boosting
2014-07-08,13,70,0,0.0,1.0123283084506753,0.0,0.0,hist_gradient_boosting,Histogram Gradient Boosting
2014-08-29,23,40,0,0.0001324275061269097,1.0123283084506753,-0.0001324275061269097,0.0001324275061269097,hist_gradient_boosting,Histogram Gradient Boosting
2014-07-24,35,12,0,0.0,1.0123283084506753,0.0,0.0,hist_gradient_boosting,Histogram Gradient Boosting
2014-10-08,27,38,0,0.0,1.0123283084506753,0.0,0.0,hist_gradient_boosting,Histogram Gradient Boosting
2014-09-29,36,30,1,1.1759899879477225,1.4255555510520936,-0.17598998794772247,0.17598998794772247,hist_gradient_boosting,Histogram Gradient Boosting
2014-09-21,35,107,0,0.0003065345901280382,1.0123283084506753,-0.0003065345901280382,0.0003065345901280382,hist_gradient_boosting,Histogram Gradient Boosting
2014-08-19,6,90,0,0.0,1.0123283084506753,0.0,0.0,hist_gradient_boosting,Histogram Gradient Boosting
2014-10-26,22,61,0,0.00045834132697847427,1.0123283084506753,-0.00045834132697847427,0.00045834132697847427,hist_gradient_boosting,Histogram Gradient Boosting
2014-09-01,38,86,0,2.1388088545818778e-05,1.0123283084506753,-2.1388088545818778e-05,2.1388088545818778e-05,hist_gradient_boosting,Histogram Gradient Boosting
2014-09-20,4,92,0,7.147690932008745e-05,1.0123283084506753,-7.147690932008745e-05,7.147690932008745e-05,hist_gradient_boosting,Histogram Gradient Boosting
2014-09-29,25,35,0,0.00023350970332799674,1.0123283084506753,-0.00023350970332799674,0.00023350970332799674,hist_gradient_boosting,Histogram Gradient Boosting
2014-07-27,7,4,0,0.00035724517672851313,1.0123283084506753,-0.00035724517672851313,0.00035724517672851313,hist_gradient_boosting,Histogram Gradient Boosting
2014-09-08,21,20,0,0.0001749711135625984,1.0123283084506753,-0.0001749711135625984,0.0001749711135625984,hist_gradient_boosting,Histogram Gradient Boosting
2014-08-27,20,35,0,0.0,1.0123283084506753,0.0,0.0,hist_gradient_boosting,Histogram Gradient Boosting
2014-07-31,20,62,0,1.1997190180298058e-05,1.0123283084506753,-1.1997190180298058e-05,1.1997190180298058e-05,hist_gradient_boosting,Histogram Gradient Boosting
2014-07-22,31,25,0,0.0002437240209063136,1.0123283084506753,-0.0002437240209063136,0.0002437240209063136,hist_gradient_boosting,Histogram Gradient Boosting
2014-10-02,24,35,0,0.0,1.0123283084506753,0.0,0.0,hist_gradient_boosting,Histogram Gradient Boosting
2014-08-19,14,59,0,0.0,1.0123283084506753,0.0,0.0,hist_gradient_boosting,Histogram Gradient Boosting
2014-10-07,20,12,0,3.5048048212948944e-06,1.0123283084506753,-3.5048048212948944e-06,3.5048048212948944e-06,hist_gradient_boosting,Histogram Gradient Boosting
2014-07-24,21,1,0,0.00021286219865571712,1.0123283084506753,-0.00021286219865571712,0.00021286219865571712,hist_gradient_boosting,Histogram Gradient Boosting
2014-08-22,10,96,0,7.424021747629475e-05,1.0123283084506753,-7.424021747629475e-05,7.424021747629475e-05,hist_gradient_boosting,Histogram Gradient Boosting
2014-07-15,26,34,0,0.0,1.0123283084506753,0.0,0.0,hist_gradient_boosting,Histogram Gradient Boosting
2014-09-24,27,109,0,0.00040550497040389786,1.0123283084506753,-0.00040550497040389786,0.00040550497040389786,hist_gradient_boosting,Histogram Gradient Boosting
2014-08-21,28,8,0,0.0,1.0123283084506753,0.0,0.0,hist_gradient_boosting,Histogram Gradient Boosting
2014-10-30,36,38,0,0.0,1.0123283084506753,0.0,0.0,hist_gradient_boosting,Histogram Gradient Boosting
2014-10-19,3,51,0,0.0002870002087536403,1.0123283084506753,-0.0002870002087536403,0.0002870002087536403,hist_gradient_boosting,Histogram Gradient Boosting
2014-08-18,26,41,0,0.00022830923837367206,1.0123283084506753,-0.00022830923837367206,0.00022830923837367206,hist_gradient_boosting,Histogram Gradient Boosting
2014-08-24,11,16,0,0.001963556613220509,1.0123283084506753,-0.001963556613220509,0.001963556613220509,hist_gradient_boosting,Histogram Gradient Boosting
2014-07-17,37,62,0,0.0,1.0123283084506753,0.0,0.0,hist_gradient_boosting,Histogram Gradient Boosting
2014-09-23,7,6,0,0.0,1.0123283084506753,0.0,0.0,hist_gradient_boosting,Histogram Gradient Boosting
2014-10-28,18,38,0,0.0,1.0123283084506753,0.0,0.0,hist_gradient_boosting,Histogram Gradient Boosting
2014-10-11,27,8,0,0.00020548929793017489,1.0123283084506753,-0.00020548929793017489,0.00020548929793017489,hist_gradient_boosting,Histogram Gradient Boosting
2014-07-21,21,111,0,0.00020209059197246688,1.0123283084506753,-0.00020209059197246688,0.00020209059197246688,hist_gradient_boosting,Histogram Gradient Boosting
2014-08-16,18,85,0,0.0002661121598999148,1.0123283084506753,-0.0002661121598999148,0.0002661121598999148,hist_gradient_boosting,Histogram Gradient Boosting
2014-07-28,12,110,0,0.00031430245616764443,1.0123283084506753,-0.00031430245616764443,0.00031430245616764443,hist_gradient_boosting,Histogram Gradient Boosting
2014-10-23,35,98,0,0.0,1.0123283084506753,0.0,0.0,hist_gradient_boosting,Histogram Gradient Boosting
2014-10-30,7,43,0,0.0,1.0123283084506753,0.0,0.0,hist_gradient_boosting,Histogram Gradient Boosting
2014-09-17,25,70,0,0.0,1.0123283084506753,0.0,0.0,hist_gradient_boosting,Histogram Gradient Boosting
2014-08-27,35,78,0,2.269656900209198e-05,1.0123283084506753,-2.269656900209198e-05,2.269656900209198e-05,hist_gradient_boosting,Histogram Gradient Boosting
2014-10-31,33,23,0,0.00010642484935567068,1.0123283084506753,-0.00010642484935567068,0.00010642484935567068,hist_gradient_boosting,Histogram Gradient Boosting
2014-10-19,22,104,0,0.20350360808150286,0.04416666738688946,-0.20350360808150286,0.20350360808150286,hist_gradient_boosting,Histogram Gradient Boosting
2014-07-19,21,73,0,0.00019966883721077617,1.0123283084506753,-0.00019966883721077617,0.00019966883721077617,hist_gradient_boosting,Histogram Gradient Boosting
2014-10-25,4,68,0,0.0002661121598999148,1.0123283084506753,-0.0002661121598999148,0.0002661121598999148,hist_gradient_boosting,Histogram Gradient Boosting
2014-08-30,8,63,0,0.0002014014334552683,1.0123283084506753,-0.0002014014334552683,0.0002014014334552683,hist_gradient_boosting,Histogram Gradient Boosting
2014-09-09,16,31,0,0.0,1.0123283084506753,0.0,0.0,hist_gradient_boosting,Histogram Gradient Boosting
2014-09-07,34,10,0,8.55392590310562e-05,1.0123283084506753,-8.55392590310562e-05,8.55392590310562e-05,hist_gradient_boosting,Histogram Gradient Boosting
2014-10-25,44,109,0,0.0012140853990709566,1.0123283084506753,-0.0012140853990709566,0.0012140853990709566,hist_gradient_boosting,Histogram Gradient Boosting
2014-10-17,3,7,0,0.00012689292868187115,1.0123283084506753,-0.00012689292868187115,0.00012689292868187115,hist_gradient_boosting,Histogram Gradient Boosting
2014-08-13,27,92,0,0.0002503118013598876,1.0123283084506753,-0.0002503118013598876,0.0002503118013598876,hist_gradient_boosting,Histogram Gradient Boosting
2014-10-05,5,94,0,0.0002629812537257561,1.0123283084506753,-0.0002629812537257561,0.0002629812537257561,hist_gradient_boosting,Histogram Gradient Boosting
2014-07-02,31,70,0,4.3883585485464296e-05,1.0123283084506753,-4.3883585485464296e-05,4.3883585485464296e-05,hist_gradient_boosting,Histogram Gradient Boosting
2014-10-17,44,10,0,0.0,1.0123283084506753,0.0,0.0,hist_gradient_boosting,Histogram Gradient Boosting
2014-08-15,4,64,0,0.0001389427168832167,1.0123283084506753,-0.0001389427168832167,0.0001389427168832167,hist_gradient_boosting,Histogram Gradient Boosting
2014-09-13,21,15,0,0.0,1.0123283084506753,0.0,0.0,hist_gradient_boosting,Histogram Gradient Boosting
2014-10-04,44,74,0,0.0002276435594149253,1.0123283084506753,-0.0002276435594149253,0.0002276435594149253,hist_gradient_boosting,Histogram Gradient Boosting
2014-08-30,12,82,0,0.0004595003032595395,1.0123283084506753,-0.0004595003032595395,0.0004595003032595395,hist_gradient_boosting,Histogram Gradient Boosting
2014-07-23,22,78,0,0.33495292468599225,0.17305555343627932,-0.33495292468599225,0.33495292468599225,hist_gradient_boosting,Histogram Gradient Boosting
2014-10-24,39,103,0,0.7157158039337563,0.1988888904452324,-0.7157158039337563,0.7157158039337563,hist_gradient_boosting,Histogram Gradient Boosting
2014-07-24,14,2,0,0.0008454745004730644,1.0123283084506753,-0.0008454745004730644,0.0008454745004730644,hist_gradient_boosting,Histogram Gradient Boosting
2014-10-12,40,51,0,0.0002912993547356518,1.0123283084506753,-0.0002912993547356518,0.0002912993547356518,hist_gradient_boosting,Histogram Gradient Boosting
2014-08-17,42,38,0,0.0002661121598999148,1.0123283084506753,-0.0002661121598999148,0.0002661121598999148,hist_gradient_boosting,Histogram Gradient Boosting
2014-09-20,31,101,0,0.00019966883721077617,1.0123283084506753,-0.00019966883721077617,0.00019966883721077617,hist_gradient_boosting,Histogram Gradient Boosting
2014-08-26,15,60,0,0.0,1.0123283084506753,0.0,0.0,hist_gradient_boosting,Histogram Gradient Boosting
2014-07-22,31,77,0,0.0,1.0123283084506753,0.0,0.0,hist_gradient_boosting,Histogram Gradient Boosting
2014-09-20,14,55,0,0.00019565542114005716,1.0123283084506753,-0.00019565542114005716,0.00019565542114005716,hist_gradient_boosting,Histogram Gradient Boosting
2014-07-09,12,9,0,0.0,1.0123283084506753,0.0,0.0,hist_gradient_boosting,Histogram Gradient Boosting
2014-08-09,13,49,0,0.00023725828425049666,1.0123283084506753,-0.00023725828425049666,0.00023725828425049666,hist_gradient_boosting,Histogram Gradient Boosting
2014-10-20,11,95,0,0.0027483924269653317,1.0123283084506753,-0.0027483924269653317,0.0027483924269653317,hist_gradient_boosting,Histogram Gradient Boosting
2014-08-26,21,38,0,0.0,1.0123283084506753,0.0,0.0,hist_gradient_boosting,Histogram Gradient Boosting
2014-09-29,42,21,0,2.9685428896506873e-05,1.0123283084506753,-2.9685428896506873e-05,2.9685428896506873e-05,hist_gradient_boosting,Histogram Gradient Boosting
2014-08-13,2,20,0,0.0,1.0123283084506753,0.0,0.0,hist_gradient_boosting,Histogram Gradient Boosting
2014-09-16,34,60,0,0.0,1.0123283084506753,0.0,0.0,hist_gradient_boosting,Histogram Gradient Boosting
2014-07-01,20,104,0,0.0,1.0123283084506753,0.0,0.0,hist_gradient_boosting,Histogram Gradient Boosting
2014-10-22,43,16,17,21.403371136707637,42.04861106872559,-4.403371136707637,4.403371136707637,hist_gradient_boosting,Histogram Gradient Boosting
2014-08-16,33,110,0,0.000534940253944483,1.0123283084506753,-0.000534940253944483,0.000534940253944483,hist_gradient_boosting,Histogram Gradient Boosting
2014-07-07,8,39,0,0.00016102646304623765,1.0123283084506753,-0.00016102646304623765,0.00016102646304623765,hist_gradient_boosting,Histogram Gradient Boosting
2014-10-15,27,28,0,0.0,1.0123283084506753,0.0,0.0,hist_gradient_boosting,Histogram Gradient Boosting
2014-09-12,27,97,0,0.0,1.0123283084506753,0.0,0.0,hist_gradient_boosting,Histogram Gradient Boosting
2014-10-13,12,33,0,0.0001749711135625984,1.0123283084506753,-0.0001749711135625984,0.0001749711135625984,hist_gradient_boosting,Histogram Gradient Boosting
2014-10-18,11,61,0,0.0,0.09555555582046511,0.0,0.0,hist_gradient_boosting,Histogram Gradient Boosting
2014-09-06,21,37,0,8.759803226826511e-05,1.0123283084506753,-8.759803226826511e-05,8.759803226826511e-05,hist_gradient_boosting,Histogram Gradient Boosting
2014-10-13,12,106,0,0.0001749711135625984,1.0123283084506753,-0.0001749711135625984,0.0001749711135625984,hist_gradient_boosting,Histogram Gradient Boosting
2014-08-07,13,7,0,4.314381604891466e-05,1.0123283084506753,-4.314381604891466e-05,4.314381604891466e-05,hist_gradient_boosting,Histogram Gradient Boosting
2014-08-23,34,47,0,0.0002661121598999148,1.0123283084506753,-0.0002661121598999148,0.0002661121598999148,hist_gradient_boosting,Histogram Gradient Boosting
2014-07-25,27,94,0,0.0001389427168832167,1.0123283084506753,-0.0001389427168832167,0.0001389427168832167,hist_gradient_boosting,Histogram Gradient Boosting
2014-10-04,8,76,0,0.00024166671637479605,1.0123283084506753,-0.00024166671637479605,0.00024166671637479605,hist_gradient_boosting,Histogram Gradient Boosting
2014-10-28,33,58,0,0.0,1.0123283084506753,0.0,0.0,hist_gradient_boosting,Histogram Gradient Boosting
2014-10-19,5,23,0,0.0002540608395465965,1.0123283084506753,-0.0002540608395465965,0.0002540608395465965,hist_gradient_boosting,Histogram Gradient Boosting
2014-07-18,9,10,2,1.138846803168674,0.35333333909511566,0.861153196831326,0.861153196831326,hist_gradient_boosting,Histogram Gradient Boosting
2014-09-24,38,30,0,0.0,1.0123283084506753,0.0,0.0,hist_gradient_boosting,Histogram Gradient Boosting
2014-09-05,40,59,0,0.0,1.0123283084506753,0.0,0.0,hist_gradient_boosting,Histogram Gradient Boosting
2014-07-21,26,31,0,0.00020209059197246688,1.0123283084506753,-0.00020209059197246688,0.00020209059197246688,hist_gradient_boosting,Histogram Gradient Boosting
2014-08-30,42,105,0,0.00048556609432700405,1.0123283084506753,-0.00048556609432700405,0.00048556609432700405,hist_gradient_boosting,Histogram Gradient Boosting
2014-09-21,33,38,0,0.0002982524749899551,1.0123283084506753,-0.0002982524749899551,0.0002982524749899551,hist_gradient_boosting,Histogram Gradient Boosting
2014-09-07,39,99,0,0.00023269764521889055,1.0123283084506753,-0.00023269764521889055,0.00023269764521889055,hist_gradient_boosting,Histogram Gradient Boosting
2014-08-04,1,46,0,0.0001789959471793889,1.0123283084506753,-0.0001789959471793889,0.0001789959471793889,hist_gradient_boosting,Histogram Gradient Boosting
2014-10-04,20,58,0,0.0,1.0123283084506753,0.0,0.0,hist_gradient_boosting,Histogram Gradient Boosting
2014-08-03,22,23,0,0.0002711899387298464,1.0123283084506753,-0.0002711899387298464,0.0002711899387298464,hist_gradient_boosting,Histogram Gradient Boosting
2014-09-20,20,28,0,0.0002643794515604371,1.0123283084506753,-0.0002643794515604371,0.0002643794515604371,hist_gradient_boosting,Histogram Gradient Boosting
2014-09-05,40,36,0,0.0021834193530508523,1.0123283084506753,-0.0021834193530508523,0.0021834193530508523,hist_gradient_boosting,Histogram Gradient Boosting
2014-08-01,45,106,0,0.00024992446089615674,1.0123283084506753,-0.00024992446089615674,0.00024992446089615674,hist_gradient_boosting,Histogram Gradient Boosting
2014-09-21,32,31,0,0.0002802658449150257,1.0123283084506753,-0.0002802658449150257,0.0002802658449150257,hist_gradient_boosting,Histogram Gradient Boosting
2014-09-19,2,111,0,0.0001372102288326719,1.0123283084506753,-0.0001372102288326719,0.0001372102288326719,hist_gradient_boosting,Histogram Gradient Boosting
2014-08-25,40,91,0,0.0002359615060476546,1.0123283084506753,-0.0002359615060476546,0.0002359615060476546,hist_gradient_boosting,Histogram Gradient Boosting
2014-07-10,39,16,0,0.0,1.0123283084506753,0.0,0.0,hist_gradient_boosting,Histogram Gradient Boosting
2014-10-24,29,7,0,0.00011272641301641633,1.0123283084506753,-0.00011272641301641633,0.00011272641301641633,hist_gradient_boosting,Histogram Gradient Boosting
2014-09-30,15,46,0,0.0,1.0123283084506753,0.0,0.0,hist_gradient_boosting,Histogram Gradient Boosting
2014-10-21,3,88,0,4.346635936906237e-06,1.0123283084506753,-4.346635936906237e-06,4.346635936906237e-06,hist_gradient_boosting,Histogram Gradient Boosting
2014-09-06,24,67,0,8.07549579774106e-06,1.0123283084506753,-8.07549579774106e-06,8.07549579774106e-06,hist_gradient_boosting,Histogram Gradient Boosting
2014-07-05,27,55,0,0.0003236645879110672,1.0123283084506753,-0.0003236645879110672,0.0003236645879110672,hist_gradient_boosting,Histogram Gradient Boosting
2014-09-16,30,47,0,0.0,1.0123283084506753,0.0,0.0,hist_gradient_boosting,Histogram Gradient Boosting
2014-09-06,8,109,0,0.0,1.0123283084506753,0.0,0.0,hist_gradient_boosting,Histogram Gradient Boosting
2014-10-28,27,32,0,0.0,1.0123283084506753,0.0,0.0,hist_gradient_boosting,Histogram Gradient Boosting
2014-10-18,9,96,0,0.00017133317948673948,1.0123283084506753,-0.00017133317948673948,0.00017133317948673948,hist_gradient_boosting,Histogram Gradient Boosting
2014-09-19,15,81,0,0.00011272641301641633,1.0123283084506753,-0.00011272641301641633,0.00011272641301641633,hist_gradient_boosting,Histogram Gradient Boosting
2014-08-22,41,81,0,4.80256096342295e-05,1.0123283084506753,-4.80256096342295e-05,4.80256096342295e-05,hist_gradient_boosting,Histogram Gradient Boosting
2014-10-08,25,103,0,0.0,1.0123283084506753,0.0,0.0,hist_gradient_boosting,Histogram Gradient Boosting
2014-08-30,42,49,0,0.00017518349237925345,1.0123283084506753,-0.00017518349237925345,0.00017518349237925345,hist_gradient_boosting,Histogram Gradient Boosting
2014-07-05,44,99,0,0.00024301603685020795,1.0123283084506753,-0.00024301603685020795,0.00024301603685020795,hist_gradient_boosting,Histogram Gradient Boosting
2014-09-10,31,51,0,0.0,1.0123283084506753,0.0,0.0,hist_gradient_boosting,Histogram Gradient Boosting
2014-08-30,35,59,0,0.0005454770377945909,1.0123283084506753,-0.0005454770377945909,0.0005454770377945909,hist_gradient_boosting,Histogram Gradient Boosting
2014-07-01,7,52,0,0.0,1.0123283084506753,0.0,0.0,hist_gradient_boosting,Histogram Gradient Boosting
2014-08-18,45,31,0,0.00024002557256892074,1.0123283084506753,-0.00024002557256892074,0.00024002557256892074,hist_gradient_boosting,Histogram Gradient Boosting
2014-10-06,30,10,0,0.00030081532863130805,1.0123283084506753,-0.00030081532863130805,0.00030081532863130805,hist_gradient_boosting,Histogram Gradient Boosting
2014-09-20,31,26,0,0.0,1.0123283084506753,0.0,0.0,hist_gradient_boosting,Histogram Gradient Boosting
2014-08-28,13,83,0,6.07889383444324e-06,1.0123283084506753,-6.07889383444324e-06,6.07889383444324e-06,hist_gradient_boosting,Histogram Gradient Boosting
2014-08-28,11,54,0,0.0,1.0123283084506753,0.0,0.0,hist_gradient_boosting,Histogram Gradient Boosting
2014-07-06,35,109,0,0.0007208064277656756,1.0123283084506753,-0.0007208064277656756,0.0007208064277656756,hist_gradient_boosting,Histogram Gradient Boosting
2014-10-07,7,67,0,3.975201595038017e-05,1.0123283084506753,-3.975201595038017e-05,3.975201595038017e-05,hist_gradient_boosting,Histogram Gradient Boosting
2014-09-24,21,45,0,0.00023642466127255676,1.0123283084506753,-0.00023642466127255676,0.00023642466127255676,hist_gradient_boosting,Histogram Gradient Boosting
2014-10-30,26,100,0,0.0,1.0123283084506753,0.0,0.0,hist_gradient_boosting,Histogram Gradient Boosting
2014-08-13,35,84,0,0.0,1.0123283084506753,0.0,0.0,hist_gradient_boosting,Histogram Gradient Boosting
2014-08-28,39,29,0,0.0,1.0123283084506753,0.0,0.0,hist_gradient_boosting,Histogram Gradient Boosting
2014-10-01,32,97,0,0.0,1.0123283084506753,0.0,0.0,hist_gradient_boosting,Histogram Gradient Boosting
2014-08-03,34,82,0,0.00044098779202322066,1.0123283084506753,-0.00044098779202322066,0.00044098779202322066,hist_gradient_boosting,Histogram Gradient Boosting
2014-08-25,22,96,0,0.0002359615060476546,1.0123283084506753,-0.0002359615060476546,0.0002359615060476546,hist_gradient_boosting,Histogram Gradient Boosting
2014-07-02,26,51,0,0.0018654131064845753,1.0123283084506753,-0.0018654131064845753,0.0018654131064845753,hist_gradient_boosting,Histogram Gradient Boosting
2014-08-25,29,19,0,0.00020209059197246688,1.0123283084506753,-0.00020209059197246688,0.00020209059197246688,hist_gradient_boosting,Histogram Gradient Boosting
2014-07-09,35,19,0,0.0,1.0123283084506753,0.0,0.0,hist_gradient_boosting,Histogram Gradient Boosting
2014-08-01,22,59,0,0.00016627175372752013,1.0123283084506753,-0.00016627175372752013,0.00016627175372752013,hist_gradient_boosting,Histogram Gradient Boosting
2014-10-20,9,47,0,0.00018157048792077533,1.0123283084506753,-0.00018157048792077533,0.00018157048792077533,hist_gradient_boosting,Histogram Gradient Boosting
2014-09-09,31,41,0,0.0,1.0123283084506753,0.0,0.0,hist_gradient_boosting,Histogram Gradient Boosting
2014-08-27,19,72,0,0.0,1.0123283084506753,0.0,0.0,hist_gradient_boosting,Histogram Gradient Boosting
2014-10-24,44,63,0,8.840618798791088e-05,1.0123283084506753,-8.840618798791088e-05,8.840618798791088e-05,hist_gradient_boosting,Histogram Gradient Boosting
2014-10-31,4,69,0,0.000144947809857663,1.0123283084506753,-0.000144947809857663,0.000144947809857663,hist_gradient_boosting,Histogram Gradient Boosting
2014-09-09,37,33,0,8.644567098599414e-06,1.0123283084506753,-8.644567098599414e-06,8.644567098599414e-06,hist_gradient_boosting,Histogram Gradient Boosting
2014-10-23,21,85,0,9.819153007831167e-05,1.0123283084506753,-9.819153007831167e-05,9.819153007831167e-05,hist_gradient_boosting,Histogram Gradient Boosting
2014-07-16,15,90,0,1.1997190180298058e-05,1.0123283084506753,-1.1997190180298058e-05,1.1997190180298058e-05,hist_gradient_boosting,Histogram Gradient Boosting
2014-09-24,7,5,30,28.386365237375045,36.34583415985108,1.6136347626249545,1.6136347626249545,hist_gradient_boosting,Histogram Gradient Boosting
2014-07-01,2,7,0,0.0,1.0123283084506753,0.0,0.0,hist_gradient_boosting,Histogram Gradient Boosting
2014-09-24,7,68,0,0.0,1.0123283084506753,0.0,0.0,hist_gradient_boosting,Histogram Gradient Boosting
2014-10-18,7,13,0,0.00015073122676350265,1.0123283084506753,-0.00015073122676350265,0.00015073122676350265,hist_gradient_boosting,Histogram Gradient Boosting
2014-08-31,3,61,0,0.0005897296113051951,1.0123283084506753,-0.0005897296113051951,0.0005897296113051951,hist_gradient_boosting,Histogram Gradient Boosting
2014-08-05,35,54,0,2.9718245623968948e-05,1.0123283084506753,-2.9718245623968948e-05,2.9718245623968948e-05,hist_gradient_boosting,Histogram Gradient Boosting
2014-09-25,22,35,0,1.7792624899025665e-05,1.0123283084506753,-1.7792624899025665e-05,1.7792624899025665e-05,hist_gradient_boosting,Histogram Gradient Boosting
2014-08-19,38,54,0,6.07889383444324e-06,1.0123283084506753,-6.07889383444324e-06,6.07889383444324e-06,hist_gradient_boosting,Histogram Gradient Boosting
2014-07-18,26,36,0,0.006023744266359464,1.0123283084506753,-0.006023744266359464,0.006023744266359464,hist_gradient_boosting,Histogram Gradient Boosting
2014-08-06,21,9,0,0.0011611983557991163,1.0123283084506753,-0.0011611983557991163,0.0011611983557991163,hist_gradient_boosting,Histogram Gradient Boosting
2014-07-23,33,13,0,0.00010296186570762018,1.0123283084506753,-0.00010296186570762018,0.00010296186570762018,hist_gradient_boosting,Histogram Gradient Boosting
2014-08-08,22,58,0,0.00018594057693413295,1.0123283084506753,-0.00018594057693413295,0.00018594057693413295,hist_gradient_boosting,Histogram Gradient Boosting
2014-08-27,31,81,0,0.0,1.0123283084506753,0.0,0.0,hist_gradient_boosting,Histogram Gradient Boosting
2014-07-07,10,7,0,0.00016102646304623765,1.0123283084506753,-0.00016102646304623765,0.00016102646304623765,hist_gradient_boosting,Histogram Gradient Boosting
2014-07-21,24,53,0,0.00020209059197246688,1.0123283084506753,-0.00020209059197246688,0.00020209059197246688,hist_gradient_boosting,Histogram Gradient Boosting
2014-09-11,15,8,0,0.0,1.0123283084506753,0.0,0.0,hist_gradient_boosting,Histogram Gradient Boosting
2014-07-09,1,52,0,0.0,1.0123283084506753,0.0,0.0,hist_gradient_boosting,Histogram Gradient Boosting
2014-09-24,15,29,0,0.0,1.0123283084506753,0.0,0.0,hist_gradient_boosting,Histogram Gradient Boosting
2014-07-05,9,55,0,0.00021929925436856075,1.0123283084506753,-0.00021929925436856075,0.00021929925436856075,hist_gradient_boosting,Histogram Gradient Boosting
2014-07-04,25,41,0,0.00016258520946830306,1.0123283084506753,-0.00016258520946830306,0.00016258520946830306,hist_gradient_boosting,Histogram Gradient Boosting
2014-08-29,28,74,0,0.0003041560513348439,1.0123283084506753,-0.0003041560513348439,0.0003041560513348439,hist_gradient_boosting,Histogram Gradient Boosting
2014-10-24,33,93,0,0.0019165483037408546,1.0123283084506753,-0.0019165483037408546,0.0019165483037408546,hist_gradient_boosting,Histogram Gradient Boosting
2014-10-29,29,67,0,0.0,1.0123283084506753,0.0,0.0,hist_gradient_boosting,Histogram Gradient Boosting
2014-08-27,7,65,0,0.0,1.0123283084506753,0.0,0.0,hist_gradient_boosting,Histogram Gradient Boosting
2014-09-09,16,25,78,132.68202671274219,142.30305404663088,-54.682026712742186,54.682026712742186,hist_gradient_boosting,Histogram Gradient Boosting
2014-07-22,26,81,0,0.0,1.0123283084506753,0.0,0.0,hist_gradient_boosting,Histogram Gradient Boosting
2014-07-08,13,30,0,0.0,1.0123283084506753,0.0,0.0,hist_gradient_boosting,Histogram Gradient Boosting
2014-10-06,3,94,0,0.00027644106776335617,1.0123283084506753,-0.00027644106776335617,0.00027644106776335617,hist_gradient_boosting,Histogram Gradient Boosting
2014-08-06,13,29,0,3.5048048212948944e-06,1.0123283084506753,-3.5048048212948944e-06,3.5048048212948944e-06,hist_gradient_boosting,Histogram Gradient Boosting
2014-09-18,6,78,0,1.6182115508721893e-05,1.0123283084506753,-1.6182115508721893e-05,1.6182115508721893e-05,hist_gradient_boosting,Histogram Gradient Boosting
2014-08-10,35,75,0,0.00027310966589976166,1.0123283084506753,-0.00027310966589976166,0.00027310966589976166,hist_gradient_boosting,Histogram Gradient Boosting
2014-07-18,37,73,0,0.00011272641301641633,1.0123283084506753,-0.00011272641301641633,0.00011272641301641633,hist_gradient_boosting,Histogram Gradient Boosting
2014-08-25,41,36,0,0.0020040281668701047,1.0123283084506753,-0.0020040281668701047,0.0020040281668701047,hist_gradient_boosting,Histogram Gradient Boosting
2014-09-11,14,67,0,0.0,1.0123283084506753,0.0,0.0,hist_gradient_boosting,Histogram Gradient Boosting
2014-10-31,2,29,0,8.266082481403352e-05,1.0123283084506753,-8.266082481403352e-05,8.266082481403352e-05,hist_gradient_boosting,Histogram Gradient Boosting
2014-10-16,10,54,0,0.0,1.0123283084506753,0.0,0.0,hist_gradient_boosting,Histogram Gradient Boosting
2014-10-15,8,107,0,0.0,1.0123283084506753,0.0,0.0,hist_gradient_boosting,Histogram Gradient Boosting
2014-07-17,4,109,0,0.00018464784940076763,1.0123283084506753,-0.00018464784940076763,0.00018464784940076763,hist_gradient_boosting,Histogram Gradient Boosting
2014-07-27,12,34,0,0.0003310231505731609,1.0123283084506753,-0.0003310231505731609,0.0003310231505731609,hist_gradient_boosting,Histogram Gradient Boosting
2014-08-06,11,99,0,2.320374638925122e-05,1.0123283084506753,-2.320374638925122e-05,2.320374638925122e-05,hist_gradient_boosting,Histogram Gradient Boosting
2014-10-30,33,73,0,0.0,1.0123283084506753,0.0,0.0,hist_gradient_boosting,Histogram Gradient Boosting
2014-10-08,30,92,0,0.0,1.0123283084506753,0.0,0.0,hist_gradient_boosting,Histogram Gradient Boosting
2014-10-17,1,90,0,0.0001372102288326719,1.0123283084506753,-0.0001372102288326719,0.0001372102288326719,hist_gradient_boosting,Histogram Gradient Boosting
2014-10-26,31,104,0,0.30751050145149744,0.04944444559514523,-0.30751050145149744,0.30751050145149744,hist_gradient_boosting,Histogram Gradient Boosting
2014-10-30,33,69,0,0.0,1.0123283084506753,0.0,0.0,hist_gradient_boosting,Histogram Gradient Boosting
2014-08-02,19,65,0,0.00027193420266615875,1.0123283084506753,-0.00027193420266615875,0.00027193420266615875,hist_gradient_boosting,Histogram Gradient Boosting
2014-10-11,25,13,0,0.0003044741550509442,1.0123283084506753,-0.0003044741550509442,0.0003044741550509442,hist_gradient_boosting,Histogram Gradient Boosting
2014-08-18,23,19,0,0.00020209059197246688,1.0123283084506753,-0.00020209059197246688,0.00020209059197246688,hist_gradient_boosting,Histogram Gradient Boosting
2014-07-04,27,87,0,0.00016258520946830306,1.0123283084506753,-0.00016258520946830306,0.00016258520946830306,hist_gradient_boosting,Histogram Gradient Boosting
2014-07-19,23,33,0,0.00019966883721077617,1.0123283084506753,-0.00019966883721077617,0.00019966883721077617,hist_gradient_boosting,Histogram Gradient Boosting
2014-09-12,26,44,0,0.0,1.0123283084506753,0.0,0.0,hist_gradient_boosting,Histogram Gradient Boosting
2014-08-18,38,66,0,0.00014661898115066175,1.0123283084506753,-0.00014661898115066175,0.00014661898115066175,hist_gradient_boosting,Histogram Gradient Boosting
2014-09-10,3,44,0,0.0,1.0123283084506753,0.0,0.0,hist_gradient_boosting,Histogram Gradient Boosting
2014-10-04,7,70,0,0.0003564030485332209,1.0123283084506753,-0.0003564030485332209,0.0003564030485332209,hist_gradient_boosting,Histogram Gradient Boosting
2014-07-17,23,97,0,0.00029280863115148907,1.0123283084506753,-0.00029280863115148907,0.00029280863115148907,hist_gradient_boosting,Histogram Gradient Boosting
2014-09-11,16,105,0,0.0,1.0123283084506753,0.0,0.0,hist_gradient_boosting,Histogram Gradient Boosting
2014-09-01,20,67,0,0.0,1.0123283084506753,0.0,0.0,hist_gradient_boosting,Histogram Gradient Boosting
2014-10-28,12,50,0,0.0,1.0123283084506753,0.0,0.0,hist_gradient_boosting,Histogram Gradient Boosting
2014-10-28,2,101,0,0.0,1.0123283084506753,0.0,0.0,hist_gradient_boosting,Histogram Gradient Boosting
2014-09-27,16,82,0,0.00023464922058043531,1.0123283084506753,-0.00023464922058043531,0.00023464922058043531,hist_gradient_boosting,Histogram Gradient Boosting
2014-08-18,12,1,0,0.00012088827342347459,1.0123283084506753,-0.00012088827342347459,0.00012088827342347459,hist_gradient_boosting,Histogram Gradient Boosting
2014-10-09,42,71,0,0.0,1.0123283084506753,0.0,0.0,hist_gradient_boosting,Histogram Gradient Boosting
2014-08-17,3,58,0,0.0005897296113051951,1.0123283084506753,-0.0005897296113051951,0.0005897296113051951,hist_gradient_boosting,Histogram Gradient Boosting
2014-10-24,15,91,0,0.0001389427168832167,1.0123283084506753,-0.0001389427168832167,0.0001389427168832167,hist_gradient_boosting,Histogram Gradient Boosting
2014-07-21,12,24,0,0.00016360095753273455,1.0123283084506753,-0.00016360095753273455,0.00016360095753273455,hist_gradient_boosting,Histogram Gradient Boosting
2014-10-25,30,9,0,0.0,1.0123283084506753,0.0,0.0,hist_gradient_boosting,Histogram Gradient Boosting
2014-08-18,5,94,0,0.00022179344545653006,1.0123283084506753,-0.00022179344545653006,0.00022179344545653006,hist_gradient_boosting,Histogram Gradient Boosting
2014-09-23,28,7,0,0.0,1.0123283084506753,0.0,0.0,hist_gradient_boosting,Histogram Gradient Boosting
2014-10-27,21,37,0,0.00016638636643190804,1.0123283084506753,-0.00016638636643190804,0.00016638636643190804,hist_gradient_boosting,Histogram Gradient Boosting
2014-09-20,43,6,0,0.00024212200773259806,1.0123283084506753,-0.00024212200773259806,0.00024212200773259806,hist_gradient_boosting,Histogram Gradient Boosting
2014-08-21,12,43,0,0.0,1.0123283084506753,0.0,0.0,hist_gradient_boosting,Histogram Gradient Boosting
2014-10-12,1,65,0,0.00019668252303122312,1.0123283084506753,-0.00019668252303122312,0.00019668252303122312,hist_gradient_boosting,Histogram Gradient Boosting
2014-08-02,14,52,0,0.0001725609249349353,1.0123283084506753,-0.0001725609249349353,0.0001725609249349353,hist_gradient_boosting,Histogram Gradient Boosting
2014-09-13,37,94,0,0.0003056329530853046,1.0123283084506753,-0.0003056329530853046,0.0003056329530853046,hist_gradient_boosting,Histogram Gradient Boosting
2014-07-16,18,42,0,0.0,1.0123283084506753,0.0,0.0,hist_gradient_boosting,Histogram Gradient Boosting
2014-09-16,22,4,0,0.0,1.0123283084506753,0.0,0.0,hist_gradient_boosting,Histogram Gradient Boosting
2014-08-07,30,85,0,0.0,1.0123283084506753,0.0,0.0,hist_gradient_boosting,Histogram Gradient Boosting
2014-08-09,41,97,0,0.00032498508174800476,1.0123283084506753,-0.00032498508174800476,0.00032498508174800476,hist_gradient_boosting,Histogram Gradient Boosting
2014-07-19,16,31,0,0.00019758406187022753,1.0123283084506753,-0.00019758406187022753,0.00019758406187022753,hist_gradient_boosting,Histogram Gradient Boosting
2014-09-01,39,60,0,0.0004482668643931396,1.0123283084506753,-0.0004482668643931396,0.0004482668643931396,hist_gradient_boosting,Histogram Gradient Boosting
2014-09-01,28,43,0,0.00018236867160614846,1.0123283084506753,-0.00018236867160614846,0.00018236867160614846,hist_gradient_boosting,Histogram Gradient Boosting
2014-09-29,3,77,0,0.00020209059197246688,1.0123283084506753,-0.00020209059197246688,0.00020209059197246688,hist_gradient_boosting,Histogram Gradient Boosting
2014-07-26,17,109,0,0.0009553453844271891,1.0123283084506753,-0.0009553453844271891,0.0009553453844271891,hist_gradient_boosting,Histogram Gradient Boosting
2014-10-24,41,107,0,6.219120881805142e-05,1.0123283084506753,-6.219120881805142e-05,6.219120881805142e-05,hist_gradient_boosting,Histogram Gradient Boosting
2014-07-16,23,86,0,0.0,1.0123283084506753,0.0,0.0,hist_gradient_boosting,Histogram Gradient Boosting
2014-09-25,2,91,0,0.0,1.0123283084506753,0.0,0.0,hist_gradient_boosting,Histogram Gradient Boosting
2014-09-16,38,63,0,0.0,1.0123283084506753,0.0,0.0,hist_gradient_boosting,Histogram Gradient Boosting
2014-09-22,1,82,0,0.00012999924672735992,1.0123283084506753,-0.00012999924672735992,0.00012999924672735992,hist_gradient_boosting,Histogram Gradient Boosting
2014-10-29,22,82,0,0.0,1.0123283084506753,0.0,0.0,hist_gradient_boosting,Histogram Gradient Boosting
2014-08-05,32,102,0,0.0,1.0123283084506753,0.0,0.0,hist_gradient_boosting,Histogram Gradient Boosting
2014-07-19,40,54,0,0.0003327559743562107,1.0123283084506753,-0.0003327559743562107,0.0003327559743562107,hist_gradient_boosting,Histogram Gradient Boosting
2014-07-04,5,38,0,0.00016258520946830306,1.0123283084506753,-0.00016258520946830306,0.00016258520946830306,hist_gradient_boosting,Histogram Gradient Boosting
2014-10-30,32,13,0,0.0,1.0123283084506753,0.0,0.0,hist_gradient_boosting,Histogram Gradient Boosting
2014-10-30,38,52,0,0.0,1.0123283084506753,0.0,0.0,hist_gradient_boosting,Histogram Gradient Boosting
2014-08-09,17,76,0,0.0002707738107187948,1.0123283084506753,-0.0002707738107187948,0.0002707738107187948,hist_gradient_boosting,Histogram Gradient Boosting
2014-08-09,10,87,0,0.00023899094560932222,1.0123283084506753,-0.00023899094560932222,0.00023899094560932222,hist_gradient_boosting,Histogram Gradient Boosting
2014-09-17,35,100,0,6.07889383444324e-06,1.0123283084506753,-6.07889383444324e-06,6.07889383444324e-06,hist_gradient_boosting,Histogram Gradient Boosting
2014-07-26,5,63,0,0.0002595961207229878,1.0123283084506753,-0.0002595961207229878,0.0002595961207229878,hist_gradient_boosting,Histogram Gradient Boosting
2014-08-13,34,65,0,0.0,1.0123283084506753,0.0,0.0,hist_gradient_boosting,Histogram Gradient Boosting
2014-10-14,25,6,0,0.0,1.0123283084506753,0.0,0.0,hist_gradient_boosting,Histogram Gradient Boosting
2014-10-18,8,67,0,2.8664415178874982e-05,1.0123283084506753,-2.8664415178874982e-05,2.8664415178874982e-05,hist_gradient_boosting,Histogram Gradient Boosting
2014-08-02,44,58,0,0.0,1.0123283084506753,0.0,0.0,hist_gradient_boosting,Histogram Gradient Boosting
2014-09-02,22,105,0,0.0,1.0123283084506753,0.0,0.0,hist_gradient_boosting,Histogram Gradient Boosting
2014-10-07,19,78,0,6.430373716243961e-05,1.0123283084506753,-6.430373716243961e-05,6.430373716243961e-05,hist_gradient_boosting,Histogram Gradient Boosting
2014-07-09,37,105,0,0.011733319702783877,0.03555555641651155,-0.011733319702783877,0.011733319702783877,hist_gradient_boosting,Histogram Gradient Boosting
2014-08-02,30,15,0,0.0019698743894933407,1.0123283084506753,-0.0019698743894933407,0.0019698743894933407,hist_gradient_boosting,Histogram Gradient Boosting
2014-09-10,26,9,0,0.0,1.0123283084506753,0.0,0.0,hist_gradient_boosting,Histogram Gradient Boosting
2014-09-19,1,88,0,1.7961966480299298e-05,1.0123283084506753,-1.7961966480299298e-05,1.7961966480299298e-05,hist_gradient_boosting,Histogram Gradient Boosting
2014-08-21,12,12,0,0.0,1.0123283084506753,0.0,0.0,hist_gradient_boosting,Histogram Gradient Boosting
2014-07-05,38,65,0,0.0003142458083980487,1.0123283084506753,-0.0003142458083980487,0.0003142458083980487,hist_gradient_boosting,Histogram Gradient Boosting
2014-07-03,4,45,0,0.0,1.0123283084506753,0.0,0.0,hist_gradient_boosting,Histogram Gradient Boosting
2014-10-29,27,21,0,0.0,1.0123283084506753,0.0,0.0,hist_gradient_boosting,Histogram Gradient Boosting
2014-09-04,16,76,0,2.107772488939884e-06,1.0123283084506753,-2.107772488939884e-06,2.107772488939884e-06,hist_gradient_boosting,Histogram Gradient Boosting
2014-09-12,19,8,0,0.0,1.0123283084506753,0.0,0.0,hist_gradient_boosting,Histogram Gradient Boosting
2014-08-12,25,75,0,0.0,1.0123283084506753,0.0,0.0,hist_gradient_boosting,Histogram Gradient Boosting
2014-08-08,43,13,0,0.0,1.0123283084506753,0.0,0.0,hist_gradient_boosting,Histogram Gradient Boosting
2014-08-19,7,70,0,6.07889383444324e-06,1.0123283084506753,-6.07889383444324e-06,6.07889383444324e-06,hist_gradient_boosting,Histogram Gradient Boosting
2014-10-21,21,46,0,0.0,1.0123283084506753,0.0,0.0,hist_gradient_boosting,Histogram Gradient Boosting
2014-09-13,33,18,0,0.00019475388403945382,1.0123283084506753,-0.00019475388403945382,0.00019475388403945382,hist_gradient_boosting,Histogram Gradient Boosting
2014-09-08,34,110,0,0.0,1.0123283084506753,0.0,0.0,hist_gradient_boosting,Histogram Gradient Boosting
2014-08-06,27,37,0,8.516980599440673e-05,1.0123283084506753,-8.516980599440673e-05,8.516980599440673e-05,hist_gradient_boosting,Histogram Gradient Boosting
2014-10-08,40,75,0,0.0,1.0123283084506753,0.0,0.0,hist_gradient_boosting,Histogram Gradient Boosting
2014-09-08,19,33,0,6.603491482256625e-05,1.0123283084506753,-6.603491482256625e-05,6.603491482256625e-05,hist_gradient_boosting,Histogram Gradient Boosting
2014-09-07,13,107,0,0.0002711899387298464,1.0123283084506753,-0.0002711899387298464,0.0002711899387298464,hist_gradient_boosting,Histogram Gradient Boosting
2014-08-25,3,86,0,0.0002509496413123995,1.0123283084506753,-0.0002509496413123995,0.0002509496413123995,hist_gradient_boosting,Histogram Gradient Boosting
2014-08-08,43,104,0,0.00018163410883459454,1.0123283084506753,-0.00018163410883459454,0.00018163410883459454,hist_gradient_boosting,Histogram Gradient Boosting
2014-07-24,36,4,0,6.07889383444324e-06,1.0123283084506753,-6.07889383444324e-06,6.07889383444324e-06,hist_gradient_boosting,Histogram Gradient Boosting
2014-07-02,2,96,0,4.3883585485464296e-05,1.0123283084506753,-4.3883585485464296e-05,4.3883585485464296e-05,hist_gradient_boosting,Histogram Gradient Boosting
2014-09-03,40,65,0,2.9718245623968948e-05,1.0123283084506753,-2.9718245623968948e-05,2.9718245623968948e-05,hist_gradient_boosting,Histogram Gradient Boosting
2014-08-04,6,101,0,0.00016102646304623765,1.0123283084506753,-0.00016102646304623765,0.00016102646304623765,hist_gradient_boosting,Histogram Gradient Boosting
2014-10-05,1,57,0,0.00014728719039563206,1.0123283084506753,-0.00014728719039563206,0.00014728719039563206,hist_gradient_boosting,Histogram Gradient Boosting
2014-10-24,41,72,0,6.219120881805142e-05,1.0123283084506753,-6.219120881805142e-05,6.219120881805142e-05,hist_gradient_boosting,Histogram Gradient Boosting
2014-10-10,22,100,0,7.160641540627506e-05,1.0123283084506753,-7.160641540627506e-05,7.160641540627506e-05,hist_gradient_boosting,Histogram Gradient Boosting
2014-07-01,16,43,0,0.0,1.0123283084506753,0.0,0.0,hist_gradient_boosting,Histogram Gradient Boosting
2014-09-28,40,44,0,0.001480515138007156,1.0123283084506753,-0.001480515138007156,0.001480515138007156,hist_gradient_boosting,Histogram Gradient Boosting
2014-07-30,30,96,0,6.07889383444324e-06,1.0123283084506753,-6.07889383444324e-06,6.07889383444324e-06,hist_gradient_boosting,Histogram Gradient Boosting
2014-07-21,2,68,0,0.00025279588377956575,1.0123283084506753,-0.00025279588377956575,0.00025279588377956575,hist_gradient_boosting,Histogram Gradient Boosting
2014-10-28,24,65,0,3.114074172031373e-05,1.0123283084506753,-3.114074172031373e-05,3.114074172031373e-05,hist_gradient_boosting,Histogram Gradient Boosting
2014-09-15,37,30,0,0.00018407264921824153,1.0123283084506753,-0.00018407264921824153,0.00018407264921824153,hist_gradient_boosting,Histogram Gradient Boosting
2014-10-28,40,59,0,0.0,1.0123283084506753,0.0,0.0,hist_gradient_boosting,Histogram Gradient Boosting
2014-07-20,34,30,0,0.00029059973076125316,1.0123283084506753,-0.00029059973076125316,0.00029059973076125316,hist_gradient_boosting,Histogram Gradient Boosting
2014-07-10,7,89,0,0.0,1.0123283084506753,0.0,0.0,hist_gradient_boosting,Histogram Gradient Boosting
2014-09-12,22,1,0,1.0930872561034423e-05,1.0123283084506753,-1.0930872561034423e-05,1.0930872561034423e-05,hist_gradient_boosting,Histogram Gradient Boosting
2014-09-23,31,31,0,0.0,1.0123283084506753,0.0,0.0,hist_gradient_boosting,Histogram Gradient Boosting
2014-09-25,33,89,0,0.0,1.0123283084506753,0.0,0.0,hist_gradient_boosting,Histogram Gradient Boosting
2014-07-22,30,11,0,0.0,1.0123283084506753,0.0,0.0,hist_gradient_boosting,Histogram Gradient Boosting
2014-07-18,32,50,0,0.00011272641301641633,1.0123283084506753,-0.00011272641301641633,0.00011272641301641633,hist_gradient_boosting,Histogram Gradient Boosting
2014-09-20,6,12,0,0.0002643794515604371,1.0123283084506753,-0.0002643794515604371,0.0002643794515604371,hist_gradient_boosting,Histogram Gradient Boosting
2014-07-28,20,24,0,0.00013353383992965027,1.0123283084506753,-0.00013353383992965027,0.00013353383992965027,hist_gradient_boosting,Histogram Gradient Boosting
2014-09-14,22,85,0,0.0002661121598999148,1.0123283084506753,-0.0002661121598999148,0.0002661121598999148,hist_gradient_boosting,Histogram Gradient Boosting
2014-10-23,13,80,0,0.0,1.0123283084506753,0.0,0.0,hist_gradient_boosting,Histogram Gradient Boosting
2014-08-08,13,28,0,8.560935762680007e-05,1.0123283084506753,-8.560935762680007e-05,8.560935762680007e-05,hist_gradient_boosting,Histogram Gradient Boosting
2014-10-09,17,105,0,0.0,1.0123283084506753,0.0,0.0,hist_gradient_boosting,Histogram Gradient Boosting
2014-08-14,31,51,0,0.0,1.0123283084506753,0.0,0.0,hist_gradient_boosting,Histogram Gradient Boosting
2014-09-14,25,95,0,8.586297239443369e-05,1.0123283084506753,-8.586297239443369e-05,8.586297239443369e-05,hist_gradient_boosting,Histogram Gradient Boosting
2014-09-05,15,80,0,8.562085709769246e-05,1.0123283084506753,-8.562085709769246e-05,8.562085709769246e-05,hist_gradient_boosting,Histogram Gradient Boosting
2014-09-14,30,108,0,1.278616287205271e-05,1.0123283084506753,-1.278616287205271e-05,1.278616287205271e-05,hist_gradient_boosting,Histogram Gradient Boosting
2014-07-25,34,15,0,0.0017817531586126762,1.0123283084506753,-0.0017817531586126762,0.0017817531586126762,hist_gradient_boosting,Histogram Gradient Boosting
2014-10-02,13,68,0,2.9718245623968948e-05,1.0123283084506753,-2.9718245623968948e-05,2.9718245623968948e-05,hist_gradient_boosting,Histogram Gradient Boosting
2014-07-16,15,17,0,1.1997190180298058e-05,1.0123283084506753,-1.1997190180298058e-05,1.1997190180298058e-05,hist_gradient_boosting,Histogram Gradient Boosting
2014-10-01,4,71,0,0.0,1.0123283084506753,0.0,0.0,hist_gradient_boosting,Histogram Gradient Boosting
2014-10-17,27,95,0,0.0005344306940036608,1.0123283084506753,-0.0005344306940036608,0.0005344306940036608,hist_gradient_boosting,Histogram Gradient Boosting
2014-08-01,43,27,0,0.00027619240930240076,1.0123283084506753,-0.00027619240930240076,0.00027619240930240076,hist_gradient_boosting,Histogram Gradient Boosting
2014-09-10,29,45,53,41.51265625804766,42.153888130187994,11.487343741952337,11.487343741952337,hist_gradient_boosting,Histogram Gradient Boosting
2014-07-08,37,34,0,0.0,1.0123283084506753,0.0,0.0,hist_gradient_boosting,Histogram Gradient Boosting
2014-07-25,45,73,0,4.80256096342295e-05,1.0123283084506753,-4.80256096342295e-05,4.80256096342295e-05,hist_gradient_boosting,Histogram Gradient Boosting
2014-09-24,5,69,0,0.0,1.0123283084506753,0.0,0.0,hist_gradient_boosting,Histogram Gradient Boosting
2014-08-15,9,34,0,0.0001372102288326719,1.0123283084506753,-0.0001372102288326719,0.0001372102288326719,hist_gradient_boosting,Histogram Gradient Boosting
2014-10-22,6,42,0,0.0,1.0123283084506753,0.0,0.0,hist_gradient_boosting,Histogram Gradient Boosting
2014-08-20,2,15,0,0.001648671095810893,1.0123283084506753,-0.001648671095810893,0.001648671095810893,hist_gradient_boosting,Histogram Gradient Boosting
2014-08-22,22,21,0,0.00018779868150139777,1.0123283084506753,-0.00018779868150139777,0.00018779868150139777,hist_gradient_boosting,Histogram Gradient Boosting
2014-10-14,38,37,0,0.0,1.0123283084506753,0.0,0.0,hist_gradient_boosting,Histogram Gradient Boosting
2014-09-24,40,36,0,0.0002159518980500406,1.0123283084506753,-0.0002159518980500406,0.0002159518980500406,hist_gradient_boosting,Histogram Gradient Boosting
2014-10-24,15,71,0,0.00011272641301641633,1.0123283084506753,-0.00011272641301641633,0.00011272641301641633,hist_gradient_boosting,Histogram Gradient Boosting
2014-08-11,7,58,0,0.00027531512924783795,1.0123283084506753,-0.00027531512924783795,0.00027531512924783795,hist_gradient_boosting,Histogram Gradient Boosting
2014-09-04,15,51,0,0.0,1.0123283084506753,0.0,0.0,hist_gradient_boosting,Histogram Gradient Boosting
2014-10-20,41,37,0,0.00010168209159894998,1.0123283084506753,-0.00010168209159894998,0.00010168209159894998,hist_gradient_boosting,Histogram Gradient Boosting
2014-10-31,3,70,0,0.00010887634056107957,1.0123283084506753,-0.00010887634056107957,0.00010887634056107957,hist_gradient_boosting,Histogram Gradient Boosting
2014-07-09,32,63,0,0.0,1.0123283084506753,0.0,0.0,hist_gradient_boosting,Histogram Gradient Boosting
2014-07-10,15,34,0,0.0,1.0123283084506753,0.0,0.0,hist_gradient_boosting,Histogram Gradient Boosting
2014-09-23,38,30,0,0.0,1.0123283084506753,0.0,0.0,hist_gradient_boosting,Histogram Gradient Boosting
2014-09-04,7,91,0,2.320374638925122e-05,1.0123283084506753,-2.320374638925122e-05,2.320374638925122e-05,hist_gradient_boosting,Histogram Gradient Boosting
2014-07-03,28,2,0,1.529479138142726,1.7277777552604676,-1.529479138142726,1.529479138142726,hist_gradient_boosting,Histogram Gradient Boosting
2014-09-27,4,75,0,0.00019565542114005716,1.0123283084506753,-0.00019565542114005716,0.00019565542114005716,hist_gradient_boosting,Histogram Gradient Boosting
2014-09-29,28,30,0,0.00022830923837367206,1.0123283084506753,-0.00022830923837367206,0.00022830923837367206,hist_gradient_boosting,Histogram Gradient Boosting
2014-10-15,40,103,0,0.0,1.0123283084506753,0.0,0.0,hist_gradient_boosting,Histogram Gradient Boosting
2014-10-27,30,67,0,3.108575589246488e-05,1.0123283084506753,-3.108575589246488e-05,3.108575589246488e-05,hist_gradient_boosting,Histogram Gradient Boosting
2014-08-10,3,5,184,73.93897993814173,57.055277633667,110.06102006185827,110.06102006185827,hist_gradient_boosting,Histogram Gradient Boosting
2014-10-08,27,90,0,0.0,1.0123283084506753,0.0,0.0,hist_gradient_boosting,Histogram Gradient Boosting
2014-09-22,4,108,0,9.305180055722431e-05,1.0123283084506753,-9.305180055722431e-05,9.305180055722431e-05,hist_gradient_boosting,Histogram Gradient Boosting
2014-09-11,18,80,0,0.0,1.0123283084506753,0.0,0.0,hist_gradient_boosting,Histogram Gradient Boosting
2014-10-08,30,47,0,0.0,1.0123283084506753,0.0,0.0,hist_gradient_boosting,Histogram Gradient Boosting
2014-09-02,38,43,0,0.0,1.0123283084506753,0.0,0.0,hist_gradient_boosting,Histogram Gradient Boosting
2014-07-26,22,16,0,0.0019213376463247235,1.0123283084506753,-0.0019213376463247235,0.0019213376463247235,hist_gradient_boosting,Histogram Gradient Boosting
2014-10-25,5,87,0,0.00023933638791378932,1.0123283084506753,-0.00023933638791378932,0.00023933638791378932,hist_gradient_boosting,Histogram Gradient Boosting
2014-10-16,40,17,0,0.0,1.0123283084506753,0.0,0.0,hist_gradient_boosting,Histogram Gradient Boosting
2014-10-18,31,25,0,0.0,1.0123283084506753,0.0,0.0,hist_gradient_boosting,Histogram Gradient Boosting
2014-07-29,44,2,0,5.9165853427751076e-05,1.0123283084506753,-5.9165853427751076e-05,5.9165853427751076e-05,hist_gradient_boosting,Histogram Gradient Boosting
2014-10-25,27,98,0,0.00027975773608808556,1.0123283084506753,-0.00027975773608808556,0.00027975773608808556,hist_gradient_boosting,Histogram Gradient Boosting
2014-07-16,19,49,0,0.0,1.0123283084506753,0.0,0.0,hist_gradient_boosting,Histogram Gradient Boosting
2014-09-14,15,85,0,0.0003327559743562107,1.0123283084506753,-0.0003327559743562107,0.0003327559743562107,hist_gradient_boosting,Histogram Gradient Boosting
2014-08-17,32,55,0,0.0003065345901280382,1.0123283084506753,-0.0003065345901280382,0.0003065345901280382,hist_gradient_boosting,Histogram Gradient Boosting
2014-08-02,28,79,0,0.0002250454025149527,1.0123283084506753,-0.0002250454025149527,0.0002250454025149527,hist_gradient_boosting,Histogram Gradient Boosting
2014-09-02,4,104,0,0.0,1.0123283084506753,0.0,0.0,hist_gradient_boosting,Histogram Gradient Boosting
2014-10-16,10,105,0,0.0,1.0123283084506753,0.0,0.0,hist_gradient_boosting,Histogram Gradient Boosting
2014-10-18,34,2,0,0.0017274233686424441,1.0123283084506753,-0.0017274233686424441,0.0017274233686424441,hist_gradient_boosting,Histogram Gradient Boosting
2014-07-19,35,63,0,1.680552688421016,1.4002777934074404,-1.680552688421016,1.680552688421016,hist_gradient_boosting,Histogram Gradient Boosting
2014-08-05,37,19,0,0.0,1.0123283084506753,0.0,0.0,hist_gradient_boosting,Histogram Gradient Boosting
2014-10-10,39,99,0,0.0001363087444122707,1.0123283084506753,-0.0001363087444122707,0.0001363087444122707,hist_gradient_boosting,Histogram Gradient Boosting
2014-09-04,40,50,0,0.0,1.0123283084506753,0.0,0.0,hist_gradient_boosting,Histogram Gradient Boosting
2014-10-02,39,75,0,2.1471458827233492e-05,1.0123283084506753,-2.1471458827233492e-05,2.1471458827233492e-05,hist_gradient_boosting,Histogram Gradient Boosting
2014-10-03,8,77,0,0.00015053513641950686,1.0123283084506753,-0.00015053513641950686,0.00015053513641950686,hist_gradient_boosting,Histogram Gradient Boosting
2014-09-16,23,11,0,0.0,1.0123283084506753,0.0,0.0,hist_gradient_boosting,Histogram Gradient Boosting
2014-10-21,17,50,0,0.0,1.0123283084506753,0.0,0.0,hist_gradient_boosting,Histogram Gradient Boosting
2014-09-19,45,64,0,0.00010887634056107957,1.0123283084506753,-0.00010887634056107957,0.00010887634056107957,hist_gradient_boosting,Histogram Gradient Boosting
2014-09-07,17,59,0,9.482179356181212e-05,1.0123283084506753,-9.482179356181212e-05,9.482179356181212e-05,hist_gradient_boosting,Histogram Gradient Boosting
2014-09-30,37,49,0,0.0,1.0123283084506753,0.0,0.0,hist_gradient_boosting,Histogram Gradient Boosting
2014-07-15,40,40,0,0.0,1.0123283084506753,0.0,0.0,hist_gradient_boosting,Histogram Gradient Boosting
2014-07-31,20,50,0,1.1997190180298058e-05,1.0123283084506753,-1.1997190180298058e-05,1.1997190180298058e-05,hist_gradient_boosting,Histogram Gradient Boosting
2014-07-18,36,16,0,0.003699226493255932,1.0123283084506753,-0.003699226493255932,0.003699226493255932,hist_gradient_boosting,Histogram Gradient Boosting
2014-09-25,22,90,0,1.7792624899025665e-05,1.0123283084506753,-1.7792624899025665e-05,1.7792624899025665e-05,hist_gradient_boosting,Histogram Gradient Boosting
2014-07-16,27,88,0,0.0,1.0123283084506753,0.0,0.0,hist_gradient_boosting,Histogram Gradient Boosting
2014-08-05,38,54,0,2.9718245623968948e-05,1.0123283084506753,-2.9718245623968948e-05,2.9718245623968948e-05,hist_gradient_boosting,Histogram Gradient Boosting
2014-10-10,19,102,0,2.0910308542126664e-05,1.0123283084506753,-2.0910308542126664e-05,2.0910308542126664e-05,hist_gradient_boosting,Histogram Gradient Boosting
2014-08-04,21,77,0,0.0002257345773233129,1.0123283084506753,-0.0002257345773233129,0.0002257345773233129,hist_gradient_boosting,Histogram Gradient Boosting
2014-08-18,8,74,0,0.00011029820144989667,1.0123283084506753,-0.00011029820144989667,0.00011029820144989667,hist_gradient_boosting,Histogram Gradient Boosting
2014-08-07,3,26,0,0.0001310429074054575,1.0123283084506753,-0.0001310429074054575,0.0001310429074054575,hist_gradient_boosting,Histogram Gradient Boosting
2014-07-25,24,34,0,0.0001306950293623216,1.0123283084506753,-0.0001306950293623216,0.0001306950293623216,hist_gradient_boosting,Histogram Gradient Boosting
2014-08-20,7,74,0,0.0,1.0123283084506753,0.0,0.0,hist_gradient_boosting,Histogram Gradient Boosting
2014-09-20,45,56,0,2.4651685283043688e-05,1.0123283084506753,-2.4651685283043688e-05,2.4651685283043688e-05,hist_gradient_boosting,Histogram Gradient Boosting
2014-09-24,36,69,0,0.0,1.0123283084506753,0.0,0.0,hist_gradient_boosting,Histogram Gradient Boosting
2014-09-27,26,22,0,0.00022588742012967877,1.0123283084506753,-0.00022588742012967877,0.00022588742012967877,hist_gradient_boosting,Histogram Gradient Boosting
2014-09-21,45,78,0,0.00030722213397500704,1.0123283084506753,-0.00030722213397500704,0.00030722213397500704,hist_gradient_boosting,Histogram Gradient Boosting
2014-10-12,22,33,0,0.00021277201921213776,1.0123283084506753,-0.00021277201921213776,0.00021277201921213776,hist_gradient_boosting,Histogram Gradient Boosting
2014-10-13,22,90,0,0.0001749711135625984,1.0123283084506753,-0.0001749711135625984,0.0001749711135625984,hist_gradient_boosting,Histogram Gradient Boosting
2014-08-21,14,48,0,0.0,1.0123283084506753,0.0,0.0,hist_gradient_boosting,Histogram Gradient Boosting
2014-10-08,17,31,0,0.0,1.0123283084506753,0.0,0.0,hist_gradient_boosting,Histogram Gradient Boosting
2014-07-21,33,110,0,0.000497127172634539,1.0123283084506753,-0.000497127172634539,0.000497127172634539,hist_gradient_boosting,Histogram Gradient Boosting
2014-08-23,22,64,0,0.0002595961207229878,1.0123283084506753,-0.0002595961207229878,0.0002595961207229878,hist_gradient_boosting,Histogram Gradient Boosting
2014-07-12,12,70,0,0.00019016693614017126,1.0123283084506753,-0.00019016693614017126,0.00019016693614017126,hist_gradient_boosting,Histogram Gradient Boosting
2014-10-28,40,73,0,0.0,1.0123283084506753,0.0,0.0,hist_gradient_boosting,Histogram Gradient Boosting
2014-08-10,13,40,0,0.00023899094560932222,1.0123283084506753,-0.00023899094560932222,0.00023899094560932222,hist_gradient_boosting,Histogram Gradient Boosting
2014-08-23,13,70,0,0.00029059973076125316,1.0123283084506753,-0.00029059973076125316,0.00029059973076125316,hist_gradient_boosting,Histogram Gradient Boosting
2014-07-06,12,52,0,0.0002654661731665746,1.0123283084506753,-0.0002654661731665746,0.0002654661731665746,hist_gradient_boosting,Histogram Gradient Boosting
2014-08-07,28,35,3,1.5670155714830565,0.41222222447395324,1.4329844285169435,1.4329844285169435,hist_gradient_boosting,Histogram Gradient Boosting
2014-10-08,41,99,0,0.0,1.0123283084506753,0.0,0.0,hist_gradient_boosting,Histogram Gradient Boosting
2014-07-19,24,1,0,0.00044845720007193935,1.0123283084506753,-0.00044845720007193935,0.00044845720007193935,hist_gradient_boosting,Histogram Gradient Boosting
2014-10-24,15,68,0,0.0001389427168832167,1.0123283084506753,-0.0001389427168832167,0.0001389427168832167,hist_gradient_boosting,Histogram Gradient Boosting
2014-10-02,15,37,0,0.0,1.0123283084506753,0.0,0.0,hist_gradient_boosting,Histogram Gradient Boosting
2014-10-08,14,25,4,3.8959085910471862,5.877499938011169,0.10409140895281377,0.10409140895281377,hist_gradient_boosting,Histogram Gradient Boosting
2014-07-09,14,79,0,0.0,1.0123283084506753,0.0,0.0,hist_gradient_boosting,Histogram Gradient Boosting
2014-10-22,4,54,0,0.0,1.0123283084506753,0.0,0.0,hist_gradient_boosting,Histogram Gradient Boosting
2014-10-30,24,67,0,0.0,1.0123283084506753,0.0,0.0,hist_gradient_boosting,Histogram Gradient Boosting
2014-08-03,5,31,0,0.00030219390812503635,1.0123283084506753,-0.00030219390812503635,0.00030219390812503635,hist_gradient_boosting,Histogram Gradient Boosting
2014-09-07,8,64,0,0.00025718439805761864,1.0123283084506753,-0.00025718439805761864,0.00025718439805761864,hist_gradient_boosting,Histogram Gradient Boosting
2014-08-09,3,105,0,0.0004746424596873888,1.0123283084506753,-0.0004746424596873888,0.0004746424596873888,hist_gradient_boosting,Histogram Gradient Boosting
2014-10-03,8,59,0,1.01549027172806,0.30888889729976654,-1.01549027172806,1.01549027172806,hist_gradient_boosting,Histogram Gradient Boosting
2014-10-05,27,35,0,0.0003681208831757917,1.0123283084506753,-0.0003681208831757917,0.0003681208831757917,hist_gradient_boosting,Histogram Gradient Boosting
2014-07-23,4,12,0,0.0,1.0123283084506753,0.0,0.0,hist_gradient_boosting,Histogram Gradient Boosting
2014-09-14,17,101,0,0.00015543351471981393,1.0123283084506753,-0.00015543351471981393,0.00015543351471981393,hist_gradient_boosting,Histogram Gradient Boosting
2014-10-16,14,101,0,0.0,1.0123283084506753,0.0,0.0,hist_gradient_boosting,Histogram Gradient Boosting
2014-09-09,17,91,0,0.0,1.0123283084506753,0.0,0.0,hist_gradient_boosting,Histogram Gradient Boosting
2014-09-25,20,28,0,0.0,1.0123283084506753,0.0,0.0,hist_gradient_boosting,Histogram Gradient Boosting
2014-09-12,28,40,0,9.9727449536383e-05,1.0123283084506753,-9.9727449536383e-05,9.9727449536383e-05,hist_gradient_boosting,Histogram Gradient Boosting
2014-08-28,11,49,0,0.0,1.0123283084506753,0.0,0.0,hist_gradient_boosting,Histogram Gradient Boosting
2014-08-09,42,45,52,63.31793555122589,59.554166603088376,-11.317935551225887,11.317935551225887,hist_gradient_boosting,Histogram Gradient Boosting
2014-09-25,34,109,0,0.0005882021662424966,1.0123283084506753,-0.0005882021662424966,0.0005882021662424966,hist_gradient_boosting,Histogram Gradient Boosting
2014-09-05,13,83,0,9.136623727662458e-05,1.0123283084506753,-9.136623727662458e-05,9.136623727662458e-05,hist_gradient_boosting,Histogram Gradient Boosting
2014-07-18,39,70,0,0.00010637436738227922,1.0123283084506753,-0.00010637436738227922,0.00010637436738227922,hist_gradient_boosting,Histogram Gradient Boosting
2014-09-24,35,7,0,0.0,1.0123283084506753,0.0,0.0,hist_gradient_boosting,Histogram Gradient Boosting
2014-10-20,25,11,0,0.00020209059197246688,1.0123283084506753,-0.00020209059197246688,0.00020209059197246688,hist_gradient_boosting,Histogram Gradient Boosting
2014-09-11,32,25,0,0.0,1.0123283084506753,0.0,0.0,hist_gradient_boosting,Histogram Gradient Boosting
2014-10-12,14,68,0,0.00016798002221793415,1.0123283084506753,-0.00016798002221793415,0.00016798002221793415,hist_gradient_boosting,Histogram Gradient Boosting
2014-09-28,24,44,0,0.0012433193946674304,1.0123283084506753,-0.0012433193946674304,0.0012433193946674304,hist_gradient_boosting,Histogram Gradient Boosting
2014-07-19,40,105,0,0.0006169579540304551,1.0123283084506753,-0.0006169579540304551,0.0006169579540304551,hist_gradient_boosting,Histogram Gradient Boosting
2014-09-07,15,73,0,0.00033018104445229024,1.0123283084506753,-0.00033018104445229024,0.00033018104445229024,hist_gradient_boosting,Histogram Gradient Boosting
2014-08-30,36,27,0,0.00023989252258351228,1.0123283084506753,-0.00023989252258351228,0.00023989252258351228,hist_gradient_boosting,Histogram Gradient Boosting
2014-08-26,25,31,0,0.0,1.0123283084506753,0.0,0.0,hist_gradient_boosting,Histogram Gradient Boosting
2014-08-28,8,44,0,0.0006022601565363104,1.0123283084506753,-0.0006022601565363104,0.0006022601565363104,hist_gradient_boosting,Histogram Gradient Boosting
2014-09-07,14,2,0,0.0,1.0123283084506753,0.0,0.0,hist_gradient_boosting,Histogram Gradient Boosting
2014-08-23,15,88,0,0.0003065345901280382,1.0123283084506753,-0.0003065345901280382,0.0003065345901280382,hist_gradient_boosting,Histogram Gradient Boosting
2014-08-29,40,84,0,0.00010621137304112551,1.0123283084506753,-0.00010621137304112551,0.00010621137304112551,hist_gradient_boosting,Histogram Gradient Boosting
2014-10-21,6,46,0,4.346635936906237e-06,1.0123283084506753,-4.346635936906237e-06,4.346635936906237e-06,hist_gradient_boosting,Histogram Gradient Boosting
2014-08-25,21,90,0,0.00020209059197246688,1.0123283084506753,-0.00020209059197246688,0.00020209059197246688,hist_gradient_boosting,Histogram Gradient Boosting
2014-10-05,28,83,0,0.0002897576586699272,1.0123283084506753,-0.0002897576586699272,0.0002897576586699272,hist_gradient_boosting,Histogram Gradient Boosting
2014-09-29,15,48,0,0.00023350970332799674,1.0123283084506753,-0.00023350970332799674,0.00023350970332799674,hist_gradient_boosting,Histogram Gradient Boosting
2014-08-16,2,88,0,0.00023337665420931659,1.0123283084506753,-0.00023337665420931659,0.00023337665420931659,hist_gradient_boosting,Histogram Gradient Boosting
2014-08-13,7,28,0,0.0,1.0123283084506753,0.0,0.0,hist_gradient_boosting,Histogram Gradient Boosting
2014-07-03,37,73,0,3.5048048212948944e-06,1.0123283084506753,-3.5048048212948944e-06,3.5048048212948944e-06,hist_gradient_boosting,Histogram Gradient Boosting
2014-08-14,13,42,0,0.0,1.0123283084506753,0.0,0.0,hist_gradient_boosting,Histogram Gradient Boosting
2014-10-07,27,14,0,0.0,1.0123283084506753,0.0,0.0,hist_gradient_boosting,Histogram Gradient Boosting
2014-07-28,27,19,0,0.00020209059197246688,1.0123283084506753,-0.00020209059197246688,0.00020209059197246688,hist_gradient_boosting,Histogram Gradient Boosting
2014-10-19,25,88,0,0.00017518349237925345,1.0123283084506753,-0.00017518349237925345,0.00017518349237925345,hist_gradient_boosting,Histogram Gradient Boosting
2014-08-05,36,2,0,0.0016965189254868193,1.0123283084506753,-0.0016965189254868193,0.0016965189254868193,hist_gradient_boosting,Histogram Gradient Boosting
2014-09-10,31,33,0,0.0,1.0123283084506753,0.0,0.0,hist_gradient_boosting,Histogram Gradient Boosting
2014-09-18,28,50,0,0.0,1.0123283084506753,0.0,0.0,hist_gradient_boosting,Histogram Gradient Boosting
2014-09-26,25,76,0,0.00015556259992529695,1.0123283084506753,-0.00015556259992529695,0.00015556259992529695,hist_gradient_boosting,Histogram Gradient Boosting
2014-08-06,33,59,0,0.00010382778718389368,1.0123283084506753,-0.00010382778718389368,0.00010382778718389368,hist_gradient_boosting,Histogram Gradient Boosting
2014-08-21,14,78,0,0.0,1.0123283084506753,0.0,0.0,hist_gradient_boosting,Histogram Gradient Boosting
2014-09-27,24,38,0,0.00022187389885388388,1.0123283084506753,-0.00022187389885388388,0.00022187389885388388,hist_gradient_boosting,Histogram Gradient Boosting
2014-09-05,45,40,0,0.00016258520946830306,1.0123283084506753,-0.00016258520946830306,0.00016258520946830306,hist_gradient_boosting,Histogram Gradient Boosting
2014-10-17,27,18,0,7.424021747629475e-05,1.0123283084506753,-7.424021747629475e-05,7.424021747629475e-05,hist_gradient_boosting,Histogram Gradient Boosting
2014-08-22,38,65,0,0.0001389427168832167,1.0123283084506753,-0.0001389427168832167,0.0001389427168832167,hist_gradient_boosting,Histogram Gradient Boosting
2014-07-22,31,90,0,0.0,1.0123283084506753,0.0,0.0,hist_gradient_boosting,Histogram Gradient Boosting
2014-07-06,10,60,0,0.00019231124080777427,1.0123283084506753,-0.00019231124080777427,0.00019231124080777427,hist_gradient_boosting,Histogram Gradient Boosting
2014-07-05,37,109,0,0.0007208064277656756,1.0123283084506753,-0.0007208064277656756,0.0007208064277656756,hist_gradient_boosting,Histogram Gradient Boosting
2014-10-31,10,27,0,0.00017514274869110107,1.0123283084506753,-0.00017514274869110107,0.00017514274869110107,hist_gradient_boosting,Histogram Gradient Boosting
2014-07-03,27,61,0,0.0,1.0123283084506753,0.0,0.0,hist_gradient_boosting,Histogram Gradient Boosting
2014-09-20,20,39,0,0.0002643794515604371,1.0123283084506753,-0.0002643794515604371,0.0002643794515604371,hist_gradient_boosting,Histogram Gradient Boosting
2014-08-04,3,81,0,0.0002257345773233129,1.0123283084506753,-0.0002257345773233129,0.0002257345773233129,hist_gradient_boosting,Histogram Gradient Boosting
2014-07-24,26,110,0,0.00023461201159372713,1.0123283084506753,-0.00023461201159372713,0.00023461201159372713,hist_gradient_boosting,Histogram Gradient Boosting
2014-09-06,34,107,0,0.0002514380652773479,1.0123283084506753,-0.0002514380652773479,0.0002514380652773479,hist_gradient_boosting,Histogram Gradient Boosting
2014-08-05,19,78,0,3.753336731505164e-05,1.0123283084506753,-3.753336731505164e-05,3.753336731505164e-05,hist_gradient_boosting,Histogram Gradient Boosting
2014-09-02,30,3,0,0.0,1.0123283084506753,0.0,0.0,hist_gradient_boosting,Histogram Gradient Boosting
2014-08-12,26,62,0,0.0,1.0123283084506753,0.0,0.0,hist_gradient_boosting,Histogram Gradient Boosting
2014-09-27,42,43,0,0.0011330041756927155,1.0123283084506753,-0.0011330041756927155,0.0011330041756927155,hist_gradient_boosting,Histogram Gradient Boosting
2014-10-22,10,18,0,2.0243898846437523e-05,1.0123283084506753,-2.0243898846437523e-05,2.0243898846437523e-05,hist_gradient_boosting,Histogram Gradient Boosting
2014-07-09,14,76,0,0.0,1.0123283084506753,0.0,0.0,hist_gradient_boosting,Histogram Gradient Boosting
2014-08-31,43,63,0,0.0002014014334552683,1.0123283084506753,-0.0002014014334552683,0.0002014014334552683,hist_gradient_boosting,Histogram Gradient Boosting
2014-10-26,34,109,0,0.0012653986988546571,1.0123283084506753,-0.0012653986988546571,0.0012653986988546571,hist_gradient_boosting,Histogram Gradient Boosting
2014-07-23,35,106,0,0.0,1.0123283084506753,0.0,0.0,hist_gradient_boosting,Histogram Gradient Boosting
2014-09-26,35,90,0,8.266082481403352e-05,1.0123283084506753,-8.266082481403352e-05,8.266082481403352e-05,hist_gradient_boosting,Histogram Gradient Boosting
2014-08-23,18,87,0,0.0002661121598999148,1.0123283084506753,-0.0002661121598999148,0.0002661121598999148,hist_gradient_boosting,Histogram Gradient Boosting
2014-09-15,16,45,0,0.0,1.0123283084506753,0.0,0.0,hist_gradient_boosting,Histogram Gradient Boosting
2014-10-16,38,78,0,2.269656900209198e-05,1.0123283084506753,-2.269656900209198e-05,2.269656900209198e-05,hist_gradient_boosting,Histogram Gradient Boosting
2014-08-26,45,90,0,0.0,1.0123283084506753,0.0,0.0,hist_gradient_boosting,Histogram Gradient Boosting
2014-08-16,3,83,0,0.0003327559743562107,1.0123283084506753,-0.0003327559743562107,0.0003327559743562107,hist_gradient_boosting,Histogram Gradient Boosting
2014-10-30,40,44,0,0.0,1.0123283084506753,0.0,0.0,hist_gradient_boosting,Histogram Gradient Boosting
2014-09-25,32,8,0,0.0,1.0123283084506753,0.0,0.0,hist_gradient_boosting,Histogram Gradient Boosting
2014-07-19,33,30,0,0.00022588742012967877,1.0123283084506753,-0.00022588742012967877,0.00022588742012967877,hist_gradient_boosting,Histogram Gradient Boosting
2014-08-13,2,5,92,40.860837736489,63.45722255706788,51.139162263511,51.139162263511,hist_gradient_boosting,Histogram Gradient Boosting
2014-08-07,7,104,0,0.0,1.0123283084506753,0.0,0.0,hist_gradient_boosting,Histogram Gradient Boosting
2014-07-02,34,79,0,4.3883585485464296e-05,1.0123283084506753,-4.3883585485464296e-05,4.3883585485464296e-05,hist_gradient_boosting,Histogram Gradient Boosting
2014-07-24,3,55,0,0.0,1.0123283084506753,0.0,0.0,hist_gradient_boosting,Histogram Gradient Boosting
2014-10-17,7,76,0,0.00015556259992529695,1.0123283084506753,-0.00015556259992529695,0.00015556259992529695,hist_gradient_boosting,Histogram Gradient Boosting
2014-10-13,12,37,27,17.066082698346108,16.70861120223999,9.933917301653892,9.933917301653892,hist_gradient_boosting,Histogram Gradient Boosting
2014-08-03,5,56,0,0.000414417002830351,1.0123283084506753,-0.000414417002830351,0.000414417002830351,hist_gradient_boosting,Histogram Gradient Boosting
2014-10-06,36,84,0,0.00021921880117829992,1.0123283084506753,-0.00021921880117829992,0.00021921880117829992,hist_gradient_boosting,Histogram Gradient Boosting
2014-09-02,37,73,0,3.5048048212948944e-06,1.0123283084506753,-3.5048048212948944e-06,3.5048048212948944e-06,hist_gradient_boosting,Histogram Gradient Boosting
2014-09-19,21,62,0,0.0001372102288326719,1.0123283084506753,-0.0001372102288326719,0.0001372102288326719,hist_gradient_boosting,Histogram Gradient Boosting
2014-07-27,12,75,0,0.0003310231505731609,1.0123283084506753,-0.0003310231505731609,0.0003310231505731609,hist_gradient_boosting,Histogram Gradient Boosting
2014-09-26,23,70,0,3.0010442253159545e-05,1.0123283084506753,-3.0010442253159545e-05,3.0010442253159545e-05,hist_gradient_boosting,Histogram Gradient Boosting
2014-09-23,45,76,0,0.0,1.0123283084506753,0.0,0.0,hist_gradient_boosting,Histogram Gradient Boosting
2014-07-06,10,37,16,22.659354242754855,21.158332920074464,-6.659354242754855,6.659354242754855,hist_gradient_boosting,Histogram Gradient Boosting
2014-09-18,15,13,0,0.0,1.0123283084506753,0.0,0.0,hist_gradient_boosting,Histogram Gradient Boosting
2014-09-15,4,20,0,0.00012456712873210642,1.0123283084506753,-0.00012456712873210642,0.00012456712873210642,hist_gradient_boosting,Histogram Gradient Boosting
2014-10-06,45,58,0,6.119487841159906e-05,1.0123283084506753,-6.119487841159906e-05,6.119487841159906e-05,hist_gradient_boosting,Histogram Gradient Boosting
2014-07-20,15,5,58,55.00652697066298,56.583888626098634,2.993473029337018,2.993473029337018,hist_gradient_boosting,Histogram Gradient Boosting
2014-07-06,21,35,0,0.00026353740154206213,1.0123283084506753,-0.00026353740154206213,0.00026353740154206213,hist_gradient_boosting,Histogram Gradient Boosting
2014-07-04,40,78,0,0.00017920548539125702,1.0123283084506753,-0.00017920548539125702,0.00017920548539125702,hist_gradient_boosting,Histogram Gradient Boosting
2014-07-17,11,73,0,0.0,1.0123283084506753,0.0,0.0,hist_gradient_boosting,Histogram Gradient Boosting
2014-08-03,29,67,0,0.00033552701040691065,1.0123283084506753,-0.00033552701040691065,0.00033552701040691065,hist_gradient_boosting,Histogram Gradient Boosting
2014-10-19,24,39,0,0.00023989252258351228,1.0123283084506753,-0.00023989252258351228,0.00023989252258351228,hist_gradient_boosting,Histogram Gradient Boosting
2014-07-19,32,68,0,0.0003327559743562107,1.0123283084506753,-0.0003327559743562107,0.0003327559743562107,hist_gradient_boosting,Histogram Gradient Boosting
2014-07-26,26,19,0,0.00023989252258351228,1.0123283084506753,-0.00023989252258351228,0.00023989252258351228,hist_gradient_boosting,Histogram Gradient Boosting
2014-07-25,29,33,0,0.00011272641301641633,1.0123283084506753,-0.00011272641301641633,0.00011272641301641633,hist_gradient_boosting,Histogram Gradient Boosting
2014-09-07,37,97,0,0.0001591543087111739,1.0123283084506753,-0.0001591543087111739,0.0001591543087111739,hist_gradient_boosting,Histogram Gradient Boosting
2014-10-28,43,55,0,0.0,1.0123283084506753,0.0,0.0,hist_gradient_boosting,Histogram Gradient Boosting
2014-08-13,36,20,0,0.0,1.0123283084506753,0.0,0.0,hist_gradient_boosting,Histogram Gradient Boosting
2014-08-26,29,96,0,0.0,1.0123283084506753,0.0,0.0,hist_gradient_boosting,Histogram Gradient Boosting
2014-09-02,11,46,0,3.5048048212948944e-06,1.0123283084506753,-3.5048048212948944e-06,3.5048048212948944e-06,hist_gradient_boosting,Histogram Gradient Boosting
2014-10-18,29,55,0,0.0002098231114881869,1.0123283084506753,-0.0002098231114881869,0.0002098231114881869,hist_gradient_boosting,Histogram Gradient Boosting
2014-07-12,36,110,0,0.0005078117506492373,1.0123283084506753,-0.0005078117506492373,0.0005078117506492373,hist_gradient_boosting,Histogram Gradient Boosting
2014-10-01,24,51,0,0.00024604808858149605,1.0123283084506753,-0.00024604808858149605,0.00024604808858149605,hist_gradient_boosting,Histogram Gradient Boosting
2014-07-06,22,79,0,0.0003142458083980487,1.0123283084506753,-0.0003142458083980487,0.0003142458083980487,hist_gradient_boosting,Histogram Gradient Boosting
2014-09-22,39,14,0,0.00017776819383198686,1.0123283084506753,-0.00017776819383198686,0.00017776819383198686,hist_gradient_boosting,Histogram Gradient Boosting
2014-07-10,35,100,0,0.0,1.0123283084506753,0.0,0.0,hist_gradient_boosting,Histogram Gradient Boosting
2014-08-27,19,70,0,6.07889383444324e-06,1.0123283084506753,-6.07889383444324e-06,6.07889383444324e-06,hist_gradient_boosting,Histogram Gradient Boosting
2014-10-30,38,95,0,0.0,1.0123283084506753,0.0,0.0,hist_gradient_boosting,Histogram Gradient Boosting
2014-08-24,37,36,0,0.001418865747967919,1.0123283084506753,-0.001418865747967919,0.001418865747967919,hist_gradient_boosting,Histogram Gradient Boosting
2014-08-13,37,2,0,0.0,1.0123283084506753,0.0,0.0,hist_gradient_boosting,Histogram Gradient Boosting
2014-09-11,2,52,0,0.0,1.0123283084506753,0.0,0.0,hist_gradient_boosting,Histogram Gradient Boosting
2014-08-07,13,23,0,4.314381604891466e-05,1.0123283084506753,-4.314381604891466e-05,4.314381604891466e-05,hist_gradient_boosting,Histogram Gradient Boosting
2014-08-26,7,20,0,0.0,1.0123283084506753,0.0,0.0,hist_gradient_boosting,Histogram Gradient Boosting
2014-07-20,29,29,0,0.00023989252258351228,1.0123283084506753,-0.00023989252258351228,0.00023989252258351228,hist_gradient_boosting,Histogram Gradient Boosting
2014-07-23,42,73,0,4.346635936906237e-06,1.0123283084506753,-4.346635936906237e-06,4.346635936906237e-06,hist_gradient_boosting,Histogram Gradient Boosting
2014-08-03,42,76,0,0.00024166671637479605,1.0123283084506753,-0.00024166671637479605,0.00024166671637479605,hist_gradient_boosting,Histogram Gradient Boosting
2014-07-03,26,83,0,0.0,1.0123283084506753,0.0,0.0,hist_gradient_boosting,Histogram Gradient Boosting
2014-07-02,17,2,0,0.002154191713142175,1.0123283084506753,-0.002154191713142175,0.002154191713142175,hist_gradient_boosting,Histogram Gradient Boosting
2014-07-12,19,52,0,0.0001949499349610513,1.0123283084506753,-0.0001949499349610513,0.0001949499349610513,hist_gradient_boosting,Histogram Gradient Boosting
2014-08-24,38,95,0,7.28922768251461e-05,1.0123283084506753,-7.28922768251461e-05,7.28922768251461e-05,hist_gradient_boosting,Histogram Gradient Boosting
2014-08-02,22,100,0,0.00028324146545899426,1.0123283084506753,-0.00028324146545899426,0.00028324146545899426,hist_gradient_boosting,Histogram Gradient Boosting
2014-10-29,12,73,0,0.0,1.0123283084506753,0.0,0.0,hist_gradient_boosting,Histogram Gradient Boosting
2014-08-30,1,63,0,0.00028851476588806366,1.0123283084506753,-0.00028851476588806366,0.00028851476588806366,hist_gradient_boosting,Histogram Gradient Boosting
2014-08-06,21,50,0,3.5048048212948944e-06,1.0123283084506753,-3.5048048212948944e-06,3.5048048212948944e-06,hist_gradient_boosting,Histogram Gradient Boosting
2014-07-25,41,50,0,0.00011272641301641633,1.0123283084506753,-0.00011272641301641633,0.00011272641301641633,hist_gradient_boosting,Histogram Gradient Boosting
2014-07-31,16,58,0,8.018668354490595e-05,1.0123283084506753,-8.018668354490595e-05,8.018668354490595e-05,hist_gradient_boosting,Histogram Gradient Boosting
2014-08-12,26,16,0,0.0,1.0123283084506753,0.0,0.0,hist_gradient_boosting,Histogram Gradient Boosting
2014-09-28,6,91,0,0.0002014014334552683,1.0123283084506753,-0.0002014014334552683,0.0002014014334552683,hist_gradient_boosting,Histogram Gradient Boosting
2014-10-10,42,52,0,0.0001415087310304594,1.0123283084506753,-0.0001415087310304594,0.0001415087310304594,hist_gradient_boosting,Histogram Gradient Boosting
2014-09-09,40,11,0,8.644567098599414e-06,1.0123283084506753,-8.644567098599414e-06,8.644567098599414e-06,hist_gradient_boosting,Histogram Gradient Boosting
2014-08-13,17,94,0,0.0,1.0123283084506753,0.0,0.0,hist_gradient_boosting,Histogram Gradient Boosting
2014-10-28,30,59,0,0.0,1.0123283084506753,0.0,0.0,hist_gradient_boosting,Histogram Gradient Boosting
2014-08-14,7,3,0,0.00021012581133733176,1.0123283084506753,-0.00021012581133733176,0.00021012581133733176,hist_gradient_boosting,Histogram Gradient Boosting
2014-10-19,8,101,0,0.00021383658440861914,1.0123283084506753,-0.00021383658440861914,0.00021383658440861914,hist_gradient_boosting,Histogram Gradient Boosting
2014-09-28,14,11,0,0.00017518349237925345,1.0123283084506753,-0.00017518349237925345,0.00017518349237925345,hist_gradient_boosting,Histogram Gradient Boosting
2014-08-25,28,64,0,0.00022830923837367206,1.0123283084506753,-0.00022830923837367206,0.00022830923837367206,hist_gradient_boosting,Histogram Gradient Boosting
2014-08-24,28,32,0,0.00023989252258351228,1.0123283084506753,-0.00023989252258351228,0.00023989252258351228,hist_gradient_boosting,Histogram Gradient Boosting
2014-07-24,41,31,0,0.0,1.0123283084506753,0.0,0.0,hist_gradient_boosting,Histogram Gradient Boosting
2014-08-02,22,67,0,0.00036923940597369335,1.0123283084506753,-0.00036923940597369335,0.00036923940597369335,hist_gradient_boosting,Histogram Gradient Boosting
2014-10-25,24,42,0,0.00023989252258351228,1.0123283084506753,-0.00023989252258351228,0.00023989252258351228,hist_gradient_boosting,Histogram Gradient Boosting
2014-07-21,20,19,0,0.00022657659551820575,1.0123283084506753,-0.00022657659551820575,0.00022657659551820575,hist_gradient_boosting,Histogram Gradient Boosting
2014-08-21,6,20,0,0.0,1.0123283084506753,0.0,0.0,hist_gradient_boosting,Histogram Gradient Boosting
2014-10-22,33,54,0,2.4045594087986417e-05,1.0123283084506753,-2.4045594087986417e-05,2.4045594087986417e-05,hist_gradient_boosting,Histogram Gradient Boosting
2014-07-01,12,54,0,0.0,1.0123283084506753,0.0,0.0,hist_gradient_boosting,Histogram Gradient Boosting
2014-10-15,25,23,0,0.0,1.0123283084506753,0.0,0.0,hist_gradient_boosting,Histogram Gradient Boosting
2014-07-14,25,36,0,0.005974928867712906,1.0123283084506753,-0.005974928867712906,0.005974928867712906,hist_gradient_boosting,Histogram Gradient Boosting
2014-07-30,3,66,0,0.00023207941272752566,1.0123283084506753,-0.00023207941272752566,0.00023207941272752566,hist_gradient_boosting,Histogram Gradient Boosting
2014-07-23,45,53,0,0.0,1.0123283084506753,0.0,0.0,hist_gradient_boosting,Histogram Gradient Boosting
2014-09-18,32,6,0,0.0,1.0123283084506753,0.0,0.0,hist_gradient_boosting,Histogram Gradient Boosting
2014-10-09,45,63,0,0.0,1.0123283084506753,0.0,0.0,hist_gradient_boosting,Histogram Gradient Boosting
2014-08-13,9,110,0,0.00018300611506053403,1.0123283084506753,-0.00018300611506053403,0.00018300611506053403,hist_gradient_boosting,Histogram Gradient Boosting
2014-10-16,8,93,0,0.0,1.0123283084506753,0.0,0.0,hist_gradient_boosting,Histogram Gradient Boosting
2014-07-02,24,25,0,0.0,1.0123283084506753,0.0,0.0,hist_gradient_boosting,Histogram Gradient Boosting
2014-08-22,39,38,0,0.0001389427168832167,1.0123283084506753,-0.0001389427168832167,0.0001389427168832167,hist_gradient_boosting,Histogram Gradient Boosting
2014-09-20,15,82,0,0.00027237192425615955,1.0123283084506753,-0.00027237192425615955,0.00027237192425615955,hist_gradient_boosting,Histogram Gradient Boosting
2014-07-01,37,41,0,5.234928368692958e-05,1.0123283084506753,-5.234928368692958e-05,5.234928368692958e-05,hist_gradient_boosting,Histogram Gradient Boosting
2014-09-13,16,45,0,0.0,1.0123283084506753,0.0,0.0,hist_gradient_boosting,Histogram Gradient Boosting
2014-09-11,8,102,0,0.0,1.0123283084506753,0.0,0.0,hist_gradient_boosting,Histogram Gradient Boosting
2014-07-08,16,1,0,0.000161257424277849,1.0123283084506753,-0.000161257424277849,0.000161257424277849,hist_gradient_boosting,Histogram Gradient Boosting
2014-08-28,18,43,0,0.00019795588507447282,1.0123283084506753,-0.00019795588507447282,0.00019795588507447282,hist_gradient_boosting,Histogram Gradient Boosting
2014-10-04,37,102,0,0.00033018104445229024,1.0123283084506753,-0.00033018104445229024,0.00033018104445229024,hist_gradient_boosting,Histogram Gradient Boosting
2014-08-03,32,67,0,0.00044240727901181064,1.0123283084506753,-0.00044240727901181064,0.00044240727901181064,hist_gradient_boosting,Histogram Gradient Boosting
2014-08-11,34,33,0,0.0001481977812991086,1.0123283084506753,-0.0001481977812991086,0.0001481977812991086,hist_gradient_boosting,Histogram Gradient Boosting
2014-08-31,11,46,0,0.0003065345901280382,1.0123283084506753,-0.0003065345901280382,0.0003065345901280382,hist_gradient_boosting,Histogram Gradient Boosting
2014-07-13,14,7,0,0.00020625632750919016,1.0123283084506753,-0.00020625632750919016,0.00020625632750919016,hist_gradient_boosting,Histogram Gradient Boosting
2014-09-02,3,108,0,0.0,1.0123283084506753,0.0,0.0,hist_gradient_boosting,Histogram Gradient Boosting
2014-09-08,29,42,0,0.0001749711135625984,1.0123283084506753,-0.0001749711135625984,0.0001749711135625984,hist_gradient_boosting,Histogram Gradient Boosting
2014-08-18,22,9,60,37.2874153006733,46.52638816833496,22.712584699326698,22.712584699326698,hist_gradient_boosting,Histogram Gradient Boosting
2014-09-19,14,82,0,1.709250466866686e-05,1.0123283084506753,-1.709250466866686e-05,1.709250466866686e-05,hist_gradient_boosting,Histogram Gradient Boosting
2014-09-27,17,52,0,0.00017518349237925345,1.0123283084506753,-0.00017518349237925345,0.00017518349237925345,hist_gradient_boosting,Histogram Gradient Boosting
2014-10-16,22,70,0,6.07889383444324e-06,1.0123283084506753,-6.07889383444324e-06,6.07889383444324e-06,hist_gradient_boosting,Histogram Gradient Boosting
2014-10-14,32,76,0,2.269656900209198e-05,1.0123283084506753,-2.269656900209198e-05,2.269656900209198e-05,hist_gradient_boosting,Histogram Gradient Boosting
2014-08-24,6,47,0,0.0002661121598999148,1.0123283084506753,-0.0002661121598999148,0.0002661121598999148,hist_gradient_boosting,Histogram Gradient Boosting
2014-10-23,23,29,0,0.0,1.0123283084506753,0.0,0.0,hist_gradient_boosting,Histogram Gradient Boosting
2014-10-05,27,44,0,0.0,1.0123283084506753,0.0,0.0,hist_gradient_boosting,Histogram Gradient Boosting
2014-10-10,5,36,0,0.0032411437686336916,1.0123283084506753,-0.0032411437686336916,0.0032411437686336916,hist_gradient_boosting,Histogram Gradient Boosting
2014-09-29,13,108,0,0.0,1.0123283084506753,0.0,0.0,hist_gradient_boosting,Histogram Gradient Boosting
2014-10-12,1,106,0,0.00017046470565041134,1.0123283084506753,-0.00017046470565041134,0.00017046470565041134,hist_gradient_boosting,Histogram Gradient Boosting
2014-09-19,35,56,0,0.0,1.0123283084506753,0.0,0.0,hist_gradient_boosting,Histogram Gradient Boosting
2014-09-11,20,52,0,0.0,1.0123283084506753,0.0,0.0,hist_gradient_boosting,Histogram Gradient Boosting
2014-10-21,44,18,0,0.0,1.0123283084506753,0.0,0.0,hist_gradient_boosting,Histogram Gradient Boosting
2014-07-26,10,79,0,0.0002595961207229878,1.0123283084506753,-0.0002595961207229878,0.0002595961207229878,hist_gradient_boosting,Histogram Gradient Boosting
2014-07-13,39,101,0,0.0001480647435284544,1.0123283084506753,-0.0001480647435284544,0.0001480647435284544,hist_gradient_boosting,Histogram Gradient Boosting
2014-08-04,35,52,0,0.0002257345773233129,1.0123283084506753,-0.0002257345773233129,0.0002257345773233129,hist_gradient_boosting,Histogram Gradient Boosting
2014-08-21,18,25,0,7.413714812438897e-07,1.0123283084506753,-7.413714812438897e-07,7.413714812438897e-07,hist_gradient_boosting,Histogram Gradient Boosting
2014-09-05,36,92,0,0.0,1.0123283084506753,0.0,0.0,hist_gradient_boosting,Histogram Gradient Boosting
2014-08-23,22,29,0,0.00023337665420931659,1.0123283084506753,-0.00023337665420931659,0.00023337665420931659,hist_gradient_boosting,Histogram Gradient Boosting
2014-09-28,23,15,0,0.0,1.0123283084506753,0.0,0.0,hist_gradient_boosting,Histogram Gradient Boosting
2014-09-26,34,48,0,3.7969937912340677e-06,1.0123283084506753,-3.7969937912340677e-06,3.7969937912340677e-06,hist_gradient_boosting,Histogram Gradient Boosting
2014-07-03,25,97,0,0.0,1.0123283084506753,0.0,0.0,hist_gradient_boosting,Histogram Gradient Boosting
2014-08-03,13,62,0,0.0002777060534329394,1.0123283084506753,-0.0002777060534329394,0.0002777060534329394,hist_gradient_boosting,Histogram Gradient Boosting
2014-08-02,1,5,0,0.0012019301846017023,1.0123283084506753,-0.0012019301846017023,0.0012019301846017023,hist_gradient_boosting,Histogram Gradient Boosting
2014-07-29,3,12,0,0.0,1.0123283084506753,0.0,0.0,hist_gradient_boosting,Histogram Gradient Boosting
2014-08-31,43,52,0,0.00017518349237925345,1.0123283084506753,-0.00017518349237925345,0.00017518349237925345,hist_gradient_boosting,Histogram Gradient Boosting
2014-07-20,11,1,0,0.0005085955022187108,1.0123283084506753,-0.0005085955022187108,0.0005085955022187108,hist_gradient_boosting,Histogram Gradient Boosting
2014-09-05,24,19,0,0.0001743007737946326,1.0123283084506753,-0.0001743007737946326,0.0001743007737946326,hist_gradient_boosting,Histogram Gradient Boosting
2014-07-28,20,80,0,0.00010731767784391223,1.0123283084506753,-0.00010731767784391223,0.00010731767784391223,hist_gradient_boosting,Histogram Gradient Boosting
2014-09-19,29,111,0,0.0001372102288326719,1.0123283084506753,-0.0001372102288326719,0.0001372102288326719,hist_gradient_boosting,Histogram Gradient Boosting
2014-09-25,22,39,0,1.7792624899025665e-05,1.0123283084506753,-1.7792624899025665e-05,1.7792624899025665e-05,hist_gradient_boosting,Histogram Gradient Boosting
2014-08-23,21,96,0,0.0002661121598999148,1.0123283084506753,-0.0002661121598999148,0.0002661121598999148,hist_gradient_boosting,Histogram Gradient Boosting
2014-08-18,26,78,0,0.00024493060647054986,1.0123283084506753,-0.00024493060647054986,0.00024493060647054986,hist_gradient_boosting,Histogram Gradient Boosting
2014-08-06,37,4,0,2.320374638925122e-05,1.0123283084506753,-2.320374638925122e-05,2.320374638925122e-05,hist_gradient_boosting,Histogram Gradient Boosting
2014-09-21,43,27,0,0.00021311745246164253,1.0123283084506753,-0.00021311745246164253,0.00021311745246164253,hist_gradient_boosting,Histogram Gradient Boosting
2014-10-26,6,68,0,0.0002661121598999148,1.0123283084506753,-0.0002661121598999148,0.0002661121598999148,hist_gradient_boosting,Histogram Gradient Boosting
2014-07-21,28,15,0,0.0018957933386963062,1.0123283084506753,-0.0018957933386963062,0.0018957933386963062,hist_gradient_boosting,Histogram Gradient Boosting
2014-10-17,29,70,0,0.0001768753024502672,1.0123283084506753,-0.0001768753024502672,0.0001768753024502672,hist_gradient_boosting,Histogram Gradient Boosting
2014-08-21,32,35,0,0.0,1.0123283084506753,0.0,0.0,hist_gradient_boosting,Histogram Gradient Boosting
2014-09-30,15,45,48,43.2450126935046,42.70666656494141,4.754987306495401,4.754987306495401,hist_gradient_boosting,Histogram Gradient Boosting
2014-07-02,8,66,0,0.0,1.0123283084506753,0.0,0.0,hist_gradient_boosting,Histogram Gradient Boosting
2014-08-19,21,77,0,0.0,1.0123283084506753,0.0,0.0,hist_gradient_boosting,Histogram Gradient Boosting
2014-07-14,23,85,0,0.0002454095806934229,1.0123283084506753,-0.0002454095806934229,0.0002454095806934229,hist_gradient_boosting,Histogram Gradient Boosting
2014-09-05,37,9,0,0.0013176458176589894,1.0123283084506753,-0.0013176458176589894,0.0013176458176589894,hist_gradient_boosting,Histogram Gradient Boosting
2014-10-17,33,88,0,0.00015065800426942985,1.0123283084506753,-0.00015065800426942985,0.00015065800426942985,hist_gradient_boosting,Histogram Gradient Boosting
2014-10-20,38,44,0,0.0014645119305962337,1.0123283084506753,-0.0014645119305962337,0.0014645119305962337,hist_gradient_boosting,Histogram Gradient Boosting
2014-09-16,17,9,166,79.97532595950551,107.53749961853028,86.02467404049449,86.02467404049449,hist_gradient_boosting,Histogram Gradient Boosting
2014-08-10,6,62,0,0.00022693995201549116,1.0123283084506753,-0.00022693995201549116,0.00022693995201549116,hist_gradient_boosting,Histogram Gradient Boosting
2014-08-06,24,94,0,0.0,1.0123283084506753,0.0,0.0,hist_gradient_boosting,Histogram Gradient Boosting
2014-09-20,33,70,0,0.00029059973076125316,1.0123283084506753,-0.00029059973076125316,0.00029059973076125316,hist_gradient_boosting,Histogram Gradient Boosting
2014-10-19,39,35,0,0.00019966883721077617,1.0123283084506753,-0.00019966883721077617,0.00019966883721077617,hist_gradient_boosting,Histogram Gradient Boosting
2014-10-27,20,91,0,0.00022830923837367206,1.0123283084506753,-0.00022830923837367206,0.00022830923837367206,hist_gradient_boosting,Histogram Gradient Boosting
2014-10-19,44,55,0,0.0002540608395465965,1.0123283084506753,-0.0002540608395465965,0.0002540608395465965,hist_gradient_boosting,Histogram Gradient Boosting
2014-10-11,45,89,0,0.00023555025525010686,1.0123283084506753,-0.00023555025525010686,0.00023555025525010686,hist_gradient_boosting,Histogram Gradient Boosting
2014-08-07,38,65,0,2.9718245623968948e-05,1.0123283084506753,-2.9718245623968948e-05,2.9718245623968948e-05,hist_gradient_boosting,Histogram Gradient Boosting
2014-09-05,17,52,0,0.00013636828586884028,1.0123283084506753,-0.00013636828586884028,0.00013636828586884028,hist_gradient_boosting,Histogram Gradient Boosting
2014-10-25,9,10,0,1.0449066163003866,1.088055555522442,-1.0449066163003866,1.0449066163003866,hist_gradient_boosting,Histogram Gradient Boosting
2014-07-21,35,40,0,0.00018407264921824153,1.0123283084506753,-0.00018407264921824153,0.00018407264921824153,hist_gradient_boosting,Histogram Gradient Boosting
2014-10-16,11,1,0,0.0,1.0123283084506753,0.0,0.0,hist_gradient_boosting,Histogram Gradient Boosting
2014-10-25,30,70,0,0.00029059973076125316,1.0123283084506753,-0.00029059973076125316,0.00029059973076125316,hist_gradient_boosting,Histogram Gradient Boosting
2014-09-08,34,94,0,0.0001609669201216845,1.0123283084506753,-0.0001609669201216845,0.0001609669201216845,hist_gradient_boosting,Histogram Gradient Boosting
2014-07-11,12,83,0,2.0862272685422586e-05,1.0123283084506753,-2.0862272685422586e-05,2.0862272685422586e-05,hist_gradient_boosting,Histogram Gradient Boosting
2014-10-18,39,21,0,9.961477629172341e-05,1.0123283084506753,-9.961477629172341e-05,9.961477629172341e-05,hist_gradient_boosting,Histogram Gradient Boosting
2014-08-18,25,90,0,0.00020209059197246688,1.0123283084506753,-0.00020209059197246688,0.00020209059197246688,hist_gradient_boosting,Histogram Gradient Boosting
2014-10-29,38,79,0,0.0,1.0123283084506753,0.0,0.0,hist_gradient_boosting,Histogram Gradient Boosting
2014-07-01,35,35,0,0.0002080173213537071,1.0123283084506753,-0.0002080173213537071,0.0002080173213537071,hist_gradient_boosting,Histogram Gradient Boosting
2014-08-25,43,18,0,0.000260448338789143,1.0123283084506753,-0.000260448338789143,0.000260448338789143,hist_gradient_boosting,Histogram Gradient Boosting
2014-08-03,9,37,0,5.9477339195901205e-05,1.0123283084506753,-5.9477339195901205e-05,5.9477339195901205e-05,hist_gradient_boosting,Histogram Gradient Boosting
2014-08-11,34,7,0,0.0001481977812991086,1.0123283084506753,-0.0001481977812991086,0.0001481977812991086,hist_gradient_boosting,Histogram Gradient Boosting
2014-08-30,19,21,0,0.0003618673525030748,1.0123283084506753,-0.0003618673525030748,0.0003618673525030748,hist_gradient_boosting,Histogram Gradient Boosting
2014-08-29,39,55,0,4.80256096342295e-05,1.0123283084506753,-4.80256096342295e-05,4.80256096342295e-05,hist_gradient_boosting,Histogram Gradient Boosting
2014-07-20,13,56,0,0.000470212136066654,1.0123283084506753,-0.000470212136066654,0.000470212136066654,hist_gradient_boosting,Histogram Gradient Boosting
2014-10-27,35,78,0,0.00024493060647054986,1.0123283084506753,-0.00024493060647054986,0.00024493060647054986,hist_gradient_boosting,Histogram Gradient Boosting
2014-07-06,27,89,0,0.0003546701837875891,1.0123283084506753,-0.0003546701837875891,0.0003546701837875891,hist_gradient_boosting,Histogram Gradient Boosting
2014-09-28,32,93,0,0.001485064807371344,1.0123283084506753,-0.001485064807371344,0.001485064807371344,hist_gradient_boosting,Histogram Gradient Boosting
2014-08-18,18,90,0,0.00020209059197246688,1.0123283084506753,-0.00020209059197246688,0.00020209059197246688,hist_gradient_boosting,Histogram Gradient Boosting
2014-07-18,27,32,0,0.00011272641301641633,1.0123283084506753,-0.00011272641301641633,0.00011272641301641633,hist_gradient_boosting,Histogram Gradient Boosting
2014-08-19,32,8,0,0.0,1.0123283084506753,0.0,0.0,hist_gradient_boosting,Histogram Gradient Boosting
2014-07-26,5,6,0,0.00019767131184983392,1.0123283084506753,-0.00019767131184983392,0.00019767131184983392,hist_gradient_boosting,Histogram Gradient Boosting
2014-08-25,40,18,0,0.0002359615060476546,1.0123283084506753,-0.0002359615060476546,0.0002359615060476546,hist_gradient_boosting,Histogram Gradient Boosting
2014-10-05,37,107,0,0.0003681208831757917,1.0123283084506753,-0.0003681208831757917,0.0003681208831757917,hist_gradient_boosting,Histogram Gradient Boosting
2014-09-23,40,4,0,0.0,1.0123283084506753,0.0,0.0,hist_gradient_boosting,Histogram Gradient Boosting
2014-08-10,37,5,42,39.315785157786436,31.734999656677246,2.6842148422135637,2.6842148422135637,hist_gradient_boosting,Histogram Gradient Boosting
2014-08-11,24,66,0,0.00046517718236162027,1.0123283084506753,-0.00046517718236162027,0.00046517718236162027,hist_gradient_boosting,Histogram Gradient Boosting
2014-08-27,22,84,0,0.0,1.0123283084506753,0.0,0.0,hist_gradient_boosting,Histogram Gradient Boosting
2014-08-19,2,53,0,0.0,1.0123283084506753,0.0,0.0,hist_gradient_boosting,Histogram Gradient Boosting
2014-07-15,13,84,0,0.0,1.0123283084506753,0.0,0.0,hist_gradient_boosting,Histogram Gradient Boosting
2014-10-26,9,82,0,0.00048206341546663605,1.0123283084506753,-0.00048206341546663605,0.00048206341546663605,hist_gradient_boosting,Histogram Gradient Boosting
2014-08-25,2,29,0,0.00020209059197246688,1.0123283084506753,-0.00020209059197246688,0.00020209059197246688,hist_gradient_boosting,Histogram Gradient Boosting
2014-07-27,17,50,0,0.0002550536038174839,1.0123283084506753,-0.0002550536038174839,0.0002550536038174839,hist_gradient_boosting,Histogram Gradient Boosting
2014-10-07,5,85,0,0.0,1.0123283084506753,0.0,0.0,hist_gradient_boosting,Histogram Gradient Boosting
2014-09-21,25,88,0,0.00021362552743753652,1.0123283084506753,-0.00021362552743753652,0.00021362552743753652,hist_gradient_boosting,Histogram Gradient Boosting
2014-10-13,37,90,0,0.00016866915770712048,1.0123283084506753,-0.00016866915770712048,0.00016866915770712048,hist_gradient_boosting,Histogram Gradient Boosting
2014-07-29,4,79,0,4.400644023331287e-05,1.0123283084506753,-4.400644023331287e-05,4.400644023331287e-05,hist_gradient_boosting,Histogram Gradient Boosting
2014-07-30,5,56,0,6.528189303025608e-05,1.0123283084506753,-6.528189303025608e-05,6.528189303025608e-05,hist_gradient_boosting,Histogram Gradient Boosting
2014-07-29,20,51,0,0.0,1.0123283084506753,0.0,0.0,hist_gradient_boosting,Histogram Gradient Boosting
2014-08-27,38,75,0,0.0,1.0123283084506753,0.0,0.0,hist_gradient_boosting,Histogram Gradient Boosting
2014-10-24,35,110,0,0.0004851125528067626,1.0123283084506753,-0.0004851125528067626,0.0004851125528067626,hist_gradient_boosting,Histogram Gradient Boosting
2014-10-10,22,50,0,4.539187660317272e-05,1.0123283084506753,-4.539187660317272e-05,4.539187660317272e-05,hist_gradient_boosting,Histogram Gradient Boosting
2014-07-19,24,71,0,0.00023989252258351228,1.0123283084506753,-0.00023989252258351228,0.00023989252258351228,hist_gradient_boosting,Histogram Gradient Boosting
2014-07-19,15,57,0,0.0005897296113051951,1.0123283084506753,-0.0005897296113051951,0.0005897296113051951,hist_gradient_boosting,Histogram Gradient Boosting
2014-07-09,30,52,0,0.0,1.0123283084506753,0.0,0.0,hist_gradient_boosting,Histogram Gradient Boosting
2014-09-11,15,80,0,0.0001624742607677394,1.0123283084506753,-0.0001624742607677394,0.0001624742607677394,hist_gradient_boosting,Histogram Gradient Boosting
2014-09-25,15,43,0,0.0008727455488362973,1.0123283084506753,-0.0008727455488362973,0.0008727455488362973,hist_gradient_boosting,Histogram Gradient Boosting
2014-08-23,10,68,0,0.0002661121598999148,1.0123283084506753,-0.0002661121598999148,0.0002661121598999148,hist_gradient_boosting,Histogram Gradient Boosting
2014-10-26,22,50,0,0.00017518349237925345,1.0123283084506753,-0.00017518349237925345,0.00017518349237925345,hist_gradient_boosting,Histogram Gradient Boosting
2014-07-08,17,94,0,0.0,1.0123283084506753,0.0,0.0,hist_gradient_boosting,Histogram Gradient Boosting
2014-07-19,13,14,0,0.0002400555387116226,1.0123283084506753,-0.0002400555387116226,0.0002400555387116226,hist_gradient_boosting,Histogram Gradient Boosting
2014-10-22,10,76,0,3.68618094021074e-05,1.0123283084506753,-3.68618094021074e-05,3.68618094021074e-05,hist_gradient_boosting,Histogram Gradient Boosting
2014-09-07,24,5,0,0.002187832772968681,1.0123283084506753,-0.002187832772968681,0.002187832772968681,hist_gradient_boosting,Histogram Gradient Boosting
2014-10-14,11,72,0,0.0,1.0123283084506753,0.0,0.0,hist_gradient_boosting,Histogram Gradient Boosting
2014-07-27,7,86,0,0.0004194886107977977,1.0123283084506753,-0.0004194886107977977,0.0004194886107977977,hist_gradient_boosting,Histogram Gradient Boosting
2014-08-04,13,72,0,0.00023990269374025083,1.0123283084506753,-0.00023990269374025083,0.00023990269374025083,hist_gradient_boosting,Histogram Gradient Boosting
2014-10-03,11,27,0,0.00012985309188316376,1.0123283084506753,-0.00012985309188316376,0.00012985309188316376,hist_gradient_boosting,Histogram Gradient Boosting
2014-08-17,2,30,0,0.0002661121598999148,1.0123283084506753,-0.0002661121598999148,0.0002661121598999148,hist_gradient_boosting,Histogram Gradient Boosting
2014-07-01,20,90,0,0.00024595252673509805,1.0123283084506753,-0.00024595252673509805,0.00024595252673509805,hist_gradient_boosting,Histogram Gradient Boosting
2014-08-29,7,49,0,0.00011272641301641633,1.0123283084506753,-0.00011272641301641633,0.00011272641301641633,hist_gradient_boosting,Histogram Gradient Boosting
2014-10-26,27,99,0,0.00026804093648923966,1.0123283084506753,-0.00026804093648923966,0.00026804093648923966,hist_gradient_boosting,Histogram Gradient Boosting
2014-10-24,30,38,0,0.0001634271745022794,1.0123283084506753,-0.0001634271745022794,0.0001634271745022794,hist_gradient_boosting,Histogram Gradient Boosting
2014-09-27,21,40,0,0.00029059973076125316,1.0123283084506753,-0.00029059973076125316,0.00029059973076125316,hist_gradient_boosting,Histogram Gradient Boosting
2014-09-14,7,18,0,0.000327172237754299,1.0123283084506753,-0.000327172237754299,0.000327172237754299,hist_gradient_boosting,Histogram Gradient Boosting
2014-09-02,3,17,0,2.1471458827233492e-05,1.0123283084506753,-2.1471458827233492e-05,2.1471458827233492e-05,hist_gradient_boosting,Histogram Gradient Boosting
2014-10-23,9,45,29,36.689740786115514,47.319444465637204,-7.6897407861155145,7.6897407861155145,hist_gradient_boosting,Histogram Gradient Boosting
2014-10-21,5,64,0,0.0,1.0123283084506753,0.0,0.0,hist_gradient_boosting,Histogram Gradient Boosting
2014-08-18,25,74,0,0.00011029820144989667,1.0123283084506753,-0.00011029820144989667,0.00011029820144989667,hist_gradient_boosting,Histogram Gradient Boosting
2014-09-24,1,65,0,0.0,1.0123283084506753,0.0,0.0,hist_gradient_boosting,Histogram Gradient Boosting
2014-07-02,29,56,0,0.40509285980434556,0.22583333104848866,-0.40509285980434556,0.40509285980434556,hist_gradient_boosting,Histogram Gradient Boosting
2014-09-16,18,94,0,0.0,1.0123283084506753,0.0,0.0,hist_gradient_boosting,Histogram Gradient Boosting
2014-08-18,34,46,0,0.00020209059197246688,1.0123283084506753,-0.00020209059197246688,0.00020209059197246688,hist_gradient_boosting,Histogram Gradient Boosting
2014-07-12,35,109,0,0.0,1.0123283084506753,0.0,0.0,hist_gradient_boosting,Histogram Gradient Boosting
2014-09-06,31,31,0,0.0002514380652773479,1.0123283084506753,-0.0002514380652773479,0.0002514380652773479,hist_gradient_boosting,Histogram Gradient Boosting
2014-07-10,1,31,0,0.0,1.0123283084506753,0.0,0.0,hist_gradient_boosting,Histogram Gradient Boosting
2014-10-12,10,18,0,0.0001922516960207338,1.0123283084506753,-0.0001922516960207338,0.0001922516960207338,hist_gradient_boosting,Histogram Gradient Boosting
2014-09-23,7,41,0,2.0243898846437523e-05,1.0123283084506753,-2.0243898846437523e-05,2.0243898846437523e-05,hist_gradient_boosting,Histogram Gradient Boosting
2014-08-25,43,41,0,0.000260448338789143,1.0123283084506753,-0.000260448338789143,0.000260448338789143,hist_gradient_boosting,Histogram Gradient Boosting
2014-09-27,13,109,0,0.0006393614809688634,1.0123283084506753,-0.0006393614809688634,0.0006393614809688634,hist_gradient_boosting,Histogram Gradient Boosting
2014-08-11,11,81,0,0.00016845566810630373,1.0123283084506753,-0.00016845566810630373,0.00016845566810630373,hist_gradient_boosting,Histogram Gradient Boosting
2014-08-22,22,71,0,0.00011272641301641633,1.0123283084506753,-0.00011272641301641633,0.00011272641301641633,hist_gradient_boosting,Histogram Gradient Boosting
2014-10-29,29,13,0,0.0,1.0123283084506753,0.0,0.0,hist_gradient_boosting,Histogram Gradient Boosting
2014-10-19,36,80,0,0.00023989252258351228,1.0123283084506753,-0.00023989252258351228,0.00023989252258351228,hist_gradient_boosting,Histogram Gradient Boosting
2014-07-02,22,34,0,1.1155352624240086e-05,1.0123283084506753,-1.1155352624240086e-05,1.1155352624240086e-05,hist_gradient_boosting,Histogram Gradient Boosting
2014-09-05,15,92,0,0.0,1.0123283084506753,0.0,0.0,hist_gradient_boosting,Histogram Gradient Boosting
2014-09-29,30,8,0,6.600534641893321e-05,1.0123283084506753,-6.600534641893321e-05,6.600534641893321e-05,hist_gradient_boosting,Histogram Gradient Boosting
2014-10-03,24,35,0,0.0001614333990277859,1.0123283084506753,-0.0001614333990277859,0.0001614333990277859,hist_gradient_boosting,Histogram Gradient Boosting
2014-10-01,36,94,0,0.0002587229136166294,1.0123283084506753,-0.0002587229136166294,0.0002587229136166294,hist_gradient_boosting,Histogram Gradient Boosting
2014-09-07,30,56,0,0.0,1.0123283084506753,0.0,0.0,hist_gradient_boosting,Histogram Gradient Boosting
2014-07-17,14,57,0,0.00023619292347306622,1.0123283084506753,-0.00023619292347306622,0.00023619292347306622,hist_gradient_boosting,Histogram Gradient Boosting
2014-09-08,30,68,0,0.00020118904907145323,1.0123283084506753,-0.00020118904907145323,0.00020118904907145323,hist_gradient_boosting,Histogram Gradient Boosting
2014-09-03,10,59,0,0.0,1.0123283084506753,0.0,0.0,hist_gradient_boosting,Histogram Gradient Boosting
2014-08-25,35,108,0,0.00047895213327792807,1.0123283084506753,-0.00047895213327792807,0.00047895213327792807,hist_gradient_boosting,Histogram Gradient Boosting
2014-09-08,19,61,0,0.0,1.0123283084506753,0.0,0.0,hist_gradient_boosting,Histogram Gradient Boosting
2014-10-24,12,6,0,2.6491977267383345e-05,1.0123283084506753,-2.6491977267383345e-05,2.6491977267383345e-05,hist_gradient_boosting,Histogram Gradient Boosting
2014-10-07,20,48,0,3.5048048212948944e-06,1.0123283084506753,-3.5048048212948944e-06,3.5048048212948944e-06,hist_gradient_boosting,Histogram Gradient Boosting
2014-08-01,12,28,0,0.00027619240930240076,1.0123283084506753,-0.00027619240930240076,0.00027619240930240076,hist_gradient_boosting,Histogram Gradient Boosting
2014-09-12,33,91,0,9.9727449536383e-05,1.0123283084506753,-9.9727449536383e-05,9.9727449536383e-05,hist_gradient_boosting,Histogram Gradient Boosting
2014-09-11,40,65,0,0.00018869186869223138,1.0123283084506753,-0.00018869186869223138,0.00018869186869223138,hist_gradient_boosting,Histogram Gradient Boosting
2014-10-22,28,75,0,0.0,1.0123283084506753,0.0,0.0,hist_gradient_boosting,Histogram Gradient Boosting
2014-07-07,19,6,0,3.5177760794837874e-05,1.0123283084506753,-3.5177760794837874e-05,3.5177760794837874e-05,hist_gradient_boosting,Histogram Gradient Boosting
2014-09-04,35,71,0,0.0,1.0123283084506753,0.0,0.0,hist_gradient_boosting,Histogram Gradient Boosting
2014-09-13,15,90,0,0.0002794122798237159,1.0123283084506753,-0.0002794122798237159,0.0002794122798237159,hist_gradient_boosting,Histogram Gradient Boosting
2014-10-15,32,45,34,23.70113685936802,28.795277690887453,10.29886314063198,10.29886314063198,hist_gradient_boosting,Histogram Gradient Boosting
2014-08-01,12,6,0,0.00011174405069942315,1.0123283084506753,-0.00011174405069942315,0.00011174405069942315,hist_gradient_boosting,Histogram Gradient Boosting
2014-09-01,44,36,0,0.0016310991670879516,1.0123283084506753,-0.0016310991670879516,0.0016310991670879516,hist_gradient_boosting,Histogram Gradient Boosting
2014-10-21,9,25,0,0.0002437240209063136,1.0123283084506753,-0.0002437240209063136,0.0002437240209063136,hist_gradient_boosting,Histogram Gradient Boosting
2014-07-15,32,38,0,0.0,1.0123283084506753,0.0,0.0,hist_gradient_boosting,Histogram Gradient Boosting
2014-10-15,22,86,0,0.0,1.0123283084506753,0.0,0.0,hist_gradient_boosting,Histogram Gradient Boosting
2014-10-13,37,15,0,0.001748120348915491,1.0123283084506753,-0.001748120348915491,0.001748120348915491,hist_gradient_boosting,Histogram Gradient Boosting
2014-07-26,10,44,0,0.0017711590801192964,1.0123283084506753,-0.0017711590801192964,0.0017711590801192964,hist_gradient_boosting,Histogram Gradient Boosting
2014-07-09,32,54,0,0.0,1.0123283084506753,0.0,0.0,hist_gradient_boosting,Histogram Gradient Boosting
2014-10-25,31,11,0,0.00019966883721077617,1.0123283084506753,-0.00019966883721077617,0.00019966883721077617,hist_gradient_boosting,Histogram Gradient Boosting
2014-10-09,17,15,0,0.0,1.0123283084506753,0.0,0.0,hist_gradient_boosting,Histogram Gradient Boosting
2014-10-22,32,68,0,6.07889383444324e-06,1.0123283084506753,-6.07889383444324e-06,6.07889383444324e-06,hist_gradient_boosting,Histogram Gradient Boosting
2014-09-22,42,57,0,0.00015775551703023417,1.0123283084506753,-0.00015775551703023417,0.00015775551703023417,hist_gradient_boosting,Histogram Gradient Boosting
2014-10-18,37,36,0,0.0011636577348720202,1.0123283084506753,-0.0011636577348720202,0.0011636577348720202,hist_gradient_boosting,Histogram Gradient Boosting
2014-09-01,20,42,0,0.00015530250607231094,1.0123283084506753,-0.00015530250607231094,0.00015530250607231094,hist_gradient_boosting,Histogram Gradient Boosting
2014-08-23,12,102,0,0.0003065345901280382,1.0123283084506753,-0.0003065345901280382,0.0003065345901280382,hist_gradient_boosting,Histogram Gradient Boosting
2014-09-21,31,94,0,0.00017133317948673948,1.0123283084506753,-0.00017133317948673948,0.00017133317948673948,hist_gradient_boosting,Histogram Gradient Boosting
2014-07-27,45,2,0,0.0012159340749855177,1.0123283084506753,-0.0012159340749855177,0.0012159340749855177,hist_gradient_boosting,Histogram Gradient Boosting
2014-07-03,16,109,0,0.00012667080755898337,1.0123283084506753,-0.00012667080755898337,0.00012667080755898337,hist_gradient_boosting,Histogram Gradient Boosting
2014-08-12,24,31,0,0.0,1.0123283084506753,0.0,0.0,hist_gradient_boosting,Histogram Gradient Boosting
2014-08-31,39,62,0,0.00023989252258351228,1.0123283084506753,-0.00023989252258351228,0.00023989252258351228,hist_gradient_boosting,Histogram Gradient Boosting
2014-10-05,32,68,0,0.00039434388178695315,1.0123283084506753,-0.00039434388178695315,0.00039434388178695315,hist_gradient_boosting,Histogram Gradient Boosting
2014-10-03,3,46,0,0.00013006657324411998,1.0123283084506753,-0.00013006657324411998,0.00013006657324411998,hist_gradient_boosting,Histogram Gradient Boosting
2014-08-23,36,6,0,0.00020418694762700123,1.0123283084506753,-0.00020418694762700123,0.00020418694762700123,hist_gradient_boosting,Histogram Gradient Boosting
2014-09-16,31,6,0,0.0,1.0123283084506753,0.0,0.0,hist_gradient_boosting,Histogram Gradient Boosting
2014-08-26,33,33,0,0.0,1.0123283084506753,0.0,0.0,hist_gradient_boosting,Histogram Gradient Boosting
2014-09-11,41,30,0,0.0,1.0123283084506753,0.0,0.0,hist_gradient_boosting,Histogram Gradient Boosting
2014-10-29,22,105,0,0.0,1.0123283084506753,0.0,0.0,hist_gradient_boosting,Histogram Gradient Boosting
2014-07-18,37,50,0,0.00011272641301641633,1.0123283084506753,-0.00011272641301641633,0.00011272641301641633,hist_gradient_boosting,Histogram Gradient Boosting
2014-08-10,43,80,0,0.0001480647435284544,1.0123283084506753,-0.0001480647435284544,0.0001480647435284544,hist_gradient_boosting,Histogram Gradient Boosting
2014-09-24,6,13,0,2.7317198986409692e-05,1.0123283084506753,-2.7317198986409692e-05,2.7317198986409692e-05,hist_gradient_boosting,Histogram Gradient Boosting
2014-08-07,29,64,0,4.768537059607811e-05,1.0123283084506753,-4.768537059607811e-05,4.768537059607811e-05,hist_gradient_boosting,Histogram Gradient Boosting
2014-08-30,35,1,0,0.00047086388997739703,1.0123283084506753,-0.00047086388997739703,0.00047086388997739703,hist_gradient_boosting,Histogram Gradient Boosting
2014-09-11,27,68,4,9.178488583974977,12.028888654708862,-5.178488583974977,5.178488583974977,hist_gradient_boosting,Histogram Gradient Boosting
2014-07-07,25,53,0,0.0002571544314017542,1.0123283084506753,-0.0002571544314017542,0.0002571544314017542,hist_gradient_boosting,Histogram Gradient Boosting
2014-08-08,21,29,0,1.4395866685003165e-05,1.0123283084506753,-1.4395866685003165e-05,1.4395866685003165e-05,hist_gradient_boosting,Histogram Gradient Boosting
2014-09-09,29,97,0,0.0,1.0123283084506753,0.0,0.0,hist_gradient_boosting,Histogram Gradient Boosting
2014-08-07,19,53,0,0.0,1.0123283084506753,0.0,0.0,hist_gradient_boosting,Histogram Gradient Boosting
2014-08-05,27,75,0,1.766977337152705e-05,1.0123283084506753,-1.766977337152705e-05,1.766977337152705e-05,hist_gradient_boosting,Histogram Gradient Boosting
2014-07-04,27,2,0,0.0,1.0123283084506753,0.0,0.0,hist_gradient_boosting,Histogram Gradient Boosting
2014-09-11,23,56,0,0.38408479490283187,0.2430555582046509,-0.38408479490283187,0.38408479490283187,hist_gradient_boosting,Histogram Gradient Boosting
2014-10-18,25,49,0,0.00023989252258351228,1.0123283084506753,-0.00023989252258351228,0.00023989252258351228,hist_gradient_boosting,Histogram Gradient Boosting
2014-07-04,23,23,0,2.74362916384499e-05,1.0123283084506753,-2.74362916384499e-05,2.74362916384499e-05,hist_gradient_boosting,Histogram Gradient Boosting
2014-09-27,1,41,0,0.0002482891252185719,1.0123283084506753,-0.0002482891252185719,0.0002482891252185719,hist_gradient_boosting,Histogram Gradient Boosting
2014-07-20,45,43,0,0.0017979914184777905,1.0123283084506753,-0.0017979914184777905,0.0017979914184777905,hist_gradient_boosting,Histogram Gradient Boosting
2014-08-08,36,76,0,0.00025555948241871976,1.0123283084506753,-0.00025555948241871976,0.00025555948241871976,hist_gradient_boosting,Histogram Gradient Boosting
2014-07-14,34,62,0,0.00014503557935640512,1.0123283084506753,-0.00014503557935640512,0.00014503557935640512,hist_gradient_boosting,Histogram Gradient Boosting
2014-08-22,41,82,0,0.0,1.0123283084506753,0.0,0.0,hist_gradient_boosting,Histogram Gradient Boosting
2014-10-17,2,104,0,0.0004511341508254023,1.0123283084506753,-0.0004511341508254023,0.0004511341508254023,hist_gradient_boosting,Histogram Gradient Boosting
2014-08-22,12,67,0,0.0005459617231023052,1.0123283084506753,-0.0005459617231023052,0.0005459617231023052,hist_gradient_boosting,Histogram Gradient Boosting
2014-08-26,9,60,0,0.0,1.0123283084506753,0.0,0.0,hist_gradient_boosting,Histogram Gradient Boosting
2014-09-21,40,96,0,0.000306486540551414,1.0123283084506753,-0.000306486540551414,0.000306486540551414,hist_gradient_boosting,Histogram Gradient Boosting
2014-09-12,41,14,0,4.712420560134306e-05,1.0123283084506753,-4.712420560134306e-05,4.712420560134306e-05,hist_gradient_boosting,Histogram Gradient Boosting
2014-08-03,43,101,0,0.0002777060534329394,1.0123283084506753,-0.0002777060534329394,0.0002777060534329394,hist_gradient_boosting,Histogram Gradient Boosting
2014-09-23,40,93,0,0.0,1.0123283084506753,0.0,0.0,hist_gradient_boosting,Histogram Gradient Boosting
2014-08-20,3,77,0,0.0,1.0123283084506753,0.0,0.0,hist_gradient_boosting,Histogram Gradient Boosting
2014-10-02,7,76,0,4.633631362029894e-05,1.0123283084506753,-4.633631362029894e-05,4.633631362029894e-05,hist_gradient_boosting,Histogram Gradient Boosting
2014-08-11,2,77,0,0.00018913851091918876,1.0123283084506753,-0.00018913851091918876,0.00018913851091918876,hist_gradient_boosting,Histogram Gradient Boosting
2014-07-20,14,81,0,0.0001696006353279011,1.0123283084506753,-0.0001696006353279011,0.0001696006353279011,hist_gradient_boosting,Histogram Gradient Boosting
2014-09-13,16,34,0,0.00026731275153411697,1.0123283084506753,-0.00026731275153411697,0.00026731275153411697,hist_gradient_boosting,Histogram Gradient Boosting
2014-10-25,31,106,0,0.00019966883721077617,1.0123283084506753,-0.00019966883721077617,0.00019966883721077617,hist_gradient_boosting,Histogram Gradient Boosting
2014-09-27,28,10,0,0.00031497433664077513,1.0123283084506753,-0.00031497433664077513,0.00031497433664077513,hist_gradient_boosting,Histogram Gradient Boosting
2014-08-09,30,22,0,0.00023899094560932222,1.0123283084506753,-0.00023899094560932222,0.00023899094560932222,hist_gradient_boosting,Histogram Gradient Boosting
2014-07-20,32,29,0,0.0003065345901280382,1.0123283084506753,-0.0003065345901280382,0.0003065345901280382,hist_gradient_boosting,Histogram Gradient Boosting
2014-08-08,4,71,0,2.0910308542126664e-05,1.0123283084506753,-2.0910308542126664e-05,2.0910308542126664e-05,hist_gradient_boosting,Histogram Gradient Boosting
2014-09-01,22,64,0,0.00045651717080501947,1.0123283084506753,-0.00045651717080501947,0.00045651717080501947,hist_gradient_boosting,Histogram Gradient Boosting
2014-10-11,5,19,0,0.0001480647435284544,1.0123283084506753,-0.0001480647435284544,0.0001480647435284544,hist_gradient_boosting,Histogram Gradient Boosting
2014-10-02,32,65,0,2.9718245623968948e-05,1.0123283084506753,-2.9718245623968948e-05,2.9718245623968948e-05,hist_gradient_boosting,Histogram Gradient Boosting
2014-09-16,37,14,0,6.07889383444324e-06,1.0123283084506753,-6.07889383444324e-06,6.07889383444324e-06,hist_gradient_boosting,Histogram Gradient Boosting
2014-07-19,15,38,0,0.0003327559743562107,1.0123283084506753,-0.0003327559743562107,0.0003327559743562107,hist_gradient_boosting,Histogram Gradient Boosting
2014-07-10,12,51,0,0.0,1.0123283084506753,0.0,0.0,hist_gradient_boosting,Histogram Gradient Boosting
2014-09-18,21,5,40,24.03929711190703,48.621666717529294,15.960702888092971,15.960702888092971,hist_gradient_boosting,Histogram Gradient Boosting
2014-07-07,12,70,0,0.00018072850761325962,1.0123283084506753,-0.00018072850761325962,0.00018072850761325962,hist_gradient_boosting,Histogram Gradient Boosting
2014-08-14,29,60,0,0.0,1.0123283084506753,0.0,0.0,hist_gradient_boosting,Histogram Gradient Boosting
2014-07-07,36,19,0,0.0002257345773233129,1.0123283084506753,-0.0002257345773233129,0.0002257345773233129,hist_gradient_boosting,Histogram Gradient Boosting
2014-09-14,24,40,0,0.00022187389885388388,1.0123283084506753,-0.00022187389885388388,0.00022187389885388388,hist_gradient_boosting,Histogram Gradient Boosting
2014-10-28,1,77,0,0.0,1.0123283084506753,0.0,0.0,hist_gradient_boosting,Histogram Gradient Boosting
2014-09-22,42,28,0,0.00015785516237578744,1.0123283084506753,-0.00015785516237578744,0.00015785516237578744,hist_gradient_boosting,Histogram Gradient Boosting
2014-10-09,19,40,0,0.0,1.0123283084506753,0.0,0.0,hist_gradient_boosting,Histogram Gradient Boosting
2014-09-07,4,70,0,0.0002897576586699272,1.0123283084506753,-0.0002897576586699272,0.0002897576586699272,hist_gradient_boosting,Histogram Gradient Boosting
2014-09-13,14,91,0,0.00022689190626218366,1.0123283084506753,-0.00022689190626218366,0.00022689190626218366,hist_gradient_boosting,Histogram Gradient Boosting
2014-08-09,12,49,0,0.00021470069294761863,1.0123283084506753,-0.00021470069294761863,0.00021470069294761863,hist_gradient_boosting,Histogram Gradient Boosting
2014-09-22,37,21,0,0.00027065345726464746,1.0123283084506753,-0.00027065345726464746,0.00027065345726464746,hist_gradient_boosting,Histogram Gradient Boosting
2014-10-30,4,85,0,3.135420201075908e-05,1.0123283084506753,-3.135420201075908e-05,3.135420201075908e-05,hist_gradient_boosting,Histogram Gradient Boosting
2014-10-21,7,84,0,0.0,1.0123283084506753,0.0,0.0,hist_gradient_boosting,Histogram Gradient Boosting
2014-07-22,35,46,0,0.0,1.0123283084506753,0.0,0.0,hist_gradient_boosting,Histogram Gradient Boosting
2014-09-11,16,99,0,0.0,1.0123283084506753,0.0,0.0,hist_gradient_boosting,Histogram Gradient Boosting
2014-07-05,17,76,0,0.0003308686045522512,1.0123283084506753,-0.0003308686045522512,0.0003308686045522512,hist_gradient_boosting,Histogram Gradient Boosting
2014-08-20,39,96,0,6.07889383444324e-06,1.0123283084506753,-6.07889383444324e-06,6.07889383444324e-06,hist_gradient_boosting,Histogram Gradient Boosting
2014-08-26,3,40,0,6.07889383444324e-06,1.0123283084506753,-6.07889383444324e-06,6.07889383444324e-06,hist_gradient_boosting,Histogram Gradient Boosting
2014-10-02,30,36,0,0.0009273720095022035,1.0123283084506753,-0.0009273720095022035,0.0009273720095022035,hist_gradient_boosting,Histogram Gradient Boosting
2014-09-01,1,102,0,0.00011508222240574116,1.0123283084506753,-0.00011508222240574116,0.00011508222240574116,hist_gradient_boosting,Histogram Gradient Boosting
2014-08-20,10,9,0,0.0016314242261762284,1.0123283084506753,-0.0016314242261762284,0.0016314242261762284,hist_gradient_boosting,Histogram Gradient Boosting
2014-09-11,11,19,0,0.0,1.0123283084506753,0.0,0.0,hist_gradient_boosting,Histogram Gradient Boosting
2014-07-12,45,85,0,0.00013004777401219133,1.0123283084506753,-0.00013004777401219133,0.00013004777401219133,hist_gradient_boosting,Histogram Gradient Boosting
2014-07-31,27,18,0,6.07889383444324e-06,1.0123283084506753,-6.07889383444324e-06,6.07889383444324e-06,hist_gradient_boosting,Histogram Gradient Boosting
2014-09-10,13,48,0,0.0,1.0123283084506753,0.0,0.0,hist_gradient_boosting,Histogram Gradient Boosting
2014-08-01,16,11,0,0.00031463832666889295,1.0123283084506753,-0.00031463832666889295,0.00031463832666889295,hist_gradient_boosting,Histogram Gradient Boosting
2014-07-24,1,21,0,4.396084472580522e-06,1.0123283084506753,-4.396084472580522e-06,4.396084472580522e-06,hist_gradient_boosting,Histogram Gradient Boosting
2014-09-11,16,64,1,2.5945749921668915,4.429444420337678,-1.5945749921668915,1.5945749921668915,hist_gradient_boosting,Histogram Gradient Boosting
2014-08-26,8,51,0,0.0,1.0123283084506753,0.0,0.0,hist_gradient_boosting,Histogram Gradient Boosting
2014-10-15,10,97,0,0.0,1.0123283084506753,0.0,0.0,hist_gradient_boosting,Histogram Gradient Boosting
2014-07-02,5,40,0,4.3883585485464296e-05,1.0123283084506753,-4.3883585485464296e-05,4.3883585485464296e-05,hist_gradient_boosting,Histogram Gradient Boosting
2014-07-26,43,95,0,0.0009173021926772864,1.0123283084506753,-0.0009173021926772864,0.0009173021926772864,hist_gradient_boosting,Histogram Gradient Boosting
2014-09-02,2,41,0,2.320374638925122e-05,1.0123283084506753,-2.320374638925122e-05,2.320374638925122e-05,hist_gradient_boosting,Histogram Gradient Boosting
2014-10-27,11,98,0,0.00022657659551820575,1.0123283084506753,-0.00022657659551820575,0.00022657659551820575,hist_gradient_boosting,Histogram Gradient Boosting
2014-08-28,45,35,0,1.7792624899025665e-05,1.0123283084506753,-1.7792624899025665e-05,1.7792624899025665e-05,hist_gradient_boosting,Histogram Gradient Boosting
2014-09-29,4,42,0,0.00020974265906014482,1.0123283084506753,-0.00020974265906014482,0.00020974265906014482,hist_gradient_boosting,Histogram Gradient Boosting
2014-07-24,7,54,0,0.0,1.0123283084506753,0.0,0.0,hist_gradient_boosting,Histogram Gradient Boosting
2014-09-25,44,3,0,2.9558574140204828e-05,1.0123283084506753,-2.9558574140204828e-05,2.9558574140204828e-05,hist_gradient_boosting,Histogram Gradient Boosting
2014-10-19,22,107,0,0.0002540608395465965,1.0123283084506753,-0.0002540608395465965,0.0002540608395465965,hist_gradient_boosting,Histogram Gradient Boosting
2014-09-20,17,74,0,0.00017258134454979085,1.0123283084506753,-0.00017258134454979085,0.00017258134454979085,hist_gradient_boosting,Histogram Gradient Boosting
2014-07-16,4,35,0,0.0,1.0123283084506753,0.0,0.0,hist_gradient_boosting,Histogram Gradient Boosting
2014-10-29,31,88,0,0.0,1.0123283084506753,0.0,0.0,hist_gradient_boosting,Histogram Gradient Boosting
2014-10-04,42,41,0,0.0002897576586699272,1.0123283084506753,-0.0002897576586699272,0.0002897576586699272,hist_gradient_boosting,Histogram Gradient Boosting
2014-10-16,7,74,0,0.0,1.0123283084506753,0.0,0.0,hist_gradient_boosting,Histogram Gradient Boosting
2014-08-11,18,14,0,0.0001744150149892628,1.0123283084506753,-0.0001744150149892628,0.0001744150149892628,hist_gradient_boosting,Histogram Gradient Boosting
2014-07-25,4,4,0,0.00015691180424673207,1.0123283084506753,-0.00015691180424673207,0.00015691180424673207,hist_gradient_boosting,Histogram Gradient Boosting
2014-07-09,32,39,0,0.0,1.0123283084506753,0.0,0.0,hist_gradient_boosting,Histogram Gradient Boosting
2014-08-20,10,108,0,0.0,1.0123283084506753,0.0,0.0,hist_gradient_boosting,Histogram Gradient Boosting
2014-10-27,6,110,0,3.108575589246488e-05,1.0123283084506753,-3.108575589246488e-05,3.108575589246488e-05,hist_gradient_boosting,Histogram Gradient Boosting
2014-09-13,34,78,0,0.00022554260753810537,1.0123283084506753,-0.00022554260753810537,0.00022554260753810537,hist_gradient_boosting,Histogram Gradient Boosting
2014-09-29,39,48,0,0.00013738400730781126,1.0123283084506753,-0.00013738400730781126,0.00013738400730781126,hist_gradient_boosting,Histogram Gradient Boosting
2014-10-19,20,29,0,0.00023989252258351228,1.0123283084506753,-0.00023989252258351228,0.00023989252258351228,hist_gradient_boosting,Histogram Gradient Boosting
2014-10-04,45,99,0,0.0003077294556638238,1.0123283084506753,-0.0003077294556638238,0.0003077294556638238,hist_gradient_boosting,Histogram Gradient Boosting
2014-08-29,11,56,0,0.00044716827707153993,1.0123283084506753,-0.00044716827707153993,0.00044716827707153993,hist_gradient_boosting,Histogram Gradient Boosting
2014-08-28,31,57,0,0.0002629686113106442,1.0123283084506753,-0.0002629686113106442,0.0002629686113106442,hist_gradient_boosting,Histogram Gradient Boosting
2014-08-03,8,65,0,0.00023921350916978536,1.0123283084506753,-0.00023921350916978536,0.00023921350916978536,hist_gradient_boosting,Histogram Gradient Boosting
2014-07-05,4,104,0,0.00010163277477485056,1.0123283084506753,-0.00010163277477485056,0.00010163277477485056,hist_gradient_boosting,Histogram Gradient Boosting
2014-09-01,15,68,0,0.00039179412639175985,1.0123283084506753,-0.00039179412639175985,0.00039179412639175985,hist_gradient_boosting,Histogram Gradient Boosting
2014-09-06,16,21,0,0.00021594595010188656,1.0123283084506753,-0.00021594595010188656,0.00021594595010188656,hist_gradient_boosting,Histogram Gradient Boosting
2014-07-25,22,109,0,0.0017991691302710257,1.0123283084506753,-0.0017991691302710257,0.0017991691302710257,hist_gradient_boosting,Histogram Gradient Boosting
2014-07-20,37,12,0,0.0003065345901280382,1.0123283084506753,-0.0003065345901280382,0.0003065345901280382,hist_gradient_boosting,Histogram Gradient Boosting
2014-07-04,7,5,59,46.61641542630035,48.632777786254884,12.38358457369965,12.38358457369965,hist_gradient_boosting,Histogram Gradient Boosting
2014-07-21,4,41,0,0.00022830923837367206,1.0123283084506753,-0.00022830923837367206,0.00022830923837367206,hist_gradient_boosting,Histogram Gradient Boosting
2014-09-16,4,52,0,0.0,1.0123283084506753,0.0,0.0,hist_gradient_boosting,Histogram Gradient Boosting
2014-07-31,39,59,0,1.548798527205636e-05,1.0123283084506753,-1.548798527205636e-05,1.548798527205636e-05,hist_gradient_boosting,Histogram Gradient Boosting
2014-08-13,20,90,0,0.0,1.0123283084506753,0.0,0.0,hist_gradient_boosting,Histogram Gradient Boosting
2014-09-17,32,57,0,0.0,1.0123283084506753,0.0,0.0,hist_gradient_boosting,Histogram Gradient Boosting
2014-10-02,40,57,0,0.0,1.0123283084506753,0.0,0.0,hist_gradient_boosting,Histogram Gradient Boosting
2014-10-30,31,101,0,0.0,1.0123283084506753,0.0,0.0,hist_gradient_boosting,Histogram Gradient Boosting
2014-10-16,40,51,0,0.0018275395554934752,1.0123283084506753,-0.0018275395554934752,0.0018275395554934752,hist_gradient_boosting,Histogram Gradient Boosting
2014-07-20,7,95,45,57.492085688525734,48.254166030883795,-12.492085688525734,12.492085688525734,hist_gradient_boosting,Histogram Gradient Boosting
2014-07-12,12,98,0,0.00016394928955023512,1.0123283084506753,-0.00016394928955023512,0.00016394928955023512,hist_gradient_boosting,Histogram Gradient Boosting
2014-10-03,36,5,0,0.0007514907268117742,1.0123283084506753,-0.0007514907268117742,0.0007514907268117742,hist_gradient_boosting,Histogram Gradient Boosting
2014-07-09,39,109,0,0.0,1.0123283084506753,0.0,0.0,hist_gradient_boosting,Histogram Gradient Boosting
2014-09-21,43,11,0,0.00021311745246164253,1.0123283084506753,-0.00021311745246164253,0.00021311745246164253,hist_gradient_boosting,Histogram Gradient Boosting
2014-09-22,28,64,0,0.00018407264921824153,1.0123283084506753,-0.00018407264921824153,0.00018407264921824153,hist_gradient_boosting,Histogram Gradient Boosting
2014-07-25,2,13,0,0.0002044193764110929,1.0123283084506753,-0.0002044193764110929,0.0002044193764110929,hist_gradient_boosting,Histogram Gradient Boosting
2014-08-21,24,13,0,6.503208337251105e-05,1.0123283084506753,-6.503208337251105e-05,6.503208337251105e-05,hist_gradient_boosting,Histogram Gradient Boosting
2014-08-18,20,68,0,0.00022179344545653006,1.0123283084506753,-0.00022179344545653006,0.00022179344545653006,hist_gradient_boosting,Histogram Gradient Boosting
2014-08-15,22,84,0,0.00011272641301641633,1.0123283084506753,-0.00011272641301641633,0.00011272641301641633,hist_gradient_boosting,Histogram Gradient Boosting
2014-10-14,37,48,0,0.0,1.0123283084506753,0.0,0.0,hist_gradient_boosting,Histogram Gradient Boosting
2014-08-23,4,79,0,0.0002661121598999148,1.0123283084506753,-0.0002661121598999148,0.0002661121598999148,hist_gradient_boosting,Histogram Gradient Boosting
2014-09-17,32,5,0,0.0,1.0123283084506753,0.0,0.0,hist_gradient_boosting,Histogram Gradient Boosting
2014-08-02,7,25,0,0.0004901849527773177,1.0123283084506753,-0.0004901849527773177,0.0004901849527773177,hist_gradient_boosting,Histogram Gradient Boosting
2014-10-20,37,20,0,0.00020209059197246688,1.0123283084506753,-0.00020209059197246688,0.00020209059197246688,hist_gradient_boosting,Histogram Gradient Boosting
2014-07-04,6,64,0,0.00011835152705610054,1.0123283084506753,-0.00011835152705610054,0.00011835152705610054,hist_gradient_boosting,Histogram Gradient Boosting
2014-08-26,8,10,0,0.0,1.0123283084506753,0.0,0.0,hist_gradient_boosting,Histogram Gradient Boosting
2014-07-24,18,55,0,0.0,1.0123283084506753,0.0,0.0,hist_gradient_boosting,Histogram Gradient Boosting
2014-08-21,9,27,0,0.0,1.0123283084506753,0.0,0.0,hist_gradient_boosting,Histogram Gradient Boosting
2014-09-23,13,35,0,0.0,1.0123283084506753,0.0,0.0,hist_gradient_boosting,Histogram Gradient Boosting
2014-09-06,35,82,0,0.00026459649616335164,1.0123283084506753,-0.00026459649616335164,0.00026459649616335164,hist_gradient_boosting,Histogram Gradient Boosting
2014-10-03,7,68,0,0.00017675243137956636,1.0123283084506753,-0.00017675243137956636,0.00017675243137956636,hist_gradient_boosting,Histogram Gradient Boosting
2014-07-08,17,48,0,0.0,1.0123283084506753,0.0,0.0,hist_gradient_boosting,Histogram Gradient Boosting
2014-09-08,13,46,0,0.00011026628335220992,1.0123283084506753,-0.00011026628335220992,0.00011026628335220992,hist_gradient_boosting,Histogram Gradient Boosting
2014-07-29,13,85,0,0.0,1.0123283084506753,0.0,0.0,hist_gradient_boosting,Histogram Gradient Boosting
2014-09-26,29,109,0,0.0012700525147942697,1.0123283084506753,-0.0012700525147942697,0.0012700525147942697,hist_gradient_boosting,Histogram Gradient Boosting
2014-07-24,34,28,0,0.0,1.0123283084506753,0.0,0.0,hist_gradient_boosting,Histogram Gradient Boosting
2014-09-17,33,48,0,4.346635936906237e-06,1.0123283084506753,-4.346635936906237e-06,4.346635936906237e-06,hist_gradient_boosting,Histogram Gradient Boosting
2014-08-29,37,81,0,0.00010621137304112551,1.0123283084506753,-0.00010621137304112551,0.00010621137304112551,hist_gradient_boosting,Histogram Gradient Boosting
2014-09-19,34,24,0,9.87230911098362e-05,1.0123283084506753,-9.87230911098362e-05,9.87230911098362e-05,hist_gradient_boosting,Histogram Gradient Boosting
2014-10-13,45,7,0,6.603491482256625e-05,1.0123283084506753,-6.603491482256625e-05,6.603491482256625e-05,hist_gradient_boosting,Histogram Gradient Boosting
2014-08-19,20,107,0,0.0,1.0123283084506753,0.0,0.0,hist_gradient_boosting,Histogram Gradient Boosting
2014-07-22,26,28,0,0.0,1.0123283084506753,0.0,0.0,hist_gradient_boosting,Histogram Gradient Boosting
2014-08-25,6,72,0,0.00020209059197246688,1.0123283084506753,-0.00020209059197246688,0.00020209059197246688,hist_gradient_boosting,Histogram Gradient Boosting
2014-10-28,35,78,0,2.269656900209198e-05,1.0123283084506753,-2.269656900209198e-05,2.269656900209198e-05,hist_gradient_boosting,Histogram Gradient Boosting
2014-10-17,32,74,0,2.0942223788055118e-05,1.0123283084506753,-2.0942223788055118e-05,2.0942223788055118e-05,hist_gradient_boosting,Histogram Gradient Boosting
2014-09-26,19,111,0,6.620653125706115e-05,1.0123283084506753,-6.620653125706115e-05,6.620653125706115e-05,hist_gradient_boosting,Histogram Gradient Boosting
2014-08-07,32,57,0,9.731280517697131e-05,1.0123283084506753,-9.731280517697131e-05,9.731280517697131e-05,hist_gradient_boosting,Histogram Gradient Boosting
2014-08-04,20,17,0,0.0002257345773233129,1.0123283084506753,-0.0002257345773233129,0.0002257345773233129,hist_gradient_boosting,Histogram Gradient Boosting
2014-08-13,29,67,0,0.0001971736262322691,1.0123283084506753,-0.0001971736262322691,0.0001971736262322691,hist_gradient_boosting,Histogram Gradient Boosting
2014-07-13,15,1,0,0.00037901490642144734,1.0123283084506753,-0.00037901490642144734,0.00037901490642144734,hist_gradient_boosting,Histogram Gradient Boosting
2014-10-25,41,28,0,0.00021311745246164253,1.0123283084506753,-0.00021311745246164253,0.00021311745246164253,hist_gradient_boosting,Histogram Gradient Boosting
2014-08-11,40,27,0,6.603491482256625e-05,1.0123283084506753,-6.603491482256625e-05,6.603491482256625e-05,hist_gradient_boosting,Histogram Gradient Boosting
2014-09-15,9,35,0,0.00015133982841803015,1.0123283084506753,-0.00015133982841803015,0.00015133982841803015,hist_gradient_boosting,Histogram Gradient Boosting
2014-09-09,45,27,0,0.0,1.0123283084506753,0.0,0.0,hist_gradient_boosting,Histogram Gradient Boosting
2014-08-05,37,84,0,0.0,1.0123283084506753,0.0,0.0,hist_gradient_boosting,Histogram Gradient Boosting
2014-09-28,7,107,0,0.00028047691594800797,1.0123283084506753,-0.00028047691594800797,0.00028047691594800797,hist_gradient_boosting,Histogram Gradient Boosting
2014-07-12,25,61,0,0.000601552091891893,1.0123283084506753,-0.000601552091891893,0.000601552091891893,hist_gradient_boosting,Histogram Gradient Boosting
2014-08-01,14,38,0,1.1966957711739868e-06,1.0123283084506753,-1.1966957711739868e-06,1.1966957711739868e-06,hist_gradient_boosting,Histogram Gradient Boosting
2014-07-11,15,54,0,0.00010530991656187603,1.0123283084506753,-0.00010530991656187603,0.00010530991656187603,hist_gradient_boosting,Histogram Gradient Boosting
2014-09-12,42,17,0,7.351217360612332e-05,1.0123283084506753,-7.351217360612332e-05,7.351217360612332e-05,hist_gradient_boosting,Histogram Gradient Boosting
2014-09-23,6,54,0,0.0,1.0123283084506753,0.0,0.0,hist_gradient_boosting,Histogram Gradient Boosting
2014-07-25,31,21,0,0.00018779868150139777,1.0123283084506753,-0.00018779868150139777,0.00018779868150139777,hist_gradient_boosting,Histogram Gradient Boosting
2014-09-11,20,97,0,0.0,1.0123283084506753,0.0,0.0,hist_gradient_boosting,Histogram Gradient Boosting
2014-09-09,21,80,0,0.0,1.0123283084506753,0.0,0.0,hist_gradient_boosting,Histogram Gradient Boosting
2014-09-15,36,78,0,0.00017370577067766697,1.0123283084506753,-0.00017370577067766697,0.00017370577067766697,hist_gradient_boosting,Histogram Gradient Boosting
2014-08-05,28,90,0,3.5048048212948944e-06,1.0123283084506753,-3.5048048212948944e-06,3.5048048212948944e-06,hist_gradient_boosting,Histogram Gradient Boosting
2014-07-17,12,92,0,0.00025789239214226106,1.0123283084506753,-0.00025789239214226106,0.00025789239214226106,hist_gradient_boosting,Histogram Gradient Boosting
2014-08-05,33,54,0,2.9718245623968948e-05,1.0123283084506753,-2.9718245623968948e-05,2.9718245623968948e-05,hist_gradient_boosting,Histogram Gradient Boosting
2014-07-18,22,103,0,0.00039586656550190386,1.0123283084506753,-0.00039586656550190386,0.00039586656550190386,hist_gradient_boosting,Histogram Gradient Boosting
2014-08-26,42,43,0,0.00019795588507447282,1.0123283084506753,-0.00019795588507447282,0.00019795588507447282,hist_gradient_boosting,Histogram Gradient Boosting
2014-08-30,38,56,0,0.000470212136066654,1.0123283084506753,-0.000470212136066654,0.000470212136066654,hist_gradient_boosting,Histogram Gradient Boosting
2014-10-19,44,68,46,43.4589334798314,38.693610763549806,2.5410665201685987,2.5410665201685987,hist_gradient_boosting,Histogram Gradient Boosting
2014-09-23,22,2,0,0.002530444340603383,1.0123283084506753,-0.002530444340603383,0.002530444340603383,hist_gradient_boosting,Histogram Gradient Boosting
2014-09-12,4,31,0,0.0001235399204026891,1.0123283084506753,-0.0001235399204026891,0.0001235399204026891,hist_gradient_boosting,Histogram Gradient Boosting
2014-10-23,29,43,0,0.0011741879778311708,1.0123283084506753,-0.0011741879778311708,0.0011741879778311708,hist_gradient_boosting,Histogram Gradient Boosting
2014-08-27,24,5,0,0.001093449600890601,1.0123283084506753,-0.001093449600890601,0.001093449600890601,hist_gradient_boosting,Histogram Gradient Boosting
2014-08-09,42,64,0,0.0002634778525146906,1.0123283084506753,-0.0002634778525146906,0.0002634778525146906,hist_gradient_boosting,Histogram Gradient Boosting
2014-09-19,25,71,0,0.00011272641301641633,1.0123283084506753,-0.00011272641301641633,0.00011272641301641633,hist_gradient_boosting,Histogram Gradient Boosting
2014-08-06,11,66,0,0.00023123738990021012,1.0123283084506753,-0.00023123738990021012,0.00023123738990021012,hist_gradient_boosting,Histogram Gradient Boosting
2014-07-23,22,29,0,0.0,1.0123283084506753,0.0,0.0,hist_gradient_boosting,Histogram Gradient Boosting
2014-07-08,13,32,0,0.0,1.0123283084506753,0.0,0.0,hist_gradient_boosting,Histogram Gradient Boosting
2014-09-11,16,6,0,0.0,1.0123283084506753,0.0,0.0,hist_gradient_boosting,Histogram Gradient Boosting
2014-09-06,7,60,0,0.00025895013819780274,1.0123283084506753,-0.00025895013819780274,0.00025895013819780274,hist_gradient_boosting,Histogram Gradient Boosting
2014-08-27,17,49,0,0.0,1.0123283084506753,0.0,0.0,hist_gradient_boosting,Histogram Gradient Boosting
2014-07-13,20,70,0,0.00023247508310827452,1.0123283084506753,-0.00023247508310827452,0.00023247508310827452,hist_gradient_boosting,Histogram Gradient Boosting
2014-10-04,1,40,0,0.6329659657828891,0.07361111268401146,-0.6329659657828891,0.6329659657828891,hist_gradient_boosting,Histogram Gradient Boosting
2014-08-13,28,103,0,0.00023584748225422472,1.0123283084506753,-0.00023584748225422472,0.00023584748225422472,hist_gradient_boosting,Histogram Gradient Boosting
2014-10-04,22,94,0,0.00028324146545899426,1.0123283084506753,-0.00028324146545899426,0.00028324146545899426,hist_gradient_boosting,Histogram Gradient Boosting
2014-07-04,43,16,35,41.300078359766594,34.758334159851074,-6.300078359766594,6.300078359766594,hist_gradient_boosting,Histogram Gradient Boosting
2014-08-24,44,70,0,0.0002802808482620353,1.0123283084506753,-0.0002802808482620353,0.0002802808482620353,hist_gradient_boosting,Histogram Gradient Boosting
2014-08-09,45,91,0,0.00017428197373124308,1.0123283084506753,-0.00017428197373124308,0.00017428197373124308,hist_gradient_boosting,Histogram Gradient Boosting
2014-10-26,18,78,0,0.00030722213397500704,1.0123283084506753,-0.00030722213397500704,0.00030722213397500704,hist_gradient_boosting,Histogram Gradient Boosting
2014-09-22,25,42,0,0.00019557496985160103,1.0123283084506753,-0.00019557496985160103,0.00019557496985160103,hist_gradient_boosting,Histogram Gradient Boosting
2014-09-27,40,54,0,0.0003327559743562107,1.0123283084506753,-0.0003327559743562107,0.0003327559743562107,hist_gradient_boosting,Histogram Gradient Boosting
2014-08-15,30,85,0,0.0001389427168832167,1.0123283084506753,-0.0001389427168832167,0.0001389427168832167,hist_gradient_boosting,Histogram Gradient Boosting
2014-09-16,30,42,0,0.0,1.0123283084506753,0.0,0.0,hist_gradient_boosting,Histogram Gradient Boosting
2014-08-31,40,84,0,0.0003065345901280382,1.0123283084506753,-0.0003065345901280382,0.0003065345901280382,hist_gradient_boosting,Histogram Gradient Boosting
2014-07-23,8,29,0,0.0,1.0123283084506753,0.0,0.0,hist_gradient_boosting,Histogram Gradient Boosting
2014-09-19,26,13,0,0.0,1.0123283084506753,0.0,0.0,hist_gradient_boosting,Histogram Gradient Boosting
2014-08-12,28,109,0,0.0,1.0123283084506753,0.0,0.0,hist_gradient_boosting,Histogram Gradient Boosting
2014-10-31,17,89,0,0.00010642484935567068,1.0123283084506753,-0.00010642484935567068,0.00010642484935567068,hist_gradient_boosting,Histogram Gradient Boosting
2014-10-23,25,76,0,2.269656900209198e-05,1.0123283084506753,-2.269656900209198e-05,2.269656900209198e-05,hist_gradient_boosting,Histogram Gradient Boosting
2014-09-18,3,104,0,0.0,1.0123283084506753,0.0,0.0,hist_gradient_boosting,Histogram Gradient Boosting
2014-08-03,23,21,0,0.0001156049337681038,1.0123283084506753,-0.0001156049337681038,0.0001156049337681038,hist_gradient_boosting,Histogram Gradient Boosting
2014-10-29,40,48,0,0.0,1.0123283084506753,0.0,0.0,hist_gradient_boosting,Histogram Gradient Boosting
2014-08-15,37,97,0,0.00042157950983596137,1.0123283084506753,-0.00042157950983596137,0.00042157950983596137,hist_gradient_boosting,Histogram Gradient Boosting
2014-09-06,34,8,0,5.9448194481434054e-05,1.0123283084506753,-5.9448194481434054e-05,5.9448194481434054e-05,hist_gradient_boosting,Histogram Gradient Boosting
2014-09-13,16,90,0,0.00026731275153411697,1.0123283084506753,-0.00026731275153411697,0.00026731275153411697,hist_gradient_boosting,Histogram Gradient Boosting
2014-10-15,37,37,0,0.0,1.0123283084506753,0.0,0.0,hist_gradient_boosting,Histogram Gradient Boosting
2014-08-30,27,81,0,0.0003065345901280382,1.0123283084506753,-0.0003065345901280382,0.0003065345901280382,hist_gradient_boosting,Histogram Gradient Boosting
2014-07-14,26,72,0,0.00014503557935640512,1.0123283084506753,-0.00014503557935640512,0.00014503557935640512,hist_gradient_boosting,Histogram Gradient Boosting
2014-08-23,17,104,0,0.0002607732496217823,1.0123283084506753,-0.0002607732496217823,0.0002607732496217823,hist_gradient_boosting,Histogram Gradient Boosting
2014-10-27,20,89,0,0.00020209059197246688,1.0123283084506753,-0.00020209059197246688,0.00020209059197246688,hist_gradient_boosting,Histogram Gradient Boosting
2014-08-22,37,97,0,0.000604176457910722,1.0123283084506753,-0.000604176457910722,0.000604176457910722,hist_gradient_boosting,Histogram Gradient Boosting
2014-07-19,27,60,0,0.0002418212486144687,1.0123283084506753,-0.0002418212486144687,0.0002418212486144687,hist_gradient_boosting,Histogram Gradient Boosting
2014-07-18,45,32,0,3.7969937912340677e-06,1.0123283084506753,-3.7969937912340677e-06,3.7969937912340677e-06,hist_gradient_boosting,Histogram Gradient Boosting
2014-10-24,6,31,0,0.00011272641301641633,1.0123283084506753,-0.00011272641301641633,0.00011272641301641633,hist_gradient_boosting,Histogram Gradient Boosting
2014-10-06,10,62,0,0.00016102646304623765,1.0123283084506753,-0.00016102646304623765,0.00016102646304623765,hist_gradient_boosting,Histogram Gradient Boosting
2014-10-19,43,16,34,47.21193468176829,53.149999427795414,-13.211934681768291,13.211934681768291,hist_gradient_boosting,Histogram Gradient Boosting
2014-10-02,28,97,0,0.0,1.0123283084506753,0.0,0.0,hist_gradient_boosting,Histogram Gradient Boosting
2014-07-22,30,73,0,0.0,1.0123283084506753,0.0,0.0,hist_gradient_boosting,Histogram Gradient Boosting
2014-10-14,39,13,0,0.0,1.0123283084506753,0.0,0.0,hist_gradient_boosting,Histogram Gradient Boosting
2014-08-18,6,81,0,0.00019557496985160103,1.0123283084506753,-0.00019557496985160103,0.00019557496985160103,hist_gradient_boosting,Histogram Gradient Boosting
2014-10-29,11,86,0,0.0,1.0123283084506753,0.0,0.0,hist_gradient_boosting,Histogram Gradient Boosting
2014-09-19,12,45,0,0.0002051722023560698,1.0123283084506753,-0.0002051722023560698,0.0002051722023560698,hist_gradient_boosting,Histogram Gradient Boosting
2014-07-06,29,46,0,0.00026353740154206213,1.0123283084506753,-0.00026353740154206213,0.00026353740154206213,hist_gradient_boosting,Histogram Gradient Boosting
2014-09-01,38,39,0,0.0004302925424664594,1.0123283084506753,-0.0004302925424664594,0.0004302925424664594,hist_gradient_boosting,Histogram Gradient Boosting
2014-08-29,40,111,0,0.00010621137304112551,1.0123283084506753,-0.00010621137304112551,0.00010621137304112551,hist_gradient_boosting,Histogram Gradient Boosting
2014-08-29,19,57,0,0.00028690630746070107,1.0123283084506753,-0.00028690630746070107,0.00028690630746070107,hist_gradient_boosting,Histogram Gradient Boosting
2014-09-02,30,73,0,0.0,1.0123283084506753,0.0,0.0,hist_gradient_boosting,Histogram Gradient Boosting
2014-07-16,23,80,0,0.0,1.0123283084506753,0.0,0.0,hist_gradient_boosting,Histogram Gradient Boosting
2014-10-17,9,2,0,0.0029287615897626972,1.0123283084506753,-0.0029287615897626972,0.0029287615897626972,hist_gradient_boosting,Histogram Gradient Boosting
2014-08-02,5,77,0,0.00019231124080777427,1.0123283084506753,-0.00019231124080777427,0.00019231124080777427,hist_gradient_boosting,Histogram Gradient Boosting
2014-07-01,39,87,0,0.0,1.0123283084506753,0.0,0.0,hist_gradient_boosting,Histogram Gradient Boosting
2014-08-27,9,73,0,0.0,1.0123283084506753,0.0,0.0,hist_gradient_boosting,Histogram Gradient Boosting
2014-09-28,23,6,0,0.00016396469811962488,1.0123283084506753,-0.00016396469811962488,0.00016396469811962488,hist_gradient_boosting,Histogram Gradient Boosting
2014-08-09,15,16,0,0.0016139848855156096,1.0123283084506753,-0.0016139848855156096,0.0016139848855156096,hist_gradient_boosting,Histogram Gradient Boosting
2014-10-22,23,80,0,0.0,1.0123283084506753,0.0,0.0,hist_gradient_boosting,Histogram Gradient Boosting
2014-07-30,8,98,0,0.0,1.0123283084506753,0.0,0.0,hist_gradient_boosting,Histogram Gradient Boosting
2014-07-24,13,76,0,0.0,1.0123283084506753,0.0,0.0,hist_gradient_boosting,Histogram Gradient Boosting
2014-08-19,34,7,0,0.0,1.0123283084506753,0.0,0.0,hist_gradient_boosting,Histogram Gradient Boosting
2014-09-03,45,90,0,3.5048048212948944e-06,1.0123283084506753,-3.5048048212948944e-06,3.5048048212948944e-06,hist_gradient_boosting,Histogram Gradient Boosting
2014-10-23,33,80,0,0.0,1.0123283084506753,0.0,0.0,hist_gradient_boosting,Histogram Gradient Boosting
2014-10-29,36,2,0,0.0,1.0123283084506753,0.0,0.0,hist_gradient_boosting,Histogram Gradient Boosting
2014-09-18,3,37,0,0.0,1.0123283084506753,0.0,0.0,hist_gradient_boosting,Histogram Gradient Boosting
2014-10-02,38,11,0,3.49176780485316e-05,1.0123283084506753,-3.49176780485316e-05,3.49176780485316e-05,hist_gradient_boosting,Histogram Gradient Boosting
2014-07-19,43,85,0,0.0002014014334552683,1.0123283084506753,-0.0002014014334552683,0.0002014014334552683,hist_gradient_boosting,Histogram Gradient Boosting
2014-07-24,20,83,0,6.07889383444324e-06,1.0123283084506753,-6.07889383444324e-06,6.07889383444324e-06,hist_gradient_boosting,Histogram Gradient Boosting
2014-08-04,8,67,0,0.00027323372028997844,1.0123283084506753,-0.00027323372028997844,0.00027323372028997844,hist_gradient_boosting,Histogram Gradient Boosting
2014-08-25,34,51,0,0.00011785292917285085,1.0123283084506753,-0.00011785292917285085,0.00011785292917285085,hist_gradient_boosting,Histogram Gradient Boosting
2014-09-26,14,107,0,1.7961966480299298e-05,1.0123283084506753,-1.7961966480299298e-05,1.7961966480299298e-05,hist_gradient_boosting,Histogram Gradient Boosting
2014-08-19,4,18,0,3.749184792092841e-05,1.0123283084506753,-3.749184792092841e-05,3.749184792092841e-05,hist_gradient_boosting,Histogram Gradient Boosting
2014-08-27,34,7,0,0.0,1.0123283084506753,0.0,0.0,hist_gradient_boosting,Histogram Gradient Boosting
2014-07-03,40,8,0,0.0,1.0123283084506753,0.0,0.0,hist_gradient_boosting,Histogram Gradient Boosting
2014-07-26,8,105,0,0.0005502952055705604,1.0123283084506753,-0.0005502952055705604,0.0005502952055705604,hist_gradient_boosting,Histogram Gradient Boosting
2014-09-05,25,30,0,0.00011183645043709759,1.0123283084506753,-0.00011183645043709759,0.00011183645043709759,hist_gradient_boosting,Histogram Gradient Boosting
2014-09-23,11,31,0,0.0,1.0123283084506753,0.0,0.0,hist_gradient_boosting,Histogram Gradient Boosting
2014-09-05,24,86,0,4.038381252123463e-05,1.0123283084506753,-4.038381252123463e-05,4.038381252123463e-05,hist_gradient_boosting,Histogram Gradient Boosting
2014-07-05,40,55,0,1.3124024818110884,0.44694443941116335,-1.3124024818110884,1.3124024818110884,hist_gradient_boosting,Histogram Gradient Boosting
2014-09-13,19,94,0,0.00021465264778222222,1.0123283084506753,-0.00021465264778222222,0.00021465264778222222,hist_gradient_boosting,Histogram Gradient Boosting
2014-08-30,37,78,0,0.00034286249650138654,1.0123283084506753,-0.00034286249650138654,0.00034286249650138654,hist_gradient_boosting,Histogram Gradient Boosting
2014-07-10,8,20,0,0.0,1.0123283084506753,0.0,0.0,hist_gradient_boosting,Histogram Gradient Boosting
2014-08-25,39,53,0,0.00013738400730781126,1.0123283084506753,-0.00013738400730781126,0.00013738400730781126,hist_gradient_boosting,Histogram Gradient Boosting
2014-10-14,45,95,0,0.0,1.0123283084506753,0.0,0.0,hist_gradient_boosting,Histogram Gradient Boosting
2014-09-24,24,44,0,0.001046711105119754,1.0123283084506753,-0.001046711105119754,0.001046711105119754,hist_gradient_boosting,Histogram Gradient Boosting
2014-08-29,14,25,8,9.398948917138235,11.2011109828949,-1.3989489171382345,1.3989489171382345,hist_gradient_boosting,Histogram Gradient Boosting
2014-10-10,25,92,0,0.0005419087904956552,1.0123283084506753,-0.0005419087904956552,0.0005419087904956552,hist_gradient_boosting,Histogram Gradient Boosting
2014-08-25,19,34,0,0.00013108228828317904,1.0123283084506753,-0.00013108228828317904,0.00013108228828317904,hist_gradient_boosting,Histogram Gradient Boosting
2014-08-16,20,16,0,0.0,1.0123283084506753,0.0,0.0,hist_gradient_boosting,Histogram Gradient Boosting
2014-07-25,34,36,0,0.003568224058938382,1.0123283084506753,-0.003568224058938382,0.003568224058938382,hist_gradient_boosting,Histogram Gradient Boosting
2014-07-03,16,101,0,2.1471458827233492e-05,1.0123283084506753,-2.1471458827233492e-05,2.1471458827233492e-05,hist_gradient_boosting,Histogram Gradient Boosting
2014-10-27,20,60,0,0.00020209059197246688,1.0123283084506753,-0.00020209059197246688,0.00020209059197246688,hist_gradient_boosting,Histogram Gradient Boosting
2014-09-01,28,105,0,0.0,1.0123283084506753,0.0,0.0,hist_gradient_boosting,Histogram Gradient Boosting
2014-09-02,40,81,0,3.5048048212948944e-06,1.0123283084506753,-3.5048048212948944e-06,3.5048048212948944e-06,hist_gradient_boosting,Histogram Gradient Boosting
2014-09-11,42,59,0,0.0,1.0123283084506753,0.0,0.0,hist_gradient_boosting,Histogram Gradient Boosting
2014-07-13,39,86,0,0.0001969211537501332,1.0123283084506753,-0.0001969211537501332,0.0001969211537501332,hist_gradient_boosting,Histogram Gradient Boosting
2014-07-05,10,2,0,0.0005644639786617358,1.0123283084506753,-0.0005644639786617358,0.0005644639786617358,hist_gradient_boosting,Histogram Gradient Boosting
2014-08-10,43,67,0,0.00026027054660735806,1.0123283084506753,-0.00026027054660735806,0.00026027054660735806,hist_gradient_boosting,Histogram Gradient Boosting
2014-09-26,26,45,29,31.179768208300843,39.83611087799072,-2.1797682083008425,2.1797682083008425,hist_gradient_boosting,Histogram Gradient Boosting
2014-08-02,45,4,1,0.9827780406133041,0.31166666448116304,0.017221959386695906,0.017221959386695906,hist_gradient_boosting,Histogram Gradient Boosting
2014-08-13,3,75,0,0.0,1.0123283084506753,0.0,0.0,hist_gradient_boosting,Histogram Gradient Boosting
2014-10-21,35,101,0,0.0,1.0123283084506753,0.0,0.0,hist_gradient_boosting,Histogram Gradient Boosting
2014-10-07,38,6,0,0.0,1.0123283084506753,0.0,0.0,hist_gradient_boosting,Histogram Gradient Boosting
2014-08-24,18,56,0,0.00025166108499431896,1.0123283084506753,-0.00025166108499431896,0.00025166108499431896,hist_gradient_boosting,Histogram Gradient Boosting
2014-08-08,36,20,0,0.00021271901269093676,1.0123283084506753,-0.00021271901269093676,0.00021271901269093676,hist_gradient_boosting,Histogram Gradient Boosting
2014-07-02,32,100,0,2.9718245623968948e-05,1.0123283084506753,-2.9718245623968948e-05,2.9718245623968948e-05,hist_gradient_boosting,Histogram Gradient Boosting
2014-10-02,6,96,0,6.113194228781246e-05,1.0123283084506753,-6.113194228781246e-05,6.113194228781246e-05,hist_gradient_boosting,Histogram Gradient Boosting
2014-09-11,8,73,0,0.0,1.0123283084506753,0.0,0.0,hist_gradient_boosting,Histogram Gradient Boosting
2014-10-27,26,9,0,0.0007589550413409084,1.0123283084506753,-0.0007589550413409084,0.0007589550413409084,hist_gradient_boosting,Histogram Gradient Boosting
2014-08-25,3,23,0,0.00020209059197246688,1.0123283084506753,-0.00020209059197246688,0.00020209059197246688,hist_gradient_boosting,Histogram Gradient Boosting
2014-08-24,8,30,0,0.0002014014334552683,1.0123283084506753,-0.0002014014334552683,0.0002014014334552683,hist_gradient_boosting,Histogram Gradient Boosting
2014-08-24,20,78,0,0.0002827341561896441,1.0123283084506753,-0.0002827341561896441,0.0002827341561896441,hist_gradient_boosting,Histogram Gradient Boosting
2014-08-06,37,15,0,0.0019552115423242663,1.0123283084506753,-0.0019552115423242663,0.0019552115423242663,hist_gradient_boosting,Histogram Gradient Boosting
2014-09-03,15,40,0,2.9718245623968948e-05,1.0123283084506753,-2.9718245623968948e-05,2.9718245623968948e-05,hist_gradient_boosting,Histogram Gradient Boosting
2014-08-24,15,84,0,0.0002418212486144687,1.0123283084506753,-0.0002418212486144687,0.0002418212486144687,hist_gradient_boosting,Histogram Gradient Boosting
2014-10-22,12,67,0,0.00022429370665736528,1.0123283084506753,-0.00022429370665736528,0.00022429370665736528,hist_gradient_boosting,Histogram Gradient Boosting
2014-09-29,39,9,19,4.2489140687300395,8.421944499015808,14.75108593126996,14.75108593126996,hist_gradient_boosting,Histogram Gradient Boosting
2014-09-22,20,44,0,0.0012014620896789723,1.0123283084506753,-0.0012014620896789723,0.0012014620896789723,hist_gradient_boosting,Histogram Gradient Boosting
2014-10-06,16,47,0,0.0002519538435125562,1.0123283084506753,-0.0002519538435125562,0.0002519538435125562,hist_gradient_boosting,Histogram Gradient Boosting
2014-07-19,27,41,0,0.00026804093648923966,1.0123283084506753,-0.00026804093648923966,0.00026804093648923966,hist_gradient_boosting,Histogram Gradient Boosting
2014-08-11,27,92,0,0.00047259642153236797,1.0123283084506753,-0.00047259642153236797,0.00047259642153236797,hist_gradient_boosting,Histogram Gradient Boosting
2014-10-17,21,80,0,0.00015065800426942985,1.0123283084506753,-0.00015065800426942985,0.00015065800426942985,hist_gradient_boosting,Histogram Gradient Boosting
2014-08-11,33,47,0,0.00023912399547480471,1.0123283084506753,-0.00023912399547480471,0.00023912399547480471,hist_gradient_boosting,Histogram Gradient Boosting
2014-08-26,14,102,0,0.0,1.0123283084506753,0.0,0.0,hist_gradient_boosting,Histogram Gradient Boosting
2014-09-15,33,7,0,0.00019557496985160103,1.0123283084506753,-0.00019557496985160103,0.00019557496985160103,hist_gradient_boosting,Histogram Gradient Boosting
2014-08-05,29,104,0,0.0001248053158257766,1.0123283084506753,-0.0001248053158257766,0.0001248053158257766,hist_gradient_boosting,Histogram Gradient Boosting
2014-10-09,14,111,0,0.0,1.0123283084506753,0.0,0.0,hist_gradient_boosting,Histogram Gradient Boosting
2014-10-26,24,100,0,0.0002661121598999148,1.0123283084506753,-0.0002661121598999148,0.0002661121598999148,hist_gradient_boosting,Histogram Gradient Boosting
2014-09-24,43,103,0,0.0,1.0123283084506753,0.0,0.0,hist_gradient_boosting,Histogram Gradient Boosting
2014-08-06,10,25,0,0.0001248053158257766,1.0123283084506753,-0.0001248053158257766,0.0001248053158257766,hist_gradient_boosting,Histogram Gradient Boosting
2014-10-18,12,16,32,37.18591461127175,40.32666702270508,-5.185914611271748,5.185914611271748,hist_gradient_boosting,Histogram Gradient Boosting
2014-10-10,12,84,0,4.539187660317272e-05,1.0123283084506753,-4.539187660317272e-05,4.539187660317272e-05,hist_gradient_boosting,Histogram Gradient Boosting
2014-08-06,7,24,0,2.9718245623968948e-05,1.0123283084506753,-2.9718245623968948e-05,2.9718245623968948e-05,hist_gradient_boosting,Histogram Gradient Boosting
2014-08-20,42,52,0,0.0,1.0123283084506753,0.0,0.0,hist_gradient_boosting,Histogram Gradient Boosting
2014-10-27,20,30,0,0.00022830923837367206,1.0123283084506753,-0.00022830923837367206,0.00022830923837367206,hist_gradient_boosting,Histogram Gradient Boosting
2014-08-25,5,107,0,0.0002342288499365678,1.0123283084506753,-0.0002342288499365678,0.0002342288499365678,hist_gradient_boosting,Histogram Gradient Boosting
2014-10-02,20,75,0,4.1432253591877504e-05,1.0123283084506753,-4.1432253591877504e-05,4.1432253591877504e-05,hist_gradient_boosting,Histogram Gradient Boosting
2014-10-29,33,18,0,0.0,1.0123283084506753,0.0,0.0,hist_gradient_boosting,Histogram Gradient Boosting
2014-08-29,40,9,0,0.001832252694302392,1.0123283084506753,-0.001832252694302392,0.001832252694302392,hist_gradient_boosting,Histogram Gradient Boosting
2014-07-20,45,9,66,8.472872977706944,8.193333339691163,57.52712702229306,57.52712702229306,hist_gradient_boosting,Histogram Gradient Boosting
2014-09-02,28,4,0,4.768537059607811e-05,1.0123283084506753,-4.768537059607811e-05,4.768537059607811e-05,hist_gradient_boosting,Histogram Gradient Boosting
2014-08-17,12,50,0,0.0003245066885462012,1.0123283084506753,-0.0003245066885462012,0.0003245066885462012,hist_gradient_boosting,Histogram Gradient Boosting
2014-07-14,45,82,0,0.00043773513288741946,1.0123283084506753,-0.00043773513288741946,0.00043773513288741946,hist_gradient_boosting,Histogram Gradient Boosting
2014-08-03,31,66,0,0.00045761269432173404,1.0123283084506753,-0.00045761269432173404,0.00045761269432173404,hist_gradient_boosting,Histogram Gradient Boosting
2014-10-02,7,111,0,3.5048048212948944e-06,1.0123283084506753,-3.5048048212948944e-06,3.5048048212948944e-06,hist_gradient_boosting,Histogram Gradient Boosting
2014-08-27,28,6,0,0.0,1.0123283084506753,0.0,0.0,hist_gradient_boosting,Histogram Gradient Boosting
2014-09-05,32,27,0,8.562085709769246e-05,1.0123283084506753,-8.562085709769246e-05,8.562085709769246e-05,hist_gradient_boosting,Histogram Gradient Boosting
2014-09-17,4,89,0,0.0,1.0123283084506753,0.0,0.0,hist_gradient_boosting,Histogram Gradient Boosting
2014-07-19,33,94,0,0.00022588742012967877,1.0123283084506753,-0.00022588742012967877,0.00022588742012967877,hist_gradient_boosting,Histogram Gradient Boosting
2014-08-30,19,81,0,0.0002867820187417308,1.0123283084506753,-0.0002867820187417308,0.0002867820187417308,hist_gradient_boosting,Histogram Gradient Boosting
2014-10-10,42,11,0,0.0001415087310304594,1.0123283084506753,-0.0001415087310304594,0.0001415087310304594,hist_gradient_boosting,Histogram Gradient Boosting
2014-08-09,19,110,0,0.0003648536866720408,1.0123283084506753,-0.0003648536866720408,0.0003648536866720408,hist_gradient_boosting,Histogram Gradient Boosting
2014-07-31,13,55,0,0.0,1.0123283084506753,0.0,0.0,hist_gradient_boosting,Histogram Gradient Boosting
2014-07-05,8,97,0,5.2304300872239604e-05,1.0123283084506753,-5.2304300872239604e-05,5.2304300872239604e-05,hist_gradient_boosting,Histogram Gradient Boosting
2014-09-15,29,23,0,0.00019557496985160103,1.0123283084506753,-0.00019557496985160103,0.00019557496985160103,hist_gradient_boosting,Histogram Gradient Boosting
2014-10-26,30,16,13,18.083398929061676,19.00777750015259,-5.083398929061676,5.083398929061676,hist_gradient_boosting,Histogram Gradient Boosting
2014-08-15,29,49,0,0.00011272641301641633,1.0123283084506753,-0.00011272641301641633,0.00011272641301641633,hist_gradient_boosting,Histogram Gradient Boosting
2014-07-15,45,41,0,3.056009880679307e-05,1.0123283084506753,-3.056009880679307e-05,3.056009880679307e-05,hist_gradient_boosting,Histogram Gradient Boosting
2014-09-25,12,35,0,1.7792624899025665e-05,1.0123283084506753,-1.7792624899025665e-05,1.7792624899025665e-05,hist_gradient_boosting,Histogram Gradient Boosting
2014-08-11,36,96,0,0.00021535681780297393,1.0123283084506753,-0.00021535681780297393,0.00021535681780297393,hist_gradient_boosting,Histogram Gradient Boosting
2014-08-27,18,92,0,0.00021923759758376747,1.0123283084506753,-0.00021923759758376747,0.00021923759758376747,hist_gradient_boosting,Histogram Gradient Boosting
2014-07-23,22,74,0,0.00017127028046032717,1.0123283084506753,-0.00017127028046032717,0.00017127028046032717,hist_gradient_boosting,Histogram Gradient Boosting
2014-10-09,43,40,0,0.0,1.0123283084506753,0.0,0.0,hist_gradient_boosting,Histogram Gradient Boosting
2014-10-21,2,49,0,4.346635936906237e-06,1.0123283084506753,-4.346635936906237e-06,4.346635936906237e-06,hist_gradient_boosting,Histogram Gradient Boosting
2014-09-26,2,77,0,0.00011272641301641633,1.0123283084506753,-0.00011272641301641633,0.00011272641301641633,hist_gradient_boosting,Histogram Gradient Boosting
2014-08-26,18,10,0,0.0,1.0123283084506753,0.0,0.0,hist_gradient_boosting,Histogram Gradient Boosting
2014-09-20,26,18,0,0.00022588742012967877,1.0123283084506753,-0.00022588742012967877,0.00022588742012967877,hist_gradient_boosting,Histogram Gradient Boosting
2014-10-16,41,75,0,0.0,1.0123283084506753,0.0,0.0,hist_gradient_boosting,Histogram Gradient Boosting
2014-10-20,9,87,0,0.00018157048792077533,1.0123283084506753,-0.00018157048792077533,0.00018157048792077533,hist_gradient_boosting,Histogram Gradient Boosting
2014-10-12,39,84,0,0.00016603399478369197,1.0123283084506753,-0.00016603399478369197,0.00016603399478369197,hist_gradient_boosting,Histogram Gradient Boosting
2014-10-23,10,17,0,0.0,1.0123283084506753,0.0,0.0,hist_gradient_boosting,Histogram Gradient Boosting
2014-09-02,10,3,0,0.0,1.0123283084506753,0.0,0.0,hist_gradient_boosting,Histogram Gradient Boosting
2014-09-25,40,96,0,6.07889383444324e-06,1.0123283084506753,-6.07889383444324e-06,6.07889383444324e-06,hist_gradient_boosting,Histogram Gradient Boosting
2014-10-20,2,100,0,0.00016360095753273455,1.0123283084506753,-0.00016360095753273455,0.00016360095753273455,hist_gradient_boosting,Histogram Gradient Boosting
2014-09-07,45,2,0,0.0,1.0123283084506753,0.0,0.0,hist_gradient_boosting,Histogram Gradient Boosting
2014-08-26,25,23,0,0.0,1.0123283084506753,0.0,0.0,hist_gradient_boosting,Histogram Gradient Boosting
2014-08-18,31,71,0,0.00020209059197246688,1.0123283084506753,-0.00020209059197246688,0.00020209059197246688,hist_gradient_boosting,Histogram Gradient Boosting
2014-08-31,43,17,0,0.00017518349237925345,1.0123283084506753,-0.00017518349237925345,0.00017518349237925345,hist_gradient_boosting,Histogram Gradient Boosting
2014-09-28,9,7,0,0.00019966883721077617,1.0123283084506753,-0.00019966883721077617,0.00019966883721077617,hist_gradient_boosting,Histogram Gradient Boosting
2014-10-20,37,97,0,0.000497127172634539,1.0123283084506753,-0.000497127172634539,0.000497127172634539,hist_gradient_boosting,Histogram Gradient Boosting
2014-08-25,34,2,0,0.000462608801547055,1.0123283084506753,-0.000462608801547055,0.000462608801547055,hist_gradient_boosting,Histogram Gradient Boosting
2014-10-02,30,43,0,0.0,1.0123283084506753,0.0,0.0,hist_gradient_boosting,Histogram Gradient Boosting
2014-07-09,13,87,0,0.0,1.0123283084506753,0.0,0.0,hist_gradient_boosting,Histogram Gradient Boosting
2014-07-06,30,56,0,8.60071515255813e-05,1.0123283084506753,-8.60071515255813e-05,8.60071515255813e-05,hist_gradient_boosting,Histogram Gradient Boosting
2014-08-28,36,74,0,0.00017127028046032717,1.0123283084506753,-0.00017127028046032717,0.00017127028046032717,hist_gradient_boosting,Histogram Gradient Boosting
2014-07-28,5,38,0,0.00022830923837367206,1.0123283084506753,-0.00022830923837367206,0.00022830923837367206,hist_gradient_boosting,Histogram Gradient Boosting
2014-10-30,41,58,0,0.0,1.0123283084506753,0.0,0.0,hist_gradient_boosting,Histogram Gradient Boosting
2014-07-04,24,106,0,9.213576293919532e-05,1.0123283084506753,-9.213576293919532e-05,9.213576293919532e-05,hist_gradient_boosting,Histogram Gradient Boosting
2014-08-24,20,101,0,0.00023989252258351228,1.0123283084506753,-0.00023989252258351228,0.00023989252258351228,hist_gradient_boosting,Histogram Gradient Boosting
2014-07-07,13,53,0,0.0002257345773233129,1.0123283084506753,-0.0002257345773233129,0.0002257345773233129,hist_gradient_boosting,Histogram Gradient Boosting
2014-08-03,42,95,0,0.0,1.0123283084506753,0.0,0.0,hist_gradient_boosting,Histogram Gradient Boosting
2014-09-11,34,25,0,0.0,1.0123283084506753,0.0,0.0,hist_gradient_boosting,Histogram Gradient Boosting
2014-07-31,39,1,0,0.00012367083339078375,1.0123283084506753,-0.00012367083339078375,0.00012367083339078375,hist_gradient_boosting,Histogram Gradient Boosting
2014-10-28,16,2,0,0.0,1.0123283084506753,0.0,0.0,hist_gradient_boosting,Histogram Gradient Boosting
2014-07-21,18,34,0,0.00020209059197246688,1.0123283084506753,-0.00020209059197246688,0.00020209059197246688,hist_gradient_boosting,Histogram Gradient Boosting
2014-10-08,43,91,0,0.0,1.0123283084506753,0.0,0.0,hist_gradient_boosting,Histogram Gradient Boosting
2014-07-04,18,80,0,2.74362916384499e-05,1.0123283084506753,-2.74362916384499e-05,2.74362916384499e-05,hist_gradient_boosting,Histogram Gradient Boosting
2014-08-21,45,62,0,0.0,1.0123283084506753,0.0,0.0,hist_gradient_boosting,Histogram Gradient Boosting
2014-10-28,23,102,0,0.0,1.0123283084506753,0.0,0.0,hist_gradient_boosting,Histogram Gradient Boosting
2014-09-19,14,96,0,0.00010887634056107957,1.0123283084506753,-0.00010887634056107957,0.00010887634056107957,hist_gradient_boosting,Histogram Gradient Boosting
2014-10-05,43,96,0,0.0002629812537257561,1.0123283084506753,-0.0002629812537257561,0.0002629812537257561,hist_gradient_boosting,Histogram Gradient Boosting
2014-07-18,40,73,0,0.00011272641301641633,1.0123283084506753,-0.00011272641301641633,0.00011272641301641633,hist_gradient_boosting,Histogram Gradient Boosting
2014-09-11,3,18,0,0.0,1.0123283084506753,0.0,0.0,hist_gradient_boosting,Histogram Gradient Boosting
2014-10-19,24,94,0,0.0002661121598999148,1.0123283084506753,-0.0002661121598999148,0.0002661121598999148,hist_gradient_boosting,Histogram Gradient Boosting
2014-09-30,45,30,0,3.821085359683278e-05,1.0123283084506753,-3.821085359683278e-05,3.821085359683278e-05,hist_gradient_boosting,Histogram Gradient Boosting
2014-08-09,37,96,0,0.00029911665645785166,1.0123283084506753,-0.00029911665645785166,0.00029911665645785166,hist_gradient_boosting,Histogram Gradient Boosting
2014-10-20,6,105,0,0.00044775487900797873,1.0123283084506753,-0.00044775487900797873,0.00044775487900797873,hist_gradient_boosting,Histogram Gradient Boosting
2014-07-26,4,69,0,0.0002643794515604371,1.0123283084506753,-0.0002643794515604371,0.0002643794515604371,hist_gradient_boosting,Histogram Gradient Boosting
2014-09-11,4,103,0,0.0,1.0123283084506753,0.0,0.0,hist_gradient_boosting,Histogram Gradient Boosting
2014-09-16,2,19,0,0.0,1.0123283084506753,0.0,0.0,hist_gradient_boosting,Histogram Gradient Boosting
2014-10-17,20,60,0,0.00012689292868187115,1.0123283084506753,-0.00012689292868187115,0.00012689292868187115,hist_gradient_boosting,Histogram Gradient Boosting
2014-09-02,39,54,0,4.768537059607811e-05,1.0123283084506753,-4.768537059607811e-05,4.768537059607811e-05,hist_gradient_boosting,Histogram Gradient Boosting
2014-10-10,10,52,0,4.539187660317272e-05,1.0123283084506753,-4.539187660317272e-05,4.539187660317272e-05,hist_gradient_boosting,Histogram Gradient Boosting
2014-08-24,36,56,0,0.00025166108499431896,1.0123283084506753,-0.00025166108499431896,0.00025166108499431896,hist_gradient_boosting,Histogram Gradient Boosting
2014-08-29,22,94,0,0.0001389427168832167,1.0123283084506753,-0.0001389427168832167,0.0001389427168832167,hist_gradient_boosting,Histogram Gradient Boosting
2014-08-10,30,1,0,0.0004289847860694635,1.0123283084506753,-0.0004289847860694635,0.0004289847860694635,hist_gradient_boosting,Histogram Gradient Boosting
2014-10-29,39,30,0,0.0,1.0123283084506753,0.0,0.0,hist_gradient_boosting,Histogram Gradient Boosting
2014-09-30,4,104,0,0.0,1.0123283084506753,0.0,0.0,hist_gradient_boosting,Histogram Gradient Boosting
2014-09-14,33,50,0,0.0002201412671460175,1.0123283084506753,-0.0002201412671460175,0.0002201412671460175,hist_gradient_boosting,Histogram Gradient Boosting
2014-08-08,12,74,0,0.00021232237251797562,1.0123283084506753,-0.00021232237251797562,0.00021232237251797562,hist_gradient_boosting,Histogram Gradient Boosting
2014-09-23,14,53,0,0.0,1.0123283084506753,0.0,0.0,hist_gradient_boosting,Histogram Gradient Boosting
2014-10-16,13,55,0,0.0,1.0123283084506753,0.0,0.0,hist_gradient_boosting,Histogram Gradient Boosting
2014-10-22,43,48,0,0.0,1.0123283084506753,0.0,0.0,hist_gradient_boosting,Histogram Gradient Boosting
2014-08-27,6,38,0,6.07889383444324e-06,1.0123283084506753,-6.07889383444324e-06,6.07889383444324e-06,hist_gradient_boosting,Histogram Gradient Boosting
2014-08-27,12,5,0,0.0013593990091510326,1.0123283084506753,-0.0013593990091510326,0.0013593990091510326,hist_gradient_boosting,Histogram Gradient Boosting
2014-08-15,18,16,0,0.0,1.0123283084506753,0.0,0.0,hist_gradient_boosting,Histogram Gradient Boosting
2014-09-08,21,38,0,0.00020118904907145323,1.0123283084506753,-0.00020118904907145323,0.00020118904907145323,hist_gradient_boosting,Histogram Gradient Boosting
2014-10-17,11,92,0,0.0,1.0123283084506753,0.0,0.0,hist_gradient_boosting,Histogram Gradient Boosting
2014-10-27,13,39,0,0.00022657659551820575,1.0123283084506753,-0.00022657659551820575,0.00022657659551820575,hist_gradient_boosting,Histogram Gradient Boosting
2014-07-06,27,73,0,0.0003546701837875891,1.0123283084506753,-0.0003546701837875891,0.0003546701837875891,hist_gradient_boosting,Histogram Gradient Boosting
2014-08-09,13,83,0,0.0002634778525146906,1.0123283084506753,-0.0002634778525146906,0.0002634778525146906,hist_gradient_boosting,Histogram Gradient Boosting
2014-10-17,45,95,0,0.0006236586909710852,1.0123283084506753,-0.0006236586909710852,0.0006236586909710852,hist_gradient_boosting,Histogram Gradient Boosting
2014-10-11,4,3,0,0.0001400825509921314,1.0123283084506753,-0.0001400825509921314,0.0001400825509921314,hist_gradient_boosting,Histogram Gradient Boosting
2014-08-29,6,56,0,0.0008875554619981491,1.0123283084506753,-0.0008875554619981491,0.0008875554619981491,hist_gradient_boosting,Histogram Gradient Boosting
2014-08-04,30,84,0,0.00016867821597193536,1.0123283084506753,-0.00016867821597193536,0.00016867821597193536,hist_gradient_boosting,Histogram Gradient Boosting
2014-08-30,24,57,0,0.0005552172483986161,1.0123283084506753,-0.0005552172483986161,0.0005552172483986161,hist_gradient_boosting,Histogram Gradient Boosting
2014-09-29,32,52,0,0.00023350970332799674,1.0123283084506753,-0.00023350970332799674,0.00023350970332799674,hist_gradient_boosting,Histogram Gradient Boosting
2014-08-31,11,41,0,0.0003327559743562107,1.0123283084506753,-0.0003327559743562107,0.0003327559743562107,hist_gradient_boosting,Histogram Gradient Boosting
2014-08-16,29,67,0,0.000534940253944483,1.0123283084506753,-0.000534940253944483,0.000534940253944483,hist_gradient_boosting,Histogram Gradient Boosting
2014-10-29,38,2,0,0.0,1.0123283084506753,0.0,0.0,hist_gradient_boosting,Histogram Gradient Boosting
2014-09-21,3,6,0,0.0003094834245339597,1.0123283084506753,-0.0003094834245339597,0.0003094834245339597,hist_gradient_boosting,Histogram Gradient Boosting
2014-09-08,30,38,0,0.00020118904907145323,1.0123283084506753,-0.00020118904907145323,0.00020118904907145323,hist_gradient_boosting,Histogram Gradient Boosting
2014-09-09,25,90,0,8.644567098599414e-06,1.0123283084506753,-8.644567098599414e-06,8.644567098599414e-06,hist_gradient_boosting,Histogram Gradient Boosting
2014-10-12,2,46,0,0.0002307424330365346,1.0123283084506753,-0.0002307424330365346,0.0002307424330365346,hist_gradient_boosting,Histogram Gradient Boosting
2014-07-05,23,19,0,0.00021929925436856075,1.0123283084506753,-0.00021929925436856075,0.00021929925436856075,hist_gradient_boosting,Histogram Gradient Boosting
2014-10-15,27,9,18,26.37187146098064,26.395833015441895,-8.371871460980639,8.371871460980639,hist_gradient_boosting,Histogram Gradient Boosting
